Day Month Year Tmin(C) Tmax(C) Prcp(mm) Et0(mm)
1 1 1990 10.32 27.64 0.29 4.02
2 1 1990 10.01 27.8 0.0 4.91
3 1 1990 10.31 28.94 0.0 4.91
4 1 1990 12.43 30.05 0.0 3.81
5 1 1990 14.08 30.37 0.0 4.92
6 1 1990 13.61 31.44 0.0 5.13
7 1 1990 11.91 30.58 0.01 4.38
8 1 1990 11.4 30.31 0.5 4.11
9 1 1990 11.09 29.76 0.0 4.19
10 1 1990 10.49 29.98 0.0 4.24
11 1 1990 10.62 30.97 0.0 4.21
12 1 1990 12.19 33.01 0.0 3.67
13 1 1990 14.33 32.81 0.0 4.99
14 1 1990 13.8 31.76 0.0 4.45
15 1 1990 12.09 30.03 0.0 4.49
16 1 1990 11.45 31.12 0.0 4.29
17 1 1990 11.76 32.64 0.0 4.66
18 1 1990 13.69 32.94 0.0 4.18
19 1 1990 12.45 32.43 0.0 5.36
20 1 1990 12.21 32.27 0.0 4.95
21 1 1990 13.58 32.73 0.0 4.04
22 1 1990 13.39 33.37 0.0 4.35
23 1 1990 14.41 34.03 0.0 4.55
24 1 1990 14.16 33.64 0.0 5.26
25 1 1990 13.35 34.39 0.0 5.24
26 1 1990 14.2 34.28 0.0 5.3
27 1 1990 16.08 33.51 0.0 5.83
28 1 1990 15.33 32.15 0.0 5.21
29 1 1990 12.73 31.78 0.0 5.52
30 1 1990 12.73 32.56 0.0 5.21
31 1 1990 14.86 32.53 0.0 5.66
1 2 1990 12.96 29.63 0.0 4.7
2 2 1990 10.91 29.05 0.0 5.29
3 2 1990 10.35 31.31 0.0 5.68
4 2 1990 11.28 31.73 0.0 5.53
5 2 1990 14.22 32.51 0.0 4.84
6 2 1990 14.85 34.58 0.0 4.78
7 2 1990 16.69 33.94 0.0 5.08
8 2 1990 19.9 31.4 0.0 3.97
9 2 1990 17.84 32.37 0.0 3.41
10 2 1990 18.12 32.3 1.5 4.69
11 2 1990 17.5 33.37 1.06 5.1
12 2 1990 20.53 34.69 0.13 4.34
13 2 1990 17.54 27.45 2.25 3.61
14 2 1990 13.37 28.91 0.0 4.21
15 2 1990 10.71 28.46 0.55 4.68
16 2 1990 10.45 28.81 0.0 4.67
17 2 1990 10.62 29.14 0.0 6.12
18 2 1990 10.05 27.3 0.0 4.66
19 2 1990 10.14 26.6 2.38 4.26
20 2 1990 10.65 27.87 0.0 4.38
21 2 1990 11.52 28.98 0.0 4.4
22 2 1990 11.92 29.89 0.0 4.33
23 2 1990 14.99 30.55 0.05 4.47
24 2 1990 15.23 30.08 0.16 5.07
25 2 1990 14.57 29.69 1.4 5.59
26 2 1990 13.85 30.91 0.13 5.29
27 2 1990 16.39 29.59 0.05 3.7
28 2 1990 14.82 28.85 0.9 5.16
1 3 1990 11.29 29.35 1.83 5.43
2 3 1990 10.44 28.1 0.04 5.6
3 3 1990 11.13 30.16 0.0 5.61
4 3 1990 10.96 32.08 0.0 5.88
5 3 1990 11.8 31.48 0.0 5.52
6 3 1990 13.2 31.44 0.0 7.47
7 3 1990 12.39 32.47 0.0 6.03
8 3 1990 12.82 34.33 0.0 5.81
9 3 1990 13.94 34.8 0.0 5.61
10 3 1990 15.05 35.61 0.0 6.59
11 3 1990 16.53 36.49 0.0 6.73
12 3 1990 15.8 35.12 0.0 7.24
13 3 1990 14.23 34.97 0.0 6.38
14 3 1990 15.64 37.14 0.0 5.96
15 3 1990 17.51 37.62 0.0 5.98
16 3 1990 19.4 38.03 0.0 5.7
17 3 1990 20.09 38.42 0.0 6.54
18 3 1990 20.78 39.25 0.0 7.41
19 3 1990 20.83 39.51 0.0 9.23
20 3 1990 19.95 36.53 0.0 8.6
21 3 1990 19.79 36.58 0.0 8.95
22 3 1990 19.22 34.98 0.0 8.68
23 3 1990 16.15 33.3 0.0 9.04
24 3 1990 11.83 32.46 0.0 6.0
25 3 1990 12.76 33.85 0.0 6.32
26 3 1990 16.44 33.64 0.0 6.87
27 3 1990 21.29 32.06 0.0 6.54
28 3 1990 20.49 33.48 0.09 6.34
29 3 1990 17.83 34.69 0.03 7.92
30 3 1990 18.46 35.04 0.0 7.05
31 3 1990 17.18 34.0 0.0 7.11
1 4 1990 17.34 35.43 0.0 8.08
2 4 1990 19.19 35.9 0.0 8.41
3 4 1990 18.16 37.18 0.0 7.49
4 4 1990 19.04 38.22 0.0 6.8
5 4 1990 19.92 39.81 0.0 6.38
6 4 1990 20.58 39.15 0.0 8.08
7 4 1990 21.85 38.94 0.0 8.35
8 4 1990 21.57 39.11 0.02 9.7
9 4 1990 18.58 38.38 0.0 6.45
10 4 1990 20.02 39.79 0.0 8.03
11 4 1990 21.05 40.66 0.0 8.69
12 4 1990 22.52 39.9 0.0 9.26
13 4 1990 24.12 39.81 0.0 8.66
14 4 1990 21.88 40.3 0.0 7.88
15 4 1990 20.73 40.89 0.0 7.63
16 4 1990 22.91 41.35 0.0 8.58
17 4 1990 22.6 42.29 0.0 8.56
18 4 1990 23.64 42.0 0.0 10.83
19 4 1990 23.74 41.87 0.0 10.78
20 4 1990 24.12 41.53 0.0 11.17
21 4 1990 21.27 40.45 0.0 10.25
22 4 1990 22.43 39.92 0.0 9.26
23 4 1990 22.83 41.62 0.0 9.47
24 4 1990 25.51 42.98 0.0 9.59
25 4 1990 24.45 42.97 0.0 9.34
26 4 1990 24.52 41.49 0.0 9.68
27 4 1990 24.52 42.99 0.0 10.2
28 4 1990 25.31 43.98 0.0 10.22
29 4 1990 25.02 42.81 0.0 9.45
30 4 1990 25.03 43.48 0.0 9.71
1 5 1990 25.13 40.66 0.0 9.42
2 5 1990 24.65 41.42 0.0 9.1
3 5 1990 25.68 41.72 0.18 8.73
4 5 1990 27.63 41.75 0.95 9.9
5 5 1990 26.94 42.9 0.28 8.63
6 5 1990 27.58 42.9 0.53 7.59
7 5 1990 29.87 43.3 0.0 8.91
8 5 1990 30.07 43.88 0.0 9.16
9 5 1990 30.87 44.87 0.0 9.27
10 5 1990 29.34 45.29 0.0 10.54
11 5 1990 30.58 43.19 2.95 8.6
12 5 1990 28.33 42.31 0.04 7.7
13 5 1990 30.4 42.87 0.04 9.47
14 5 1990 29.16 43.06 0.0 13.1
15 5 1990 27.58 41.64 1.16 11.69
16 5 1990 27.1 42.11 0.45 12.17
17 5 1990 26.87 41.29 0.0 11.39
18 5 1990 26.95 41.32 0.0 10.31
19 5 1990 26.69 41.18 0.0 10.65
20 5 1990 27.01 40.97 0.0 10.41
21 5 1990 26.44 41.08 0.0 10.55
22 5 1990 26.56 42.08 0.0 9.77
23 5 1990 26.61 41.97 0.0 10.6
24 5 1990 28.44 42.72 0.0 10.88
25 5 1990 28.84 43.6 0.0 11.11
26 5 1990 29.8 44.51 0.0 11.88
27 5 1990 30.7 42.65 0.46 12.44
28 5 1990 28.94 40.53 3.01 11.0
29 5 1990 27.93 39.65 3.69 9.17
30 5 1990 27.04 35.43 4.63 6.08
31 5 1990 26.26 34.37 15.29 5.72
1 6 1990 25.32 31.83 7.56 3.81
2 6 1990 24.64 36.33 0.17 4.93
3 6 1990 25.23 36.44 0.05 7.77
4 6 1990 25.58 39.42 0.05 8.6
5 6 1990 24.98 39.3 0.06 9.11
6 6 1990 24.55 37.98 0.09 8.6
7 6 1990 25.2 38.98 0.05 8.69
8 6 1990 25.04 40.31 1.58 8.11
9 6 1990 25.87 39.51 0.5 7.71
10 6 1990 27.17 39.51 0.01 9.19
11 6 1990 26.88 40.15 0.56 9.31
12 6 1990 27.23 40.24 0.51 9.22
13 6 1990 27.53 40.37 1.42 9.15
14 6 1990 27.46 41.4 0.02 9.1
15 6 1990 29.26 43.62 0.0 8.44
16 6 1990 30.83 43.85 2.09 11.42
17 6 1990 28.9 43.15 0.12 9.2
18 6 1990 29.5 41.73 0.83 11.61
19 6 1990 28.33 41.33 1.95 10.43
20 6 1990 26.77 39.26 11.45 8.82
21 6 1990 26.4 38.48 9.47 8.46
22 6 1990 25.88 38.01 0.14 8.14
23 6 1990 26.15 38.21 0.25 8.82
24 6 1990 26.69 38.24 0.31 8.8
25 6 1990 27.16 38.44 0.09 8.91
26 6 1990 27.02 38.55 0.13 7.36
27 6 1990 27.19 40.23 0.01 8.6
28 6 1990 27.13 33.64 1.49 5.52
29 6 1990 26.54 33.33 5.77 2.95
30 6 1990 25.44 29.51 33.13 2.6
1 7 1990 24.78 35.99 6.87 6.21
2 7 1990 25.44 31.32 7.5 4.7
3 7 1990 24.58 29.08 24.0 2.4
4 7 1990 24.72 31.1 18.39 2.99
5 7 1990 24.55 28.96 10.82 2.83
6 7 1990 24.25 31.73 1.8 3.92
7 7 1990 24.06 32.89 2.61 3.78
8 7 1990 24.3 33.83 1.1 5.57
9 7 1990 24.18 31.87 1.13 5.1
10 7 1990 24.27 34.05 0.44 4.19
11 7 1990 24.44 34.73 0.88 6.1
12 7 1990 24.14 34.86 0.3 6.57
13 7 1990 24.3 32.76 8.86 5.78
14 7 1990 23.87 34.9 0.74 6.12
15 7 1990 24.73 33.36 0.03 5.03
16 7 1990 24.55 31.73 17.02 2.77
17 7 1990 24.09 31.69 18.45 2.1
18 7 1990 24.23 31.58 3.36 4.58
19 7 1990 24.26 30.66 2.82 4.43
20 7 1990 24.07 34.08 1.62 4.9
21 7 1990 23.72 34.12 0.79 5.52
22 7 1990 23.76 34.65 0.14 5.67
23 7 1990 24.78 32.83 0.15 5.27
24 7 1990 24.58 33.41 10.98 4.46
25 7 1990 23.68 30.87 8.24 2.12
26 7 1990 22.69 30.69 24.59 3.97
27 7 1990 23.63 32.39 4.42 5.48
28 7 1990 23.77 32.59 0.15 4.79
29 7 1990 23.39 32.97 0.41 4.92
30 7 1990 23.66 32.95 0.23 5.41
31 7 1990 23.83 32.89 0.09 4.54
1 8 1990 23.58 32.81 0.4 3.73
2 8 1990 23.54 28.91 5.94 2.05
3 8 1990 22.92 31.4 12.86 3.19
4 8 1990 24.11 31.89 5.23 1.46
5 8 1990 24.11 29.33 26.76 2.39
6 8 1990 23.85 30.01 15.14 3.26
7 8 1990 23.3 31.76 3.8 3.96
8 8 1990 23.74 31.52 2.62 4.29
9 8 1990 24.11 31.4 2.78 1.86
10 8 1990 24.53 31.4 5.42 4.08
11 8 1990 24.44 31.63 5.67 4.67
12 8 1990 24.67 31.04 1.41 3.67
13 8 1990 23.3 31.5 0.38 3.87
14 8 1990 23.98 31.9 0.73 4.88
15 8 1990 24.23 31.48 9.86 4.76
16 8 1990 24.07 30.89 4.63 4.36
17 8 1990 25.72 31.64 6.5 3.06
18 8 1990 25.13 30.85 26.35 3.31
19 8 1990 25.14 31.39 4.94 2.87
20 8 1990 25.33 31.83 3.53 1.56
21 8 1990 25.43 31.12 4.45 3.13
22 8 1990 24.8 29.86 2.01 4.16
23 8 1990 24.6 28.27 37.99 2.99
24 8 1990 23.88 28.51 44.98 2.16
25 8 1990 23.57 28.87 25.83 3.0
26 8 1990 23.7 29.94 6.93 3.86
27 8 1990 23.17 30.42 2.64 2.8
28 8 1990 24.05 30.34 5.86 3.16
29 8 1990 24.42 30.74 3.67 3.19
30 8 1990 23.87 30.41 6.56 3.03
31 8 1990 24.01 28.82 22.26 3.26
1 9 1990 24.49 28.71 19.13 2.98
2 9 1990 23.65 27.01 8.02 2.6
3 9 1990 22.87 29.34 2.1 3.7
4 9 1990 22.73 29.85 1.57 3.7
5 9 1990 22.8 31.4 2.08 3.34
6 9 1990 24.35 28.37 6.78 1.41
7 9 1990 23.87 28.34 22.35 3.07
8 9 1990 24.04 29.76 4.5 3.61
9 9 1990 23.36 30.14 1.33 3.81
10 9 1990 23.37 30.28 3.87 4.17
11 9 1990 22.81 30.37 0.65 4.07
12 9 1990 22.54 30.54 0.04 4.19
13 9 1990 21.69 29.58 0.49 4.05
14 9 1990 21.1 30.9 0.33 4.03
15 9 1990 22.31 30.3 4.06 2.98
16 9 1990 22.05 28.17 33.75 3.92
17 9 1990 21.21 29.76 2.32 3.89
18 9 1990 20.92 29.06 0.69 3.43
19 9 1990 20.2 28.73 0.19 3.1
20 9 1990 21.36 28.66 3.56 2.14
21 9 1990 22.51 28.48 20.95 3.08
22 9 1990 22.89 30.35 3.7 4.02
23 9 1990 23.05 30.93 2.09 3.26
24 9 1990 22.21 31.57 4.92 3.61
25 9 1990 22.8 31.95 2.22 3.34
26 9 1990 23.0 30.39 4.97 2.97
27 9 1990 22.18 30.96 15.1 3.21
28 9 1990 22.19 31.21 15.39 4.19
29 9 1990 22.46 31.11 3.76 4.12
30 9 1990 21.73 30.29 1.99 3.4
1 10 1990 21.74 30.15 1.89 3.57
2 10 1990 21.5 30.89 3.06 3.79
3 10 1990 20.89 31.12 0.3 3.9
4 10 1990 20.45 31.13 0.47 3.33
5 10 1990 18.74 32.44 0.1 4.26
6 10 1990 17.24 32.52 0.0 4.49
7 10 1990 17.98 31.97 0.0 4.41
8 10 1990 20.84 31.72 0.35 4.26
9 10 1990 18.9 32.17 0.39 4.33
10 10 1990 18.62 32.73 0.31 3.98
11 10 1990 19.12 31.66 0.0 3.92
12 10 1990 20.07 31.25 0.08 3.63
13 10 1990 22.55 31.81 0.0 3.68
14 10 1990 20.53 32.16 0.0 3.94
15 10 1990 20.18 31.36 0.0 3.99
16 10 1990 17.94 31.57 0.0 4.08
17 10 1990 16.67 30.87 0.0 4.14
18 10 1990 16.8 30.67 0.0 3.95
19 10 1990 18.8 31.02 0.0 3.82
20 10 1990 19.47 31.16 0.0 3.7
21 10 1990 17.58 31.17 0.0 3.39
22 10 1990 18.0 31.22 0.0 3.42
23 10 1990 20.24 29.48 0.0 3.25
24 10 1990 19.94 30.51 0.0 3.43
25 10 1990 19.34 30.41 0.0 3.45
26 10 1990 19.02 30.87 0.13 3.66
27 10 1990 20.25 26.42 0.0 3.31
28 10 1990 18.56 25.01 0.0 3.3
29 10 1990 17.6 29.52 0.0 3.5
30 10 1990 17.98 31.18 0.0 3.4
31 10 1990 17.32 31.48 0.1 3.78
1 11 1990 15.71 30.38 0.94 3.97
2 11 1990 15.3 31.4 0.0 4.09
3 11 1990 15.64 31.01 0.0 4.13
4 11 1990 14.44 31.15 0.0 4.43
5 11 1990 14.1 30.91 0.0 3.81
6 11 1990 15.37 31.05 0.0 3.42
7 11 1990 16.92 31.71 0.0 3.32
8 11 1990 13.82 31.43 0.0 3.82
9 11 1990 15.05 30.18 0.0 3.51
10 11 1990 14.58 31.14 0.0 3.58
11 11 1990 13.77 30.38 0.0 3.78
12 11 1990 11.97 30.33 0.0 4.05
13 11 1990 13.14 29.98 0.0 3.88
14 11 1990 14.47 30.42 0.0 3.69
15 11 1990 14.34 31.51 0.0 3.63
16 11 1990 16.23 31.71 0.0 3.17
17 11 1990 14.15 31.38 0.0 3.12
18 11 1990 15.23 31.45 0.0 3.38
19 11 1990 14.96 31.27 0.0 3.53
20 11 1990 15.84 23.38 0.0 2.73
21 11 1990 14.52 30.51 0.0 3.45
22 11 1990 15.4 30.21 0.14 3.53
23 11 1990 14.65 29.51 0.0 3.65
24 11 1990 14.19 29.36 0.0 3.82
25 11 1990 13.66 28.85 0.0 3.99
26 11 1990 16.72 29.19 0.0 3.32
27 11 1990 18.38 30.57 0.0 3.16
28 11 1990 17.14 29.25 0.0 2.93
29 11 1990 16.84 30.86 0.0 3.27
30 11 1990 15.11 28.85 0.0 3.13
1 12 1990 14.26 28.23 0.0 3.16
2 12 1990 16.06 29.12 0.0 3.3
3 12 1990 14.26 31.51 0.0 3.91
4 12 1990 16.82 30.89 0.0 3.26
5 12 1990 17.59 28.09 0.0 2.97
6 12 1990 15.37 29.81 0.0 3.78
7 12 1990 12.21 29.76 0.0 3.7
8 12 1990 12.83 30.25 0.0 3.43
9 12 1990 14.78 29.69 1.01 3.34
10 12 1990 12.15 28.13 0.0 3.25
11 12 1990 12.66 29.08 0.0 3.93
12 12 1990 12.75 29.62 0.0 3.73
13 12 1990 11.56 29.08 0.0 3.2
14 12 1990 12.15 28.72 0.0 3.22
15 12 1990 12.38 28.51 0.0 3.27
16 12 1990 12.76 29.1 0.0 3.16
17 12 1990 14.46 28.3 0.0 3.59
18 12 1990 13.16 27.48 0.0 4.35
19 12 1990 10.92 26.92 0.0 3.45
20 12 1990 9.98 27.63 0.0 2.96
21 12 1990 11.24 28.57 0.0 2.76
22 12 1990 11.04 29.23 0.0 3.71
23 12 1990 13.26 29.75 0.0 2.95
24 12 1990 13.26 29.69 0.0 2.87
25 12 1990 12.98 29.76 0.0 3.01
26 12 1990 12.86 29.7 0.0 3.35
27 12 1990 12.51 29.27 0.0 3.08
28 12 1990 13.23 30.65 0.0 4.68
29 12 1990 12.12 24.26 0.0 3.91
30 12 1990 7.19 20.65 0.0 3.82
31 12 1990 3.55 21.22 0.0 3.51
1 1 1991 2.85 22.45 0.0 3.78
2 1 1991 3.82 22.22 0.0 4.02
3 1 1991 4.23 23.02 0.0 4.17
4 1 1991 6.58 25.9 0.0 3.85
5 1 1991 7.26 27.0 0.0 4.32
6 1 1991 7.91 28.12 0.0 4.09
7 1 1991 9.76 27.78 0.0 3.64
8 1 1991 12.72 25.76 0.0 4.56
9 1 1991 9.74 25.9 0.0 3.75
10 1 1991 10.09 26.53 0.0 3.75
11 1 1991 9.5 26.97 0.0 3.54
12 1 1991 9.25 26.35 0.0 4.41
13 1 1991 8.86 26.02 0.0 4.08
14 1 1991 7.68 25.61 0.0 4.24
15 1 1991 7.41 25.51 0.0 5.08
16 1 1991 8.48 27.17 0.0 4.61
17 1 1991 9.09 26.98 0.0 5.34
18 1 1991 8.44 26.18 0.0 5.43
19 1 1991 7.48 25.88 0.0 4.74
20 1 1991 7.63 27.2 0.0 4.28
21 1 1991 10.3 30.51 0.0 4.02
22 1 1991 12.07 30.75 0.0 4.1
23 1 1991 12.76 31.33 0.0 4.16
24 1 1991 14.58 32.55 0.0 3.42
25 1 1991 17.33 33.93 0.0 3.88
26 1 1991 16.1 35.24 0.0 4.37
27 1 1991 14.97 35.13 0.0 4.15
28 1 1991 15.15 35.18 0.0 5.25
29 1 1991 15.26 34.22 0.0 5.06
30 1 1991 14.58 32.95 0.0 5.31
31 1 1991 13.76 32.63 0.0 5.59
1 2 1991 13.36 30.8 0.0 6.02
2 2 1991 9.85 29.64 0.0 4.64
3 2 1991 13.99 31.04 0.0 5.11
4 2 1991 11.31 28.7 0.0 4.73
5 2 1991 10.87 30.85 0.0 4.57
6 2 1991 12.55 32.53 0.0 4.56
7 2 1991 15.71 30.35 0.0 4.59
8 2 1991 16.15 33.68 0.0 5.8
9 2 1991 15.15 34.72 0.0 5.69
10 2 1991 16.05 33.84 0.0 5.59
11 2 1991 15.15 31.87 0.0 6.12
12 2 1991 11.39 30.24 0.0 4.95
13 2 1991 10.67 29.62 0.0 5.61
14 2 1991 12.1 29.55 0.0 5.09
15 2 1991 11.25 29.71 0.0 5.31
16 2 1991 10.69 28.98 0.0 5.34
17 2 1991 11.27 28.36 0.0 5.61
18 2 1991 8.08 27.4 0.0 6.43
19 2 1991 12.14 27.66 0.0 6.34
20 2 1991 11.87 34.21 0.0 7.04
21 2 1991 14.63 34.89 0.0 5.83
22 2 1991 17.8 34.86 0.0 5.56
23 2 1991 20.13 34.4 2.88 5.21
24 2 1991 18.21 34.78 0.0 6.06
25 2 1991 16.9 33.9 0.06 6.12
26 2 1991 16.44 31.65 0.0 6.41
27 2 1991 12.56 29.8 0.0 4.49
28 2 1991 13.22 32.51 0.02 4.72
1 3 1991 14.5 33.25 0.0 6.36
2 3 1991 15.85 35.9 0.0 6.16
3 3 1991 16.76 36.69 0.0 6.7
4 3 1991 15.84 34.69 0.36 6.13
5 3 1991 16.47 33.87 0.25 5.86
6 3 1991 14.63 32.9 0.0 6.32
7 3 1991 15.04 33.84 0.0 5.81
8 3 1991 17.07 36.54 0.0 6.43
9 3 1991 16.6 36.6 0.0 7.0
10 3 1991 19.72 35.78 0.0 6.76
11 3 1991 16.15 36.21 0.0 6.39
12 3 1991 17.33 36.62 0.0 7.12
13 3 1991 17.19 36.1 0.0 6.14
14 3 1991 16.97 35.97 0.0 6.78
15 3 1991 16.28 35.86 0.0 7.41
16 3 1991 16.7 37.24 0.0 7.08
17 3 1991 17.94 39.55 0.0 7.69
18 3 1991 19.23 39.32 0.0 8.06
19 3 1991 19.9 38.1 0.0 8.14
20 3 1991 17.6 37.01 0.0 7.26
21 3 1991 19.51 35.29 0.0 7.48
22 3 1991 16.8 33.73 0.0 7.47
23 3 1991 19.2 34.33 0.0 8.32
24 3 1991 16.0 34.1 0.01 7.25
25 3 1991 16.14 36.01 0.0 6.95
26 3 1991 17.89 38.8 0.0 7.13
27 3 1991 20.14 40.83 0.0 6.41
28 3 1991 22.37 41.94 0.0 8.42
29 3 1991 23.44 43.2 0.0 7.35
30 3 1991 25.4 42.21 0.0 6.86
31 3 1991 24.8 42.0 0.0 5.46
1 4 1991 24.06 41.8 0.0 8.97
2 4 1991 25.3 40.4 0.0 8.1
3 4 1991 24.57 38.07 0.0 9.22
4 4 1991 24.12 36.26 0.0 7.85
5 4 1991 22.19 37.96 0.0 8.13
6 4 1991 21.7 37.31 0.0 8.42
7 4 1991 20.39 35.73 0.0 8.0
8 4 1991 21.45 36.57 0.0 7.92
9 4 1991 23.75 36.32 0.0 8.03
10 4 1991 21.29 38.03 0.0 6.86
11 4 1991 20.15 38.65 0.0 6.99
12 4 1991 20.27 39.14 0.0 8.2
13 4 1991 24.15 39.3 0.0 8.92
14 4 1991 22.48 39.09 0.17 9.68
15 4 1991 21.11 40.05 0.0 8.69
16 4 1991 20.19 38.76 0.0 9.97
17 4 1991 18.7 38.8 0.0 9.76
18 4 1991 19.5 39.35 0.0 9.01
19 4 1991 19.57 40.51 0.0 8.27
20 4 1991 19.23 41.04 0.0 7.89
21 4 1991 23.01 41.58 0.0 8.6
22 4 1991 22.48 40.47 0.0 10.5
23 4 1991 23.98 40.5 0.0 9.0
24 4 1991 22.46 41.23 0.0 6.53
25 4 1991 22.77 42.41 0.0 7.75
26 4 1991 25.16 43.21 0.0 6.26
27 4 1991 26.6 44.47 0.0 7.23
28 4 1991 24.7 44.26 0.0 7.08
29 4 1991 25.04 44.38 0.0 6.03
30 4 1991 25.75 44.8 0.0 9.54
1 5 1991 26.07 41.7 0.0 11.48
2 5 1991 24.86 41.42 0.0 11.09
3 5 1991 25.58 40.85 0.0 10.39
4 5 1991 26.94 39.6 0.0 9.54
5 5 1991 25.65 41.9 0.0 9.62
6 5 1991 26.93 41.22 0.0 10.36
7 5 1991 27.3 40.57 0.0 10.03
8 5 1991 26.69 41.22 0.0 10.4
9 5 1991 25.76 41.09 0.0 11.29
10 5 1991 24.5 40.82 0.0 10.07
11 5 1991 24.08 41.81 0.0 8.27
12 5 1991 24.29 42.44 0.0 8.95
13 5 1991 26.76 44.62 0.0 8.33
14 5 1991 25.89 44.94 0.0 10.38
15 5 1991 27.69 45.07 0.0 11.55
16 5 1991 27.6 44.08 0.0 11.76
17 5 1991 29.13 44.31 0.0 12.03
18 5 1991 28.78 43.15 0.0 12.57
19 5 1991 27.33 42.3 0.14 10.89
20 5 1991 27.21 43.17 0.0 11.06
21 5 1991 28.87 44.01 0.0 11.33
22 5 1991 28.84 43.34 0.0 10.62
23 5 1991 27.23 43.08 0.0 10.9
24 5 1991 27.11 43.84 0.0 10.88
25 5 1991 28.76 43.44 0.0 10.48
26 5 1991 27.47 44.92 0.0 11.0
27 5 1991 26.73 44.8 0.0 11.81
28 5 1991 25.91 45.23 0.0 11.21
29 5 1991 27.52 45.35 0.0 10.87
30 5 1991 28.25 45.67 0.0 11.75
31 5 1991 27.36 46.43 0.0 9.35
1 6 1991 29.05 47.51 0.0 10.69
2 6 1991 31.14 48.25 0.0 10.61
3 6 1991 26.86 45.94 0.0 8.91
4 6 1991 29.43 46.13 0.0 8.99
5 6 1991 29.43 46.73 0.0 10.3
6 6 1991 30.24 45.5 0.0 8.25
7 6 1991 31.01 43.62 2.51 9.53
8 6 1991 30.01 41.62 11.01 7.9
9 6 1991 28.14 42.15 2.52 6.91
10 6 1991 27.85 39.44 2.88 6.7
11 6 1991 26.4 37.25 19.19 6.97
12 6 1991 25.68 40.01 13.73 7.62
13 6 1991 25.2 40.27 4.83 9.2
14 6 1991 25.43 39.46 0.0 9.12
15 6 1991 25.04 39.23 0.1 8.98
16 6 1991 25.54 38.19 0.7 9.9
17 6 1991 25.48 38.39 0.0 10.17
18 6 1991 25.87 38.04 0.15 9.7
19 6 1991 25.68 38.98 0.09 9.16
20 6 1991 26.44 39.18 0.25 7.84
21 6 1991 27.19 40.98 0.51 8.0
22 6 1991 28.49 42.27 0.27 7.98
23 6 1991 27.45 42.35 0.05 9.14
24 6 1991 27.68 40.68 0.0 11.11
25 6 1991 26.23 39.85 0.0 10.22
26 6 1991 26.74 39.54 0.0 9.64
27 6 1991 26.51 40.43 0.0 8.93
28 6 1991 26.74 42.0 0.0 7.83
29 6 1991 29.4 44.3 0.0 7.16
30 6 1991 30.89 42.83 1.17 9.29
1 7 1991 28.19 37.24 6.49 5.49
2 7 1991 26.22 37.84 0.28 8.46
3 7 1991 27.04 38.6 0.0 9.75
4 7 1991 26.94 37.75 0.06 9.33
5 7 1991 26.43 37.77 0.05 8.92
6 7 1991 27.44 39.4 0.0 9.38
7 7 1991 27.97 39.83 0.0 9.26
8 7 1991 28.18 39.73 0.0 8.89
9 7 1991 28.48 40.05 0.04 8.23
10 7 1991 29.08 42.58 0.54 8.37
11 7 1991 29.58 42.59 0.8 9.09
12 7 1991 30.8 44.25 3.83 8.8
13 7 1991 28.12 37.72 22.53 6.81
14 7 1991 26.3 34.71 11.59 4.98
15 7 1991 26.49 35.81 5.22 3.99
16 7 1991 26.26 36.3 1.03 6.32
17 7 1991 26.28 36.4 0.8 4.41
18 7 1991 25.69 34.2 1.61 3.94
19 7 1991 25.5 31.88 2.17 2.72
20 7 1991 25.73 31.2 22.13 2.46
21 7 1991 25.26 29.76 15.35 2.7
22 7 1991 24.32 28.98 20.4 1.7
23 7 1991 24.36 27.73 8.1 2.64
24 7 1991 24.48 29.99 13.91 2.11
25 7 1991 24.37 28.11 37.01 1.11
26 7 1991 23.73 29.71 34.2 1.91
27 7 1991 23.65 29.15 22.38 4.72
28 7 1991 24.01 32.0 6.85 4.71
29 7 1991 25.42 31.59 1.29 2.98
30 7 1991 25.19 30.81 14.79 3.52
31 7 1991 24.62 30.21 31.32 1.34
1 8 1991 24.44 28.64 21.25 2.02
2 8 1991 24.56 29.08 6.48 1.91
3 8 1991 24.03 29.71 3.18 3.6
4 8 1991 23.91 30.62 2.66 3.81
5 8 1991 23.94 30.4 1.15 3.98
6 8 1991 23.44 30.83 0.09 4.71
7 8 1991 23.29 29.55 0.07 4.58
8 8 1991 23.03 29.79 1.05 3.06
9 8 1991 23.53 28.07 2.15 3.11
10 8 1991 23.44 30.08 1.08 4.13
11 8 1991 23.58 30.16 0.53 3.94
12 8 1991 23.77 30.58 5.0 3.82
13 8 1991 23.63 30.58 2.65 4.95
14 8 1991 23.15 29.11 0.79 4.54
15 8 1991 23.39 30.83 0.16 4.09
16 8 1991 23.49 30.58 0.37 4.11
17 8 1991 23.69 31.11 3.63 3.99
18 8 1991 23.73 31.62 2.8 4.34
19 8 1991 23.98 30.5 10.6 2.64
20 8 1991 23.89 28.36 16.02 1.79
21 8 1991 23.85 28.66 16.48 1.32
22 8 1991 24.01 29.98 13.97 1.5
23 8 1991 23.45 28.11 5.86 2.66
24 8 1991 23.91 28.0 14.58 3.22
25 8 1991 23.44 29.83 36.89 2.95
26 8 1991 22.41 29.98 2.51 3.79
27 8 1991 22.06 29.9 0.38 3.99
28 8 1991 22.14 29.11 0.02 2.96
29 8 1991 21.99 28.73 0.28 2.85
30 8 1991 22.41 28.23 1.63 2.59
31 8 1991 22.79 29.44 15.24 1.89
1 9 1991 22.91 28.54 8.1 2.16
2 9 1991 23.4 29.63 4.74 1.57
3 9 1991 22.91 30.15 10.93 3.83
4 9 1991 22.7 29.57 5.49 4.05
5 9 1991 22.3 29.46 1.17 4.01
6 9 1991 22.35 28.92 1.23 4.15
7 9 1991 21.57 29.32 0.14 4.1
8 9 1991 21.64 29.33 0.0 4.23
9 9 1991 21.08 29.29 0.0 4.05
10 9 1991 20.8 28.73 0.0 4.03
11 9 1991 19.9 29.47 0.0 4.3
12 9 1991 19.37 29.61 0.0 4.04
13 9 1991 19.69 29.9 0.0 3.75
14 9 1991 19.86 30.63 0.0 4.08
15 9 1991 19.99 30.76 0.0 4.34
16 9 1991 20.4 30.19 0.0 4.41
17 9 1991 19.78 30.23 0.0 4.39
18 9 1991 19.31 30.38 0.0 4.21
19 9 1991 19.51 30.0 0.52 4.39
20 9 1991 20.05 31.78 0.0 4.42
21 9 1991 21.51 32.87 0.0 4.58
22 9 1991 20.73 33.63 0.0 4.52
23 9 1991 20.3 34.57 0.0 5.11
24 9 1991 18.69 34.32 0.0 5.25
25 9 1991 18.15 32.9 0.0 5.1
26 9 1991 19.05 32.22 0.0 4.64
27 9 1991 19.73 33.15 0.0 4.67
28 9 1991 21.37 33.43 0.0 4.33
29 9 1991 21.5 34.51 0.0 4.6
30 9 1991 21.43 34.14 0.0 4.51
1 10 1991 20.17 34.53 0.0 4.85
2 10 1991 16.42 33.65 0.03 4.65
3 10 1991 17.3 33.72 0.0 4.66
4 10 1991 16.48 33.34 0.0 5.11
5 10 1991 17.49 34.03 0.0 4.89
6 10 1991 19.36 34.84 0.0 3.88
7 10 1991 18.05 35.62 0.0 4.6
8 10 1991 19.33 35.61 0.0 4.2
9 10 1991 20.38 35.93 0.0 4.2
10 10 1991 20.58 36.02 0.0 4.33
11 10 1991 21.4 36.23 0.0 4.03
12 10 1991 18.57 36.58 0.0 4.98
13 10 1991 17.35 35.04 0.0 5.56
14 10 1991 16.59 33.03 0.0 5.35
15 10 1991 18.23 33.05 0.0 4.86
16 10 1991 17.62 34.37 0.0 4.41
17 10 1991 15.37 33.64 0.72 4.55
18 10 1991 15.69 34.52 0.0 4.58
19 10 1991 16.66 35.35 0.0 4.71
20 10 1991 16.72 35.4 0.0 4.33
21 10 1991 17.31 35.73 0.0 3.99
22 10 1991 17.83 35.87 0.0 3.94
23 10 1991 17.63 35.76 0.0 4.14
24 10 1991 17.77 35.77 0.0 5.05
25 10 1991 17.35 35.52 0.0 4.73
26 10 1991 17.58 35.66 0.0 4.73
27 10 1991 18.03 36.37 0.0 4.42
28 10 1991 20.05 36.87 0.0 3.97
29 10 1991 18.41 36.6 0.0 4.44
30 10 1991 17.43 36.12 0.0 5.38
31 10 1991 16.83 35.01 0.0 4.61
1 11 1991 16.53 34.79 0.0 4.94
2 11 1991 15.3 33.85 0.0 5.64
3 11 1991 14.65 33.64 0.0 5.02
4 11 1991 15.35 34.43 0.0 4.33
5 11 1991 16.9 33.85 0.0 3.31
6 11 1991 14.72 34.0 0.0 4.35
7 11 1991 15.15 33.85 0.0 4.13
8 11 1991 16.67 32.62 0.0 4.01
9 11 1991 18.73 32.34 0.26 3.75
10 11 1991 18.56 32.32 0.33 4.07
11 11 1991 16.48 30.42 1.62 4.41
12 11 1991 15.25 31.14 0.0 4.77
13 11 1991 17.65 31.23 0.0 5.2
14 11 1991 18.86 31.73 0.0 5.85
15 11 1991 16.19 31.47 0.0 6.54
16 11 1991 15.83 31.9 0.0 5.94
17 11 1991 15.19 32.16 0.0 5.36
18 11 1991 16.28 32.19 0.0 4.98
19 11 1991 16.26 31.94 0.0 4.28
20 11 1991 14.22 31.85 0.0 3.68
21 11 1991 14.04 32.14 0.0 4.26
22 11 1991 15.6 31.95 0.0 5.5
23 11 1991 15.39 31.84 0.0 5.5
24 11 1991 15.05 30.92 0.0 5.32
25 11 1991 14.71 32.06 0.0 4.93
26 11 1991 16.31 32.31 0.0 4.31
27 11 1991 17.05 28.76 0.0 3.54
28 11 1991 14.57 31.82 0.0 4.28
29 11 1991 14.12 30.76 0.0 4.03
30 11 1991 12.81 30.33 0.0 4.44
1 12 1991 9.49 29.3 0.0 5.61
2 12 1991 9.88 29.91 0.0 5.29
3 12 1991 11.3 30.94 0.0 4.57
4 12 1991 11.82 30.09 0.0 3.52
5 12 1991 12.26 31.4 0.0 3.93
6 12 1991 12.16 32.26 0.0 3.93
7 12 1991 12.52 32.35 0.0 4.12
8 12 1991 12.67 31.91 0.0 3.66
9 12 1991 13.37 31.37 0.0 4.05
10 12 1991 13.25 31.14 0.0 4.6
11 12 1991 13.05 29.66 0.0 4.81
12 12 1991 12.79 30.31 0.0 4.5
13 12 1991 13.55 31.21 0.0 4.62
14 12 1991 14.08 31.69 0.0 4.31
15 12 1991 14.08 31.44 0.0 4.82
16 12 1991 13.35 31.65 0.0 4.62
17 12 1991 13.69 30.64 0.0 4.33
18 12 1991 14.44 31.55 0.0 5.07
19 12 1991 13.41 31.37 0.0 4.51
20 12 1991 13.89 31.12 0.0 4.11
21 12 1991 16.82 29.87 0.43 3.82
22 12 1991 13.51 28.27 3.13 3.66
23 12 1991 11.24 27.19 0.0 3.19
24 12 1991 13.37 26.19 0.73 3.69
25 12 1991 9.19 24.24 0.0 3.48
26 12 1991 8.22 23.99 0.2 3.43
27 12 1991 9.11 25.62 0.0 3.09
28 12 1991 10.25 26.16 0.0 2.92
29 12 1991 8.36 26.98 0.0 3.72
30 12 1991 7.26 24.2 0.0 4.43
31 12 1991 6.65 23.8 0.0 3.73
1 1 1992 6.28 23.48 0.0 4.25
2 1 1992 5.92 24.66 0.0 4.34
3 1 1992 7.32 26.35 0.0 4.55
4 1 1992 8.69 27.96 0.0 4.27
5 1 1992 9.35 29.89 0.0 4.15
6 1 1992 9.31 30.48 0.0 4.5
7 1 1992 12.8 28.99 0.0 3.8
8 1 1992 11.21 27.77 0.0 3.26
9 1 1992 10.65 29.2 0.0 4.53
10 1 1992 9.05 27.27 0.0 4.73
11 1 1992 6.51 24.93 0.0 4.38
12 1 1992 6.41 24.17 0.0 5.36
13 1 1992 6.62 21.43 0.0 4.38
14 1 1992 12.0 30.33 0.0 4.64
15 1 1992 12.39 29.71 0.0 5.27
16 1 1992 9.11 25.42 0.0 5.34
17 1 1992 8.45 28.23 0.0 4.89
18 1 1992 9.51 29.58 0.0 4.65
19 1 1992 9.85 29.98 0.0 4.43
20 1 1992 11.05 30.38 0.0 4.48
21 1 1992 12.66 30.05 0.0 3.52
22 1 1992 12.44 30.52 0.0 3.86
23 1 1992 13.08 31.08 0.0 4.46
24 1 1992 12.87 32.58 0.0 4.42
25 1 1992 13.19 33.49 0.0 4.63
26 1 1992 15.07 34.23 0.0 5.76
27 1 1992 18.16 33.53 0.0 4.41
28 1 1992 16.62 33.08 0.0 4.84
29 1 1992 15.0 32.93 0.04 5.1
30 1 1992 16.4 30.4 0.24 4.02
31 1 1992 14.71 28.85 0.0 4.05
1 2 1992 12.26 27.89 1.19 4.28
2 2 1992 13.51 29.0 0.0 3.69
3 2 1992 15.2 29.55 0.0 3.56
4 2 1992 17.75 30.84 0.0 3.43
5 2 1992 15.19 31.53 0.0 4.26
6 2 1992 13.92 32.58 0.0 4.67
7 2 1992 15.72 31.12 0.07 5.07
8 2 1992 10.78 28.15 0.88 4.83
9 2 1992 8.9 27.33 0.0 5.05
10 2 1992 8.68 27.28 0.0 5.13
11 2 1992 9.24 28.63 0.0 5.2
12 2 1992 11.1 32.44 0.0 5.46
13 2 1992 13.16 31.06 0.0 6.32
14 2 1992 8.51 28.4 0.0 5.5
15 2 1992 8.53 29.24 0.0 4.82
16 2 1992 9.39 28.57 0.0 5.33
17 2 1992 10.81 28.75 0.0 5.09
18 2 1992 10.37 30.26 0.0 4.54
19 2 1992 10.74 30.15 0.0 5.61
20 2 1992 13.1 28.87 0.0 4.78
21 2 1992 10.84 29.42 0.0 5.14
22 2 1992 10.58 29.6 0.0 5.47
23 2 1992 11.65 30.63 0.0 6.17
24 2 1992 11.72 30.58 0.0 5.76
25 2 1992 11.72 31.36 0.0 5.82
26 2 1992 11.88 33.05 0.0 5.15
27 2 1992 14.65 34.82 0.0 5.66
28 2 1992 14.06 33.91 0.0 6.43
29 2 1992 15.46 33.67 0.0 6.2
1 3 1992 16.47 33.97 0.0 6.21
2 3 1992 13.62 32.92 3.6 5.8
3 3 1992 14.1 34.64 0.0 5.63
4 3 1992 17.12 34.69 0.0 6.33
5 3 1992 15.79 32.44 0.0 6.16
6 3 1992 16.1 32.94 0.0 6.24
7 3 1992 13.89 32.69 0.0 5.72
8 3 1992 13.57 33.34 0.0 5.43
9 3 1992 14.1 33.97 0.0 5.57
10 3 1992 15.44 34.11 0.0 5.05
11 3 1992 17.4 35.66 0.0 6.66
12 3 1992 17.82 36.91 0.0 6.84
13 3 1992 18.55 36.59 0.0 6.59
14 3 1992 18.1 34.62 0.0 8.21
15 3 1992 13.33 34.07 0.0 8.22
16 3 1992 15.03 35.52 0.0 7.0
17 3 1992 16.08 37.19 0.0 7.11
18 3 1992 17.96 35.68 0.0 7.53
19 3 1992 19.11 37.51 0.0 7.12
20 3 1992 20.12 36.6 0.0 7.2
21 3 1992 21.76 37.62 0.0 6.6
22 3 1992 20.97 37.6 0.0 5.84
23 3 1992 22.77 38.29 0.0 8.01
24 3 1992 20.6 33.75 0.0 6.17
25 3 1992 19.87 36.48 0.0 8.12
26 3 1992 20.37 36.2 0.0 6.79
27 3 1992 20.76 37.11 0.15 7.07
28 3 1992 19.77 37.76 0.01 7.29
29 3 1992 19.91 36.45 0.0 8.08
30 3 1992 19.61 35.05 0.01 7.26
31 3 1992 16.89 35.45 0.0 6.5
1 4 1992 17.34 34.94 0.05 7.01
2 4 1992 19.24 38.94 0.0 6.9
3 4 1992 19.87 39.59 0.0 8.26
4 4 1992 20.26 38.14 0.0 8.78
5 4 1992 20.46 37.87 0.0 8.59
6 4 1992 21.01 36.4 0.0 8.47
7 4 1992 21.69 38.43 0.0 7.7
8 4 1992 21.35 37.88 0.0 8.33
9 4 1992 22.55 37.8 0.0 9.04
10 4 1992 21.62 37.05 0.0 7.87
11 4 1992 20.47 38.37 0.0 9.31
12 4 1992 19.33 38.62 0.0 7.85
13 4 1992 20.09 40.16 0.0 8.24
14 4 1992 20.37 40.6 0.0 9.86
15 4 1992 20.12 39.44 0.0 9.58
16 4 1992 19.84 39.17 0.0 7.67
17 4 1992 22.2 40.84 0.0 8.95
18 4 1992 20.58 39.86 0.0 9.08
19 4 1992 22.12 40.19 0.0 9.18
20 4 1992 22.17 39.58 0.0 9.69
21 4 1992 21.58 37.98 0.0 9.49
22 4 1992 21.43 38.44 0.0 8.78
23 4 1992 21.37 39.2 0.0 8.11
24 4 1992 20.92 39.49 0.0 8.09
25 4 1992 21.35 40.62 0.0 8.21
26 4 1992 22.48 41.82 0.0 8.69
27 4 1992 23.97 43.03 0.0 7.88
28 4 1992 26.07 44.01 0.0 9.55
29 4 1992 27.31 43.05 0.0 11.73
30 4 1992 27.58 42.37 0.0 11.22
1 5 1992 27.2 41.95 0.0 9.06
2 5 1992 24.82 41.93 0.0 9.2
3 5 1992 24.47 39.65 0.0 9.74
4 5 1992 25.19 40.5 0.0 10.18
5 5 1992 24.79 41.65 0.0 7.87
6 5 1992 24.61 42.28 0.03 9.08
7 5 1992 23.6 42.55 0.0 7.65
8 5 1992 24.8 43.14 0.0 10.25
9 5 1992 24.74 42.21 0.0 9.8
10 5 1992 23.51 41.84 0.0 8.27
11 5 1992 25.64 43.34 0.0 7.7
12 5 1992 27.06 44.9 0.0 10.53
13 5 1992 29.15 45.19 3.47 11.07
14 5 1992 28.5 44.89 0.56 11.11
15 5 1992 28.6 44.44 0.03 11.49
16 5 1992 27.45 42.68 0.0 12.05
17 5 1992 24.85 42.7 0.0 8.99
18 5 1992 25.09 41.39 0.0 10.88
19 5 1992 24.29 40.94 0.0 11.02
20 5 1992 24.98 41.08 0.0 10.76
21 5 1992 25.78 42.27 0.44 10.88
22 5 1992 26.6 43.65 0.45 11.24
23 5 1992 27.08 43.17 0.41 11.06
24 5 1992 27.61 43.01 1.03 11.15
25 5 1992 26.22 43.4 3.05 11.14
26 5 1992 26.08 42.35 0.13 10.96
27 5 1992 26.5 41.85 0.0 8.3
28 5 1992 26.32 42.81 0.35 9.29
29 5 1992 30.22 42.91 0.05 10.08
30 5 1992 25.84 40.95 0.0 10.67
31 5 1992 25.15 41.26 0.0 8.83
1 6 1992 23.53 41.66 0.05 8.01
2 6 1992 25.4 42.69 0.0 8.62
3 6 1992 26.07 43.37 0.0 8.93
4 6 1992 26.45 44.51 0.0 10.17
5 6 1992 28.76 45.49 0.0 10.31
6 6 1992 28.3 45.13 0.0 11.72
7 6 1992 28.44 43.85 0.14 12.2
8 6 1992 27.08 42.02 6.19 10.2
9 6 1992 26.65 42.88 1.94 9.72
10 6 1992 28.08 44.82 0.87 9.86
11 6 1992 28.34 44.43 0.95 10.5
12 6 1992 28.63 45.12 0.0 12.19
13 6 1992 29.31 45.2 0.0 11.1
14 6 1992 29.04 44.66 0.01 10.76
15 6 1992 29.36 45.73 0.0 10.39
16 6 1992 30.74 46.63 0.0 10.3
17 6 1992 31.2 46.52 2.07 12.04
18 6 1992 30.15 45.48 1.04 7.82
19 6 1992 28.75 44.69 0.0 7.94
20 6 1992 30.63 41.86 0.61 9.04
21 6 1992 30.06 40.93 4.58 8.16
22 6 1992 28.06 39.44 7.64 6.15
23 6 1992 27.49 37.5 15.55 7.88
24 6 1992 25.58 38.71 0.93 9.56
25 6 1992 24.79 37.95 0.42 9.24
26 6 1992 25.26 37.46 0.0 9.22
27 6 1992 25.57 37.8 0.0 8.32
28 6 1992 25.58 38.33 0.24 8.17
29 6 1992 25.2 39.47 0.02 7.92
30 6 1992 25.18 39.19 0.21 8.78
1 7 1992 25.93 38.96 0.01 9.47
2 7 1992 26.18 39.51 0.0 9.5
3 7 1992 25.91 39.78 0.14 9.54
4 7 1992 25.96 39.35 0.07 9.3
5 7 1992 26.34 39.59 0.0 9.38
6 7 1992 27.24 38.94 0.0 9.7
7 7 1992 27.61 39.65 0.0 10.26
8 7 1992 26.92 39.38 0.0 9.55
9 7 1992 27.48 38.09 0.86 9.6
10 7 1992 26.05 37.22 2.19 7.99
11 7 1992 26.32 38.27 0.18 7.81
12 7 1992 27.34 40.01 0.7 7.47
13 7 1992 28.97 37.98 1.78 7.3
14 7 1992 27.05 32.89 4.83 6.4
15 7 1992 25.93 32.07 4.82 6.03
16 7 1992 25.54 30.56 4.42 5.47
17 7 1992 24.9 32.12 6.76 4.85
18 7 1992 24.85 30.37 10.44 2.42
19 7 1992 24.68 35.8 11.52 5.27
20 7 1992 25.51 31.4 5.9 4.01
21 7 1992 24.8 32.4 3.49 5.36
22 7 1992 24.27 33.08 1.75 5.25
23 7 1992 24.26 34.39 4.35 5.22
24 7 1992 24.54 35.11 2.67 4.63
25 7 1992 24.62 34.08 10.3 5.85
26 7 1992 24.23 34.75 2.45 6.28
27 7 1992 24.8 31.27 19.87 4.63
28 7 1992 24.95 34.69 4.8 3.6
29 7 1992 24.32 31.14 19.69 2.58
30 7 1992 23.66 29.38 28.25 3.01
31 7 1992 23.56 31.83 10.22 3.92
1 8 1992 23.69 31.98 3.15 4.54
2 8 1992 23.58 30.69 3.45 3.89
3 8 1992 24.89 31.73 9.3 4.44
4 8 1992 24.87 30.39 5.07 4.74
5 8 1992 24.37 31.19 5.37 4.12
6 8 1992 23.95 31.68 2.95 4.35
7 8 1992 24.4 31.66 3.66 5.0
8 8 1992 24.15 30.94 5.21 4.36
9 8 1992 24.07 30.33 9.53 2.34
10 8 1992 24.05 27.76 4.38 3.07
11 8 1992 24.44 28.4 39.2 2.57
12 8 1992 24.29 31.45 5.24 4.84
13 8 1992 24.15 29.95 4.47 3.04
14 8 1992 23.48 30.6 13.32 3.64
15 8 1992 23.81 31.18 2.86 3.21
16 8 1992 24.23 28.23 18.69 3.24
17 8 1992 23.63 30.69 15.38 3.15
18 8 1992 23.25 27.1 11.78 2.37
19 8 1992 22.72 29.72 1.4 3.62
20 8 1992 22.61 28.09 2.99 3.4
21 8 1992 22.37 28.44 2.6 3.54
22 8 1992 22.26 30.17 1.01 3.05
23 8 1992 22.96 31.37 1.51 2.81
24 8 1992 23.51 30.85 1.69 4.03
25 8 1992 23.11 30.52 0.75 4.29
26 8 1992 23.3 30.84 1.45 4.32
27 8 1992 23.44 31.48 0.73 4.47
28 8 1992 22.03 30.58 0.2 4.66
29 8 1992 22.37 31.28 3.21 3.81
30 8 1992 23.21 28.75 10.41 2.68
31 8 1992 23.42 31.9 10.74 4.69
1 9 1992 24.33 31.85 3.0 4.09
2 9 1992 25.4 31.88 4.1 3.36
3 9 1992 24.63 29.88 12.04 2.64
4 9 1992 23.3 28.69 61.51 2.88
5 9 1992 22.69 29.3 3.1 2.91
6 9 1992 23.84 29.81 12.95 3.07
7 9 1992 23.37 25.91 39.85 1.79
8 9 1992 22.83 28.6 10.48 2.43
9 9 1992 22.21 28.29 9.04 4.21
10 9 1992 21.33 29.32 1.18 4.01
11 9 1992 19.21 29.61 0.1 4.02
12 9 1992 20.41 29.05 0.05 3.86
13 9 1992 20.12 28.82 0.01 4.04
14 9 1992 20.34 28.23 4.88 3.52
15 9 1992 19.89 28.35 0.83 3.86
16 9 1992 19.11 28.29 1.23 4.04
17 9 1992 19.08 28.3 0.94 3.92
18 9 1992 18.63 29.22 0.0 4.09
19 9 1992 19.05 30.02 0.0 4.19
20 9 1992 19.61 31.21 0.0 4.04
21 9 1992 20.62 32.04 0.0 4.53
22 9 1992 19.44 31.44 0.0 4.6
23 9 1992 18.84 29.94 0.0 4.49
24 9 1992 18.12 31.35 0.0 4.38
25 9 1992 17.96 31.14 0.0 4.4
26 9 1992 18.4 31.73 0.0 4.19
27 9 1992 19.26 32.12 0.0 4.42
28 9 1992 19.1 32.53 0.0 4.67
29 9 1992 19.65 32.42 0.0 4.63
30 9 1992 18.73 32.83 0.0 4.48
1 10 1992 20.26 33.21 0.0 4.51
2 10 1992 22.69 30.92 0.0 4.17
3 10 1992 22.45 32.76 0.0 4.41
4 10 1992 21.94 32.88 0.0 4.35
5 10 1992 21.96 33.58 0.53 4.19
6 10 1992 20.24 33.46 3.09 4.45
7 10 1992 19.3 33.87 0.01 4.81
8 10 1992 19.55 33.43 0.0 4.82
9 10 1992 18.55 33.27 0.0 5.27
10 10 1992 18.58 31.12 2.69 3.5
11 10 1992 19.9 24.15 37.1 2.11
12 10 1992 19.71 28.73 16.72 2.95
13 10 1992 19.68 30.4 1.06 3.96
14 10 1992 19.01 31.06 0.01 4.05
15 10 1992 16.94 30.79 0.0 3.81
16 10 1992 19.09 30.09 0.0 3.82
17 10 1992 18.42 28.73 0.0 3.19
18 10 1992 20.95 26.9 0.0 3.26
19 10 1992 20.0 29.32 1.2 3.35
20 10 1992 19.23 31.76 0.02 3.68
21 10 1992 21.21 28.19 0.0 2.75
22 10 1992 19.15 32.28 0.0 4.06
23 10 1992 18.19 31.87 0.0 4.15
24 10 1992 16.66 31.47 0.0 3.85
25 10 1992 16.09 30.46 0.0 3.84
26 10 1992 16.69 31.39 0.0 3.84
27 10 1992 17.1 31.67 0.0 4.19
28 10 1992 16.05 31.98 0.0 4.07
29 10 1992 14.96 31.47 0.0 3.89
30 10 1992 13.64 30.65 0.0 3.89
31 10 1992 14.16 30.65 0.0 3.9
1 11 1992 16.0 31.16 0.0 3.87
2 11 1992 17.91 31.55 0.0 3.76
3 11 1992 18.58 32.13 0.0 4.1
4 11 1992 15.88 32.03 0.0 4.85
5 11 1992 14.55 32.02 0.0 4.79
6 11 1992 14.51 31.59 0.0 4.65
7 11 1992 12.69 31.08 0.0 4.31
8 11 1992 12.17 31.32 0.0 4.02
9 11 1992 11.54 31.5 0.0 4.78
10 11 1992 11.47 31.38 0.0 4.36
11 11 1992 11.76 31.63 0.0 4.05
12 11 1992 11.44 30.85 0.0 4.24
13 11 1992 13.5 31.26 0.0 4.11
14 11 1992 14.98 30.67 0.0 3.94
15 11 1992 15.05 30.55 0.0 4.37
16 11 1992 15.36 31.28 0.0 4.28
17 11 1992 17.16 30.51 0.0 3.62
18 11 1992 18.81 31.46 0.0 3.49
19 11 1992 18.93 29.49 2.56 2.87
20 11 1992 17.11 30.44 0.15 3.48
21 11 1992 15.19 29.83 0.09 3.35
22 11 1992 14.62 30.26 0.05 4.15
23 11 1992 11.28 27.52 0.0 4.86
24 11 1992 10.87 27.65 0.0 4.18
25 11 1992 10.06 28.51 0.0 3.68
26 11 1992 9.9 29.83 0.0 3.76
27 11 1992 10.83 30.81 0.0 3.8
28 11 1992 11.22 31.79 0.0 4.26
29 11 1992 12.91 28.77 0.0 4.4
30 11 1992 10.28 29.3 0.0 3.81
1 12 1992 11.32 30.86 0.0 4.22
2 12 1992 11.54 30.8 0.0 3.98
3 12 1992 12.94 31.11 0.0 3.94
4 12 1992 12.55 31.4 0.0 3.89
5 12 1992 14.01 31.9 0.0 3.47
6 12 1992 15.55 31.65 0.0 3.25
7 12 1992 13.76 30.17 0.0 3.72
8 12 1992 14.38 29.7 0.0 3.56
9 12 1992 15.78 29.71 0.0 4.17
10 12 1992 12.37 29.72 0.0 4.32
11 12 1992 14.55 28.08 0.0 4.05
12 12 1992 13.76 29.2 0.0 3.37
13 12 1992 12.47 28.37 0.0 4.24
14 12 1992 10.69 28.23 0.0 4.48
15 12 1992 9.96 28.96 0.0 4.71
16 12 1992 9.46 29.23 0.0 4.17
17 12 1992 11.34 30.15 0.0 4.13
18 12 1992 10.98 30.81 0.0 4.28
19 12 1992 12.62 30.41 0.0 4.95
20 12 1992 12.02 31.56 0.0 4.48
21 12 1992 12.71 30.95 0.0 4.44
22 12 1992 12.61 30.08 0.0 4.41
23 12 1992 12.51 31.03 0.0 4.25
24 12 1992 12.38 30.8 0.0 3.25
25 12 1992 12.08 30.73 0.0 3.05
26 12 1992 11.82 31.17 0.0 3.87
27 12 1992 12.4 30.08 0.0 3.91
28 12 1992 13.06 28.51 0.0 4.84
29 12 1992 12.65 28.37 0.0 4.46
30 12 1992 11.57 30.01 0.0 4.1
31 12 1992 12.51 31.71 0.0 3.32
1 1 1993 13.73 32.31 0.0 3.36
2 1 1993 14.17 32.04 0.0 4.0
3 1 1993 14.64 31.67 0.0 3.7
4 1 1993 15.21 31.42 0.0 4.12
5 1 1993 15.55 31.15 0.0 3.88
6 1 1993 15.77 30.75 0.0 4.73
7 1 1993 14.71 28.78 0.0 4.04
8 1 1993 10.38 27.43 0.0 3.98
9 1 1993 11.89 28.65 0.0 4.37
10 1 1993 13.97 29.87 0.0 4.49
11 1 1993 12.47 29.53 0.0 4.07
12 1 1993 12.84 29.05 0.0 4.47
13 1 1993 12.49 29.23 0.0 3.9
14 1 1993 13.01 30.06 0.0 3.31
15 1 1993 13.6 30.67 0.0 4.59
16 1 1993 13.73 27.17 0.01 3.93
17 1 1993 9.72 26.2 0.02 3.56
18 1 1993 9.12 27.67 0.0 4.2
19 1 1993 8.21 25.88 0.0 4.67
20 1 1993 7.23 26.26 0.0 4.08
21 1 1993 8.18 27.8 0.0 4.27
22 1 1993 8.05 27.91 0.0 5.67
23 1 1993 8.9 27.58 0.0 5.06
24 1 1993 9.69 28.9 0.0 4.19
25 1 1993 11.89 30.19 0.0 4.57
26 1 1993 12.01 30.9 0.0 5.75
27 1 1993 11.58 31.44 0.0 5.49
28 1 1993 13.45 32.19 0.0 4.58
29 1 1993 13.48 29.63 0.0 5.12
30 1 1993 9.91 28.83 0.0 4.92
31 1 1993 10.54 29.01 0.0 5.7
1 2 1993 10.69 29.78 0.0 6.02
2 2 1993 12.83 30.86 0.0 5.81
3 2 1993 11.96 31.48 0.0 5.9
4 2 1993 11.8 30.39 0.0 5.16
5 2 1993 12.15 32.23 0.0 5.43
6 2 1993 12.31 32.98 0.0 5.92
7 2 1993 12.72 34.35 0.0 6.08
8 2 1993 13.39 34.98 0.0 5.7
9 2 1993 13.99 36.01 0.0 6.63
10 2 1993 13.69 35.93 0.0 6.52
11 2 1993 14.15 35.44 0.0 5.67
12 2 1993 14.85 35.58 0.0 5.52
13 2 1993 14.26 35.62 0.0 5.67
14 2 1993 18.26 36.09 0.0 4.99
15 2 1993 16.83 36.43 0.0 6.08
16 2 1993 17.08 35.84 0.0 6.83
17 2 1993 16.48 34.41 0.0 6.63
18 2 1993 15.39 33.05 0.0 5.89
19 2 1993 10.42 28.83 0.0 6.48
20 2 1993 6.45 27.83 0.0 5.17
21 2 1993 7.99 29.31 0.0 5.41
22 2 1993 9.9 31.19 0.0 5.31
23 2 1993 14.83 32.01 0.0 5.71
24 2 1993 16.84 32.06 0.0 5.56
25 2 1993 19.76 29.12 0.48 4.51
26 2 1993 16.99 29.99 3.03 3.89
27 2 1993 14.9 30.01 0.14 4.74
28 2 1993 13.77 28.87 0.11 4.76
1 3 1993 13.92 28.8 0.0 5.69
2 3 1993 13.05 29.62 0.04 6.04
3 3 1993 15.23 31.3 1.09 5.97
4 3 1993 17.98 31.73 0.02 5.75
5 3 1993 17.41 33.08 0.07 6.89
6 3 1993 16.17 33.14 0.0 7.23
7 3 1993 15.69 34.58 0.0 6.61
8 3 1993 17.49 35.56 0.0 6.46
9 3 1993 16.95 36.76 0.0 6.49
10 3 1993 16.32 36.34 0.0 6.67
11 3 1993 18.63 36.51 0.0 6.82
12 3 1993 16.61 34.58 0.0 7.41
13 3 1993 17.8 33.67 0.0 6.97
14 3 1993 17.44 34.28 0.0 7.23
15 3 1993 17.5 34.76 0.0 6.05
16 3 1993 15.26 34.45 0.0 6.19
17 3 1993 15.27 35.19 0.0 6.79
18 3 1993 15.88 36.08 0.0 7.16
19 3 1993 15.39 35.94 0.0 7.73
20 3 1993 15.26 36.37 0.0 7.24
21 3 1993 17.95 36.76 0.0 8.34
22 3 1993 21.76 37.31 0.0 8.14
23 3 1993 20.4 37.21 0.0 8.58
24 3 1993 20.98 33.76 0.0 8.3
25 3 1993 16.17 31.33 0.0 8.38
26 3 1993 11.57 31.5 0.0 7.01
27 3 1993 13.74 32.76 0.0 6.36
28 3 1993 14.56 33.26 0.0 7.25
29 3 1993 15.02 35.44 0.0 6.46
30 3 1993 16.12 35.73 0.0 6.9
31 3 1993 16.77 36.02 0.0 6.56
1 4 1993 17.04 34.95 0.0 8.06
2 4 1993 17.1 34.98 0.0 8.21
3 4 1993 18.45 37.31 0.0 8.82
4 4 1993 18.66 38.52 0.0 10.17
5 4 1993 18.07 38.23 0.02 7.6
6 4 1993 18.48 39.14 0.0 7.36
7 4 1993 20.2 37.39 0.0 9.04
8 4 1993 19.52 37.75 0.0 7.4
9 4 1993 19.87 39.08 0.57 6.7
10 4 1993 20.88 39.47 0.0 7.4
11 4 1993 22.76 37.44 0.0 8.06
12 4 1993 21.66 35.7 0.0 7.12
13 4 1993 24.78 35.12 0.0 7.46
14 4 1993 23.8 35.79 0.1 5.85
15 4 1993 22.78 39.42 0.05 7.2
16 4 1993 24.51 41.26 0.11 8.49
17 4 1993 24.33 40.78 0.01 8.77
18 4 1993 24.16 39.08 0.0 7.61
19 4 1993 22.88 41.34 0.0 8.06
20 4 1993 23.73 41.83 0.0 7.88
21 4 1993 25.11 42.28 0.0 7.55
22 4 1993 25.52 42.53 0.0 7.87
23 4 1993 26.55 44.17 0.0 10.5
24 4 1993 25.49 43.94 0.0 11.11
25 4 1993 24.55 43.32 0.0 11.06
26 4 1993 24.0 42.75 0.0 11.04
27 4 1993 26.39 43.05 0.0 12.07
28 4 1993 24.97 42.58 0.0 10.93
29 4 1993 25.67 41.73 0.0 10.39
30 4 1993 24.79 41.02 0.0 10.35
1 5 1993 25.38 41.45 0.0 10.43
2 5 1993 24.3 42.8 0.0 11.07
3 5 1993 24.42 42.41 0.0 9.97
4 5 1993 24.04 43.07 0.0 11.11
5 5 1993 24.44 43.68 0.0 11.53
6 5 1993 24.54 43.85 0.0 11.84
7 5 1993 25.89 43.87 0.0 12.41
8 5 1993 24.35 42.78 0.0 12.9
9 5 1993 23.5 41.77 0.0 11.19
10 5 1993 26.35 42.23 0.0 10.72
11 5 1993 25.9 42.95 0.0 11.66
12 5 1993 24.17 42.69 2.26 9.89
13 5 1993 24.65 43.05 0.0 10.77
14 5 1993 25.07 43.4 0.0 10.63
15 5 1993 27.6 42.19 0.0 11.56
16 5 1993 25.98 40.76 0.0 11.63
17 5 1993 26.58 40.23 0.0 11.42
18 5 1993 25.5 41.0 0.0 10.46
19 5 1993 26.64 41.56 0.0 10.25
20 5 1993 25.85 41.54 0.0 10.13
21 5 1993 26.94 41.8 0.24 9.32
22 5 1993 28.1 43.07 0.33 8.17
23 5 1993 28.77 44.69 0.03 9.0
24 5 1993 29.69 45.27 0.45 10.49
25 5 1993 28.9 45.18 0.03 11.73
26 5 1993 29.94 43.95 0.53 10.76
27 5 1993 29.87 46.9 0.16 13.41
28 5 1993 28.75 45.33 0.0 13.22
29 5 1993 27.76 43.07 0.0 12.47
30 5 1993 27.05 41.94 0.05 11.97
31 5 1993 26.83 42.39 0.0 10.82
1 6 1993 27.37 40.71 0.02 10.61
2 6 1993 28.02 41.63 0.03 10.8
3 6 1993 26.76 42.4 0.23 11.74
4 6 1993 26.32 42.16 0.0 10.7
5 6 1993 27.6 43.12 0.0 10.72
6 6 1993 27.68 43.95 0.0 11.08
7 6 1993 28.08 44.7 0.0 11.31
8 6 1993 28.09 44.86 0.0 10.79
9 6 1993 28.91 44.66 0.0 11.9
10 6 1993 29.58 44.7 0.05 11.2
11 6 1993 30.11 43.23 1.15 12.72
12 6 1993 29.39 42.37 0.03 11.1
13 6 1993 28.48 40.59 0.02 10.7
14 6 1993 29.37 37.13 4.7 5.64
15 6 1993 27.68 34.65 15.5 6.23
16 6 1993 26.05 36.47 4.66 4.73
17 6 1993 25.98 35.24 9.74 6.4
18 6 1993 25.97 36.57 7.9 6.87
19 6 1993 25.24 36.46 6.51 7.68
20 6 1993 25.12 37.88 3.88 7.52
21 6 1993 25.19 36.99 0.44 7.93
22 6 1993 25.83 36.3 6.71 7.83
23 6 1993 24.71 36.42 9.24 7.05
24 6 1993 24.58 36.57 1.44 7.01
25 6 1993 25.58 36.26 2.87 5.46
26 6 1993 26.29 36.57 1.21 6.66
27 6 1993 25.52 37.28 2.49 5.7
28 6 1993 25.0 38.56 0.49 6.37
29 6 1993 25.97 37.65 0.51 7.58
30 6 1993 26.56 37.65 1.03 7.85
1 7 1993 26.37 37.29 2.96 7.6
2 7 1993 26.67 38.44 0.39 7.16
3 7 1993 26.76 38.27 3.0 6.99
4 7 1993 27.02 35.49 6.02 5.48
5 7 1993 25.98 34.06 9.58 5.42
6 7 1993 25.57 33.21 12.56 5.58
7 7 1993 24.77 33.5 12.77 4.91
8 7 1993 24.55 31.87 19.24 3.81
9 7 1993 24.9 31.85 28.54 4.39
10 7 1993 25.37 29.71 39.26 2.77
11 7 1993 25.05 30.17 15.86 2.78
12 7 1993 24.79 31.76 43.79 4.64
13 7 1993 24.64 32.62 5.16 4.36
14 7 1993 24.75 31.83 4.51 4.0
15 7 1993 24.88 30.44 2.61 1.88
16 7 1993 25.05 32.44 7.26 3.28
17 7 1993 24.94 30.19 44.01 2.19
18 7 1993 23.78 31.14 31.06 4.32
19 7 1993 23.94 30.81 8.92 4.95
20 7 1993 24.6 31.46 1.81 4.72
21 7 1993 24.19 29.83 0.44 4.53
22 7 1993 23.44 30.94 0.17 4.49
23 7 1993 23.63 31.34 0.71 4.17
24 7 1993 23.98 31.62 0.79 5.24
25 7 1993 23.37 32.42 0.09 5.52
26 7 1993 23.0 32.76 0.01 4.48
27 7 1993 23.35 32.92 7.39 4.72
28 7 1993 23.73 32.4 6.87 5.37
29 7 1993 24.0 30.92 33.27 5.33
30 7 1993 24.03 32.29 3.84 5.56
31 7 1993 24.05 31.78 2.64 5.43
1 8 1993 24.02 32.42 1.3 5.08
2 8 1993 24.02 32.81 0.15 5.43
3 8 1993 24.08 31.09 17.57 3.88
4 8 1993 24.26 28.1 13.36 1.65
5 8 1993 23.69 30.52 27.64 2.08
6 8 1993 22.62 26.28 18.42 1.97
7 8 1993 22.63 30.21 13.69 3.3
8 8 1993 22.8 31.15 2.18 5.22
9 8 1993 22.4 30.37 0.05 4.64
10 8 1993 22.79 31.2 0.0 4.45
11 8 1993 22.76 31.05 0.0 4.75
12 8 1993 22.9 30.85 0.14 5.06
13 8 1993 22.73 31.39 0.63 4.92
14 8 1993 22.75 32.19 0.27 5.2
15 8 1993 23.02 31.63 0.0 5.04
16 8 1993 23.45 31.56 0.48 4.7
17 8 1993 23.44 30.76 5.78 2.61
18 8 1993 23.42 31.76 9.09 2.93
19 8 1993 23.5 30.18 28.61 3.84
20 8 1993 24.08 30.69 8.66 4.66
21 8 1993 22.95 31.32 0.28 5.13
22 8 1993 22.44 30.9 0.0 5.02
23 8 1993 22.25 30.66 0.0 4.98
24 8 1993 22.48 29.98 0.89 5.12
25 8 1993 21.65 30.38 0.29 4.86
26 8 1993 22.06 30.95 0.0 4.67
27 8 1993 21.63 31.38 0.01 4.63
28 8 1993 22.35 31.29 0.0 4.23
29 8 1993 22.76 31.44 0.0 4.92
30 8 1993 22.87 31.75 1.03 4.94
31 8 1993 22.61 32.78 0.16 4.84
1 9 1993 23.74 31.16 2.69 4.76
2 9 1993 22.61 32.53 3.47 4.49
3 9 1993 22.34 30.48 1.15 4.87
4 9 1993 22.37 31.21 9.79 4.06
5 9 1993 22.15 31.51 5.93 4.82
6 9 1993 21.57 30.98 15.21 4.74
7 9 1993 21.87 31.12 1.1 4.31
8 9 1993 21.94 31.69 0.27 4.39
9 9 1993 22.37 31.46 0.51 4.39
10 9 1993 22.98 31.86 13.59 3.89
11 9 1993 22.31 30.58 12.64 3.63
12 9 1993 22.54 30.69 4.18 4.14
13 9 1993 22.43 31.3 1.72 4.39
14 9 1993 22.01 31.4 9.09 4.65
15 9 1993 22.05 32.3 1.67 4.53
16 9 1993 21.29 33.37 2.03 4.79
17 9 1993 20.54 32.37 0.93 4.35
18 9 1993 20.38 33.73 0.29 5.13
19 9 1993 21.33 33.92 0.59 4.2
20 9 1993 20.28 34.24 1.22 4.48
21 9 1993 21.49 34.15 1.51 4.6
22 9 1993 23.32 33.05 0.24 4.41
23 9 1993 23.64 32.89 6.94 4.48
24 9 1993 24.14 31.06 6.62 2.85
25 9 1993 23.33 30.85 27.87 4.26
26 9 1993 23.01 31.69 3.19 4.43
27 9 1993 23.2 32.8 5.45 4.45
28 9 1993 21.05 33.05 4.01 4.36
29 9 1993 21.36 33.01 1.78 3.61
30 9 1993 21.53 33.94 0.1 4.03
1 10 1993 21.79 35.06 0.0 4.67
2 10 1993 21.34 35.2 0.0 5.21
3 10 1993 20.04 33.92 0.0 5.01
4 10 1993 19.46 34.05 0.0 4.76
5 10 1993 19.9 35.25 0.0 4.51
6 10 1993 19.93 35.11 0.0 4.05
7 10 1993 21.26 34.87 0.0 4.46
8 10 1993 20.18 35.47 0.0 4.46
9 10 1993 20.88 35.41 0.0 4.49
10 10 1993 21.94 35.94 0.0 4.63
11 10 1993 19.19 35.51 0.0 5.09
12 10 1993 18.89 35.43 0.0 5.48
13 10 1993 19.7 34.55 1.57 4.91
14 10 1993 21.66 34.55 0.45 4.64
15 10 1993 20.73 35.37 0.05 4.29
16 10 1993 20.37 35.16 0.27 4.62
17 10 1993 19.46 35.01 0.7 4.46
18 10 1993 20.65 33.92 0.0 4.4
19 10 1993 20.72 31.67 0.47 3.99
20 10 1993 20.23 33.87 0.17 2.75
21 10 1993 21.44 33.84 0.0 4.25
22 10 1993 20.57 34.37 0.01 4.25
23 10 1993 18.98 33.38 0.83 3.69
24 10 1993 20.62 32.51 3.55 4.07
25 10 1993 20.35 26.65 2.13 1.82
26 10 1993 19.05 31.01 0.62 3.71
27 10 1993 20.07 33.42 0.0 3.53
28 10 1993 20.14 34.15 0.0 3.51
29 10 1993 20.47 34.51 0.05 3.66
30 10 1993 18.91 34.26 0.01 3.31
31 10 1993 17.81 34.4 0.0 4.51
1 11 1993 13.61 33.27 0.0 5.06
2 11 1993 13.23 32.8 0.0 4.57
3 11 1993 14.22 33.31 0.0 4.34
4 11 1993 14.75 33.79 0.0 3.8
5 11 1993 16.01 34.08 0.0 3.68
6 11 1993 16.61 34.86 0.0 4.15
7 11 1993 17.61 34.56 0.0 3.75
8 11 1993 18.67 33.86 0.0 3.44
9 11 1993 20.53 34.55 0.0 4.05
10 11 1993 17.47 34.26 0.0 4.78
11 11 1993 17.37 31.93 0.0 4.5
12 11 1993 17.47 32.37 0.0 4.6
13 11 1993 16.56 29.08 0.0 3.99
14 11 1993 15.64 32.48 0.0 3.89
15 11 1993 15.66 32.91 0.0 3.68
16 11 1993 15.85 33.37 0.0 4.11
17 11 1993 20.83 32.69 1.87 3.72
18 11 1993 18.89 32.42 0.87 3.82
19 11 1993 16.48 33.49 0.02 4.32
20 11 1993 16.86 32.93 0.0 4.9
21 11 1993 18.42 32.85 0.0 4.37
22 11 1993 18.33 32.27 0.0 4.69
23 11 1993 14.64 32.19 0.26 3.98
24 11 1993 13.4 30.97 0.0 5.4
25 11 1993 11.83 31.46 0.0 4.51
26 11 1993 11.73 32.0 0.0 4.19
27 11 1993 10.93 32.18 0.0 4.8
28 11 1993 13.26 29.8 0.0 4.63
29 11 1993 14.76 32.8 0.0 4.45
30 11 1993 15.48 32.01 0.0 2.9
1 12 1993 15.0 33.12 0.0 3.28
2 12 1993 12.76 32.34 0.0 3.95
3 12 1993 12.73 32.51 0.0 4.08
4 12 1993 12.48 31.54 0.0 5.65
5 12 1993 11.97 32.24 0.0 6.13
6 12 1993 11.81 32.33 0.0 5.52
7 12 1993 12.44 32.02 0.1 5.28
8 12 1993 12.6 32.6 0.0 4.9
9 12 1993 11.19 31.94 0.52 4.18
10 12 1993 11.17 31.69 0.0 3.48
11 12 1993 11.4 31.23 0.0 3.61
12 12 1993 10.64 30.26 0.0 3.4
13 12 1993 12.42 29.95 0.0 3.23
14 12 1993 10.58 29.99 0.0 3.85
15 12 1993 9.5 29.87 0.0 4.17
16 12 1993 10.65 30.58 0.0 4.23
17 12 1993 10.35 30.68 0.0 4.26
18 12 1993 10.7 30.62 0.0 3.5
19 12 1993 11.25 27.3 0.0 3.3
20 12 1993 11.79 29.36 0.0 4.54
21 12 1993 10.01 29.77 0.0 4.62
22 12 1993 9.35 29.86 0.0 4.76
23 12 1993 9.21 28.98 0.0 4.97
24 12 1993 8.3 28.33 0.0 4.7
25 12 1993 8.37 28.62 0.0 5.37
26 12 1993 9.05 28.39 0.0 4.83
27 12 1993 10.76 27.71 0.0 4.43
28 12 1993 13.87 30.05 0.0 4.45
29 12 1993 12.8 29.72 0.0 3.7
30 12 1993 12.52 29.97 0.0 4.22
31 12 1993 13.69 30.87 0.0 4.91
1 1 1994 15.11 30.54 2.28 3.97
2 1 1994 12.58 29.83 4.02 3.88
3 1 1994 11.36 29.24 0.0 4.65
4 1 1994 11.5 29.08 0.1 4.21
5 1 1994 12.34 30.13 0.0 3.71
6 1 1994 12.31 30.85 0.0 4.08
7 1 1994 12.94 31.62 0.0 4.24
8 1 1994 13.95 30.78 0.0 2.91
9 1 1994 13.31 30.58 0.0 3.74
10 1 1994 14.73 31.75 0.0 4.1
11 1 1994 17.33 27.4 3.7 3.67
12 1 1994 14.92 25.68 12.17 2.96
13 1 1994 11.53 25.18 0.0 2.7
14 1 1994 9.34 24.3 0.45 2.86
15 1 1994 7.01 23.54 0.0 3.47
16 1 1994 6.23 23.87 0.0 2.99
17 1 1994 7.06 25.84 0.0 3.41
18 1 1994 7.62 27.3 0.0 3.56
19 1 1994 9.26 27.04 0.0 3.71
20 1 1994 8.41 26.64 0.0 3.58
21 1 1994 10.83 28.89 0.0 5.03
22 1 1994 13.58 29.49 0.0 4.35
23 1 1994 15.45 30.01 4.07 3.94
24 1 1994 14.94 31.51 0.01 3.55
25 1 1994 15.32 32.25 0.0 3.61
26 1 1994 15.86 33.05 0.0 3.8
27 1 1994 15.65 33.44 0.0 4.21
28 1 1994 15.12 33.03 0.0 5.21
29 1 1994 12.43 28.65 0.0 5.35
30 1 1994 8.89 27.17 0.0 4.67
31 1 1994 8.65 27.88 0.0 3.99
1 2 1994 8.6 28.49 0.0 5.52
2 2 1994 8.3 28.76 0.0 5.31
3 2 1994 9.9 29.87 0.0 4.71
4 2 1994 11.7 31.28 0.0 5.31
5 2 1994 15.52 30.7 0.0 4.56
6 2 1994 13.27 30.64 0.0 4.1
7 2 1994 13.64 31.66 0.0 5.0
8 2 1994 12.3 29.17 0.0 5.86
9 2 1994 9.81 26.92 1.85 5.05
10 2 1994 8.64 29.12 0.08 4.22
11 2 1994 9.98 29.08 0.0 5.0
12 2 1994 11.98 28.73 0.0 5.02
13 2 1994 10.89 30.69 0.0 4.8
14 2 1994 11.13 30.39 0.0 4.21
15 2 1994 13.38 31.12 0.0 4.41
16 2 1994 13.4 30.93 0.0 4.9
17 2 1994 12.24 30.33 0.0 6.24
18 2 1994 13.01 31.62 0.0 7.22
19 2 1994 13.73 33.3 0.0 7.18
20 2 1994 12.94 30.08 0.0 6.2
21 2 1994 12.51 24.4 0.0 6.51
22 2 1994 8.73 27.04 0.0 4.46
23 2 1994 8.44 28.98 0.0 4.82
24 2 1994 9.94 31.56 0.0 5.98
25 2 1994 11.57 32.22 0.0 5.88
26 2 1994 12.55 34.66 0.0 5.75
27 2 1994 16.32 34.15 0.0 6.15
28 2 1994 14.43 32.52 0.0 7.1
1 3 1994 13.26 32.69 0.0 6.74
2 3 1994 13.67 34.83 0.0 6.07
3 3 1994 15.55 36.95 0.0 7.19
4 3 1994 16.7 36.78 0.0 6.95
5 3 1994 16.92 35.64 0.0 6.98
6 3 1994 17.1 35.28 0.0 6.74
7 3 1994 16.01 34.7 0.0 6.71
8 3 1994 15.02 35.47 0.0 6.25
9 3 1994 14.8 36.67 0.0 5.72
10 3 1994 15.29 37.3 0.0 7.73
11 3 1994 17.51 38.19 0.0 6.66
12 3 1994 20.03 39.19 0.0 6.62
13 3 1994 20.21 40.56 0.0 7.31
14 3 1994 21.58 39.79 0.0 7.15
15 3 1994 22.9 40.8 0.0 6.3
16 3 1994 23.05 40.99 0.0 7.46
17 3 1994 21.78 40.94 0.0 7.89
18 3 1994 20.74 41.62 0.0 7.81
19 3 1994 21.73 42.63 0.0 8.14
20 3 1994 22.59 40.82 0.0 8.65
21 3 1994 19.07 37.94 0.0 8.54
22 3 1994 17.26 38.07 0.0 7.25
23 3 1994 19.06 40.24 0.0 7.5
24 3 1994 19.38 40.18 0.0 7.47
25 3 1994 21.19 40.4 0.0 9.0
26 3 1994 21.38 40.44 0.0 7.3
27 3 1994 20.65 39.65 0.0 8.12
28 3 1994 22.1 40.55 0.0 7.17
29 3 1994 23.44 42.01 0.0 8.01
30 3 1994 23.33 42.19 0.0 9.24
31 3 1994 23.08 40.01 0.0 9.38
1 4 1994 20.8 39.11 0.0 8.92
2 4 1994 20.57 38.15 0.0 8.16
3 4 1994 20.05 39.16 0.0 7.35
4 4 1994 22.02 39.1 0.0 8.4
5 4 1994 22.15 38.77 0.0 7.98
6 4 1994 23.54 37.48 0.43 7.23
7 4 1994 21.22 35.68 0.0 10.21
8 4 1994 18.05 36.55 1.93 9.81
9 4 1994 19.33 37.23 0.02 8.31
10 4 1994 20.38 38.25 0.04 8.93
11 4 1994 19.27 38.51 0.74 7.73
12 4 1994 18.98 38.44 0.02 7.65
13 4 1994 20.43 39.0 0.0 7.92
14 4 1994 24.51 38.44 0.0 7.75
15 4 1994 22.62 39.95 0.42 8.78
16 4 1994 21.87 39.25 0.04 9.07
17 4 1994 21.44 38.18 0.07 9.71
18 4 1994 20.23 38.67 0.0 7.2
19 4 1994 21.66 39.23 0.0 9.43
20 4 1994 24.43 38.93 0.13 9.93
21 4 1994 24.4 39.12 0.1 8.26
22 4 1994 24.59 39.31 0.38 8.48
23 4 1994 25.23 38.83 0.4 9.08
24 4 1994 24.02 38.6 0.0 7.32
25 4 1994 24.28 37.11 0.0 8.15
26 4 1994 21.7 41.09 0.0 8.95
27 4 1994 22.77 41.8 0.0 8.5
28 4 1994 25.51 42.08 0.0 7.13
29 4 1994 25.21 43.01 0.0 8.29
30 4 1994 26.66 38.05 0.7 8.57
1 5 1994 24.14 37.9 0.07 7.49
2 5 1994 24.37 37.46 0.24 7.1
3 5 1994 25.33 41.25 0.18 9.94
4 5 1994 24.8 40.75 0.13 10.36
5 5 1994 24.74 40.31 0.12 10.33
6 5 1994 25.27 40.57 0.34 10.2
7 5 1994 24.73 41.18 0.0 10.29
8 5 1994 25.67 40.82 0.02 10.67
9 5 1994 26.04 41.77 0.0 10.89
10 5 1994 25.58 41.29 0.0 9.97
11 5 1994 26.08 42.01 0.0 10.44
12 5 1994 25.39 41.8 0.0 9.95
13 5 1994 26.37 41.17 0.0 9.92
14 5 1994 25.51 41.12 0.08 9.02
15 5 1994 24.03 43.76 0.0 9.61
16 5 1994 27.0 43.85 0.0 11.76
17 5 1994 25.45 44.04 0.0 12.21
18 5 1994 25.66 43.09 0.0 11.53
19 5 1994 26.61 43.31 0.0 11.11
20 5 1994 27.61 44.44 0.0 10.82
21 5 1994 28.16 46.7 0.0 10.68
22 5 1994 29.62 47.96 0.01 13.54
23 5 1994 28.22 45.48 0.0 13.76
24 5 1994 26.25 43.62 0.0 11.71
25 5 1994 27.05 44.23 0.0 11.06
26 5 1994 27.96 44.24 0.0 10.81
27 5 1994 28.99 45.79 0.03 10.21
28 5 1994 30.15 46.95 0.0 11.71
29 5 1994 29.88 47.71 0.93 11.11
30 5 1994 29.74 47.53 0.0 10.63
31 5 1994 31.5 46.07 0.0 12.38
1 6 1994 30.2 44.68 0.0 12.95
2 6 1994 28.71 43.37 0.0 11.95
3 6 1994 28.55 42.33 0.0 10.88
4 6 1994 29.31 43.56 0.0 10.47
5 6 1994 28.55 45.19 0.0 9.17
6 6 1994 31.15 45.69 0.0 10.47
7 6 1994 30.84 43.23 0.0 11.14
8 6 1994 28.52 42.04 0.0 10.92
9 6 1994 28.73 42.87 3.4 10.06
10 6 1994 28.49 37.17 22.3 7.75
11 6 1994 26.36 37.12 0.98 6.59
12 6 1994 26.08 36.39 0.8 5.27
13 6 1994 26.92 30.9 29.01 4.79
14 6 1994 26.06 33.35 11.95 4.29
15 6 1994 25.9 33.52 2.05 3.68
16 6 1994 25.83 37.74 5.95 3.79
17 6 1994 24.76 39.41 0.33 7.85
18 6 1994 25.42 39.26 0.1 8.71
19 6 1994 25.17 38.32 0.0 8.6
20 6 1994 24.92 36.37 0.0 7.81
21 6 1994 25.4 36.63 0.0 7.95
22 6 1994 25.27 36.95 0.03 7.52
23 6 1994 25.29 36.13 4.23 6.03
24 6 1994 25.41 34.08 11.08 3.15
25 6 1994 25.26 33.06 6.99 5.27
26 6 1994 25.22 32.48 4.99 4.32
27 6 1994 25.19 34.47 7.6 6.02
28 6 1994 24.95 32.44 5.0 4.26
29 6 1994 24.58 31.51 11.99 4.12
30 6 1994 23.99 31.19 17.72 4.46
1 7 1994 24.53 28.4 38.48 2.25
2 7 1994 23.94 30.44 25.69 4.63
3 7 1994 24.17 31.62 17.69 5.18
4 7 1994 24.26 31.52 10.03 3.7
5 7 1994 24.54 30.6 31.68 2.57
6 7 1994 24.19 30.2 9.97 3.76
7 7 1994 24.3 30.97 2.38 5.24
8 7 1994 23.26 31.75 1.65 5.0
9 7 1994 24.05 30.4 11.16 4.61
10 7 1994 24.15 32.01 2.36 4.84
11 7 1994 24.44 31.44 8.26 4.41
12 7 1994 25.18 30.26 5.57 4.54
13 7 1994 24.5 31.19 19.02 3.71
14 7 1994 25.19 31.16 9.73 3.66
15 7 1994 24.26 31.58 3.95 3.63
16 7 1994 23.93 28.23 4.64 3.68
17 7 1994 23.79 30.69 6.08 2.94
18 7 1994 23.7 28.62 17.81 2.34
19 7 1994 24.04 31.57 2.81 4.15
20 7 1994 23.51 28.37 4.66 2.93
21 7 1994 23.78 29.67 8.17 3.5
22 7 1994 24.26 30.19 11.71 2.08
23 7 1994 23.92 29.0 7.6 3.09
24 7 1994 24.3 28.88 7.94 3.96
25 7 1994 23.61 29.8 4.69 3.62
26 7 1994 24.33 28.15 6.59 2.56
27 7 1994 23.92 30.93 3.56 5.08
28 7 1994 23.87 30.19 1.3 4.16
29 7 1994 24.08 28.61 1.52 3.59
30 7 1994 24.05 29.97 5.75 3.25
31 7 1994 23.51 28.4 5.01 2.53
1 8 1994 23.52 29.36 5.74 2.87
2 8 1994 23.92 29.38 39.48 3.1
3 8 1994 22.9 30.58 8.31 3.52
4 8 1994 22.97 29.93 2.57 3.63
5 8 1994 23.09 26.12 9.87 1.15
6 8 1994 22.58 28.89 6.46 3.09
7 8 1994 23.17 28.83 4.31 3.1
8 8 1994 23.15 26.95 1.94 3.31
9 8 1994 22.86 30.0 4.15 3.43
10 8 1994 23.38 27.8 3.59 3.29
11 8 1994 23.54 29.08 4.23 3.91
12 8 1994 23.94 27.29 14.38 1.12
13 8 1994 23.66 27.21 22.46 1.99
14 8 1994 22.73 29.42 14.71 3.96
15 8 1994 22.45 28.01 4.46 3.58
16 8 1994 22.53 29.62 1.23 3.41
17 8 1994 23.03 29.15 1.9 3.54
18 8 1994 22.68 29.94 2.96 3.9
19 8 1994 23.63 28.57 3.65 3.49
20 8 1994 23.58 28.44 56.24 3.48
21 8 1994 22.68 29.53 14.45 3.99
22 8 1994 23.01 30.53 0.99 4.23
23 8 1994 23.71 28.76 0.17 4.38
24 8 1994 23.33 30.12 0.04 2.86
25 8 1994 23.35 29.35 6.13 3.94
26 8 1994 23.15 29.11 5.57 2.78
27 8 1994 23.73 30.1 10.0 3.46
28 8 1994 23.72 28.13 21.83 1.92
29 8 1994 22.71 29.77 9.41 3.21
30 8 1994 23.61 28.46 6.35 2.1
31 8 1994 24.57 29.99 9.15 4.21
1 9 1994 24.78 30.79 10.32 4.53
2 9 1994 24.42 30.65 11.51 2.72
3 9 1994 22.99 29.77 12.18 3.94
4 9 1994 22.82 28.99 0.92 3.69
5 9 1994 23.05 28.48 0.25 3.29
6 9 1994 24.3 29.89 29.78 4.38
7 9 1994 24.51 27.55 43.95 3.17
8 9 1994 23.75 28.37 58.05 3.53
9 9 1994 23.57 28.97 15.45 2.68
10 9 1994 23.37 28.51 8.41 3.09
11 9 1994 22.87 28.42 4.01 3.43
12 9 1994 22.05 28.65 2.13 3.84
13 9 1994 20.84 29.08 0.19 3.74
14 9 1994 20.99 29.15 2.43 3.08
15 9 1994 21.73 30.8 2.1 4.19
16 9 1994 21.38 30.35 3.99 4.11
17 9 1994 22.13 29.76 2.58 3.66
18 9 1994 20.26 28.8 0.14 3.45
19 9 1994 18.0 27.33 1.19 3.82
20 9 1994 16.44 26.21 0.16 3.67
21 9 1994 16.51 27.06 0.0 3.74
22 9 1994 17.68 28.34 0.0 3.88
23 9 1994 18.62 29.17 0.0 3.81
24 9 1994 18.12 30.36 0.0 2.86
25 9 1994 18.8 30.58 0.0 4.17
26 9 1994 18.76 30.46 0.0 4.15
27 9 1994 18.09 30.01 0.0 4.02
28 9 1994 17.51 29.39 0.0 4.11
29 9 1994 16.9 29.8 0.0 4.13
30 9 1994 19.35 30.69 0.0 4.15
1 10 1994 19.08 31.12 0.0 4.36
2 10 1994 18.18 30.83 0.0 4.3
3 10 1994 18.14 30.79 0.0 4.09
4 10 1994 19.01 31.22 0.0 4.33
5 10 1994 18.18 31.87 0.0 4.45
6 10 1994 17.79 31.19 0.0 3.89
7 10 1994 18.48 30.98 0.0 4.34
8 10 1994 17.12 30.74 0.0 4.4
9 10 1994 17.55 31.79 0.0 4.14
10 10 1994 18.88 30.66 0.0 4.09
11 10 1994 18.03 30.79 0.0 3.99
12 10 1994 18.78 29.84 0.0 3.99
13 10 1994 17.25 28.05 0.0 3.9
14 10 1994 14.19 28.48 0.0 3.85
15 10 1994 12.98 29.13 0.41 4.01
16 10 1994 14.19 29.34 0.0 4.07
17 10 1994 14.94 29.99 0.0 4.33
18 10 1994 13.63 29.57 0.0 4.3
19 10 1994 13.21 30.0 0.0 4.05
20 10 1994 13.91 30.55 0.0 3.83
21 10 1994 14.92 31.03 0.0 3.99
22 10 1994 15.66 31.58 0.01 3.99
23 10 1994 17.29 32.28 0.0 3.76
24 10 1994 17.8 32.34 0.0 3.53
25 10 1994 18.51 33.01 0.0 3.44
26 10 1994 18.72 33.08 0.0 3.67
27 10 1994 18.69 33.95 0.0 3.82
28 10 1994 19.07 33.68 0.0 3.67
29 10 1994 21.44 33.01 0.0 3.73
30 10 1994 20.21 33.15 0.0 3.78
31 10 1994 19.51 31.8 0.11 3.78
1 11 1994 18.83 32.11 0.0 3.98
2 11 1994 18.15 32.6 0.0 3.99
3 11 1994 14.4 32.41 0.0 4.46
4 11 1994 13.87 31.98 0.0 4.55
5 11 1994 14.23 32.49 0.0 4.61
6 11 1994 14.36 32.69 0.0 4.3
7 11 1994 14.01 32.39 0.0 4.03
8 11 1994 13.89 31.7 0.0 4.45
9 11 1994 13.95 31.57 0.0 4.2
10 11 1994 13.51 31.84 0.0 4.32
11 11 1994 13.41 31.23 0.0 3.76
12 11 1994 14.37 31.46 0.0 3.56
13 11 1994 17.32 31.55 0.0 3.71
14 11 1994 18.07 29.48 0.06 3.81
15 11 1994 15.36 30.28 0.48 3.65
16 11 1994 17.13 31.0 0.15 4.07
17 11 1994 15.06 31.05 0.0 4.24
18 11 1994 13.52 30.44 0.0 4.26
19 11 1994 11.26 29.2 0.0 4.2
20 11 1994 11.58 29.16 0.0 3.92
21 11 1994 12.68 29.98 0.0 3.77
22 11 1994 13.3 29.25 0.0 3.85
23 11 1994 11.3 28.26 0.0 4.28
24 11 1994 11.0 28.93 0.0 4.17
25 11 1994 10.26 30.01 0.0 3.77
26 11 1994 12.89 30.83 0.0 3.46
27 11 1994 13.27 31.41 0.0 3.57
28 11 1994 13.09 30.82 0.0 3.33
29 11 1994 13.4 30.69 0.0 3.07
30 11 1994 13.4 30.89 0.0 3.17
1 12 1994 13.87 31.33 0.0 3.27
2 12 1994 13.48 31.69 0.0 3.73
3 12 1994 12.65 30.16 0.0 3.37
4 12 1994 12.33 31.32 0.0 3.72
5 12 1994 12.98 31.71 0.0 3.9
6 12 1994 13.14 31.18 0.0 3.08
7 12 1994 14.73 31.15 0.0 3.38
8 12 1994 15.29 30.23 0.0 3.65
9 12 1994 15.33 29.11 0.0 3.7
10 12 1994 10.94 27.73 0.0 4.13
11 12 1994 6.68 25.89 0.0 4.93
12 12 1994 5.1 25.19 0.0 4.5
13 12 1994 6.85 27.44 0.0 4.69
14 12 1994 7.92 28.3 0.0 3.9
15 12 1994 9.32 27.48 0.0 5.24
16 12 1994 8.89 27.08 0.0 4.5
17 12 1994 8.16 28.42 0.0 4.33
18 12 1994 9.93 28.55 0.0 5.23
19 12 1994 8.82 28.55 0.0 4.82
20 12 1994 9.4 28.18 0.0 4.84
21 12 1994 10.12 29.01 0.0 4.64
22 12 1994 10.56 29.1 0.0 3.98
23 12 1994 10.99 29.81 0.0 2.98
24 12 1994 12.66 29.49 0.0 3.25
25 12 1994 11.98 29.82 0.0 3.25
26 12 1994 11.88 30.19 0.0 3.42
27 12 1994 11.99 30.05 0.0 4.21
28 12 1994 12.39 28.78 0.0 3.35
29 12 1994 9.65 27.8 0.0 4.05
30 12 1994 8.3 26.71 0.0 5.03
31 12 1994 7.23 27.0 0.0 4.05
1 1 1995 7.51 28.37 0.0 3.69
2 1 1995 8.2 28.37 0.0 4.52
3 1 1995 9.2 26.23 0.0 3.68
4 1 1995 8.26 25.32 0.0 4.27
5 1 1995 8.18 26.87 0.0 5.07
6 1 1995 9.73 27.96 0.0 5.96
7 1 1995 12.33 25.05 0.26 4.44
8 1 1995 11.19 23.33 13.7 2.77
9 1 1995 6.87 22.22 0.32 2.33
10 1 1995 6.53 22.86 1.09 3.24
11 1 1995 7.48 23.76 0.0 3.74
12 1 1995 6.03 23.1 0.0 3.44
13 1 1995 6.32 23.8 0.0 3.21
14 1 1995 7.4 26.1 2.13 3.77
15 1 1995 8.86 25.09 0.0 3.28
16 1 1995 7.92 24.94 0.12 3.89
17 1 1995 7.19 24.29 0.0 4.31
18 1 1995 4.48 23.48 0.67 3.71
19 1 1995 6.4 27.01 0.0 3.35
20 1 1995 7.42 26.98 0.0 3.78
21 1 1995 10.6 28.46 0.0 3.4
22 1 1995 10.73 27.47 0.0 4.54
23 1 1995 6.37 26.39 0.0 3.92
24 1 1995 8.64 28.3 0.0 3.43
25 1 1995 11.55 28.83 0.0 3.13
26 1 1995 11.47 29.05 0.0 4.41
27 1 1995 11.4 28.73 0.0 4.72
28 1 1995 11.25 29.33 0.0 5.0
29 1 1995 10.43 29.34 0.0 4.07
30 1 1995 10.36 29.51 0.0 4.44
31 1 1995 11.76 29.33 0.0 4.46
1 2 1995 12.2 30.43 0.0 4.53
2 2 1995 12.16 31.95 0.0 5.23
3 2 1995 12.67 30.86 0.0 4.85
4 2 1995 12.31 30.62 0.0 5.0
5 2 1995 13.12 30.4 0.0 5.38
6 2 1995 13.1 30.44 0.0 6.33
7 2 1995 12.45 31.76 0.0 5.69
8 2 1995 14.12 33.28 0.0 4.82
9 2 1995 16.25 34.42 0.0 4.68
10 2 1995 16.59 35.4 0.0 5.43
11 2 1995 16.92 34.09 0.0 5.42
12 2 1995 17.76 33.04 0.0 5.67
13 2 1995 15.44 31.01 0.0 5.18
14 2 1995 14.43 28.67 0.0 5.33
15 2 1995 12.69 29.5 0.2 3.93
16 2 1995 11.71 30.63 0.0 4.56
17 2 1995 11.38 31.45 0.0 5.27
18 2 1995 13.95 31.91 0.0 5.24
19 2 1995 12.46 31.92 0.0 5.67
20 2 1995 12.69 31.99 0.0 6.03
21 2 1995 12.65 31.73 0.0 4.97
22 2 1995 14.61 29.54 0.0 6.41
23 2 1995 10.41 27.8 0.0 4.95
24 2 1995 11.07 29.01 0.0 5.86
25 2 1995 12.43 31.92 0.0 5.22
26 2 1995 13.98 33.47 0.0 6.32
27 2 1995 13.1 30.73 0.0 5.34
28 2 1995 12.66 30.68 0.31 5.24
1 3 1995 14.38 32.45 0.0 5.13
2 3 1995 14.12 31.9 0.0 6.27
3 3 1995 13.24 32.02 0.0 6.52
4 3 1995 15.23 33.68 0.0 6.99
5 3 1995 16.33 32.58 0.0 5.92
6 3 1995 18.93 32.28 0.0 5.7
7 3 1995 16.04 32.03 0.0 5.04
8 3 1995 16.49 32.8 1.76 5.62
9 3 1995 14.5 32.74 0.0 6.3
10 3 1995 11.72 31.63 0.18 6.6
11 3 1995 13.01 30.85 1.75 7.49
12 3 1995 12.83 31.28 0.0 8.39
13 3 1995 16.85 32.6 0.0 8.87
14 3 1995 17.98 35.26 0.0 7.92
15 3 1995 17.17 35.9 0.0 7.24
16 3 1995 17.23 34.59 1.6 6.12
17 3 1995 18.05 34.55 0.2 6.32
18 3 1995 16.05 35.23 1.85 6.24
19 3 1995 16.12 37.24 0.0 6.85
20 3 1995 18.28 37.53 0.0 6.65
21 3 1995 18.01 37.6 0.0 6.32
22 3 1995 18.89 38.39 0.0 7.07
23 3 1995 20.61 40.08 0.0 7.6
24 3 1995 21.35 40.11 0.0 8.97
25 3 1995 21.6 37.05 0.02 6.93
26 3 1995 21.96 33.8 6.83 4.72
27 3 1995 18.4 35.05 0.01 4.84
28 3 1995 18.55 37.3 0.0 7.51
29 3 1995 20.06 35.25 0.0 8.47
30 3 1995 15.81 34.67 0.0 6.4
31 3 1995 16.44 35.69 0.0 6.15
1 4 1995 17.39 35.82 0.0 6.3
2 4 1995 17.81 36.7 0.0 7.41
3 4 1995 18.25 38.36 0.0 9.62
4 4 1995 18.11 37.7 0.0 8.16
5 4 1995 17.55 38.93 0.0 7.46
6 4 1995 18.32 39.99 0.0 8.17
7 4 1995 19.23 39.62 0.0 9.13
8 4 1995 18.3 37.3 0.0 8.86
9 4 1995 20.65 35.83 0.0 7.96
10 4 1995 21.12 38.3 0.0 7.98
11 4 1995 22.05 39.0 0.1 8.25
12 4 1995 20.23 39.0 0.12 8.54
13 4 1995 18.9 39.58 0.17 8.69
14 4 1995 21.8 36.07 0.0 8.08
15 4 1995 18.17 37.76 0.0 8.1
16 4 1995 20.14 37.88 0.0 8.86
17 4 1995 22.46 34.67 0.0 6.93
18 4 1995 22.73 35.9 0.0 6.7
19 4 1995 23.37 37.04 0.0 7.42
20 4 1995 23.38 39.85 0.01 8.84
21 4 1995 21.82 40.19 0.08 8.07
22 4 1995 23.3 40.96 0.0 8.33
23 4 1995 23.73 41.2 0.0 8.57
24 4 1995 24.44 41.08 0.0 8.82
25 4 1995 25.27 39.56 0.0 9.44
26 4 1995 22.77 41.23 0.0 8.65
27 4 1995 23.51 42.45 0.0 8.61
28 4 1995 26.51 43.51 0.0 8.87
29 4 1995 28.98 39.99 0.1 9.39
30 4 1995 27.83 42.43 0.14 10.07
1 5 1995 25.82 41.54 0.0 10.5
2 5 1995 25.46 41.87 0.0 8.7
3 5 1995 24.83 42.21 0.03 6.53
4 5 1995 24.43 42.86 1.11 7.26
5 5 1995 25.26 43.17 1.41 6.87
6 5 1995 25.87 44.33 0.0 7.86
7 5 1995 28.04 45.01 0.0 9.55
8 5 1995 27.39 44.83 0.0 6.83
9 5 1995 27.69 44.99 0.0 6.87
10 5 1995 27.92 45.23 0.0 7.78
11 5 1995 26.71 45.21 0.01 7.2
12 5 1995 28.04 43.33 0.0 6.02
13 5 1995 27.74 45.81 0.25 8.45
14 5 1995 28.45 45.39 2.68 9.12
15 5 1995 27.12 44.44 0.48 12.51
16 5 1995 26.1 41.65 0.95 12.07
17 5 1995 23.53 37.99 0.0 11.03
18 5 1995 23.71 39.43 0.0 11.3
19 5 1995 24.05 38.4 0.0 10.4
20 5 1995 24.32 38.74 0.0 9.33
21 5 1995 24.17 39.17 0.0 8.07
22 5 1995 25.21 36.4 0.0 8.94
23 5 1995 23.68 38.28 0.0 8.72
24 5 1995 23.89 39.5 0.0 8.29
25 5 1995 25.4 41.67 0.0 8.59
26 5 1995 26.96 42.98 0.01 10.11
27 5 1995 27.49 43.24 0.0 10.41
28 5 1995 27.49 44.13 0.0 9.58
29 5 1995 29.74 43.99 0.0 11.38
30 5 1995 28.73 43.61 0.0 10.9
31 5 1995 27.94 43.81 0.0 11.79
1 6 1995 28.92 43.19 0.0 11.61
2 6 1995 28.12 43.93 0.0 11.28
3 6 1995 28.65 45.4 0.0 9.86
4 6 1995 29.42 46.8 0.0 11.74
5 6 1995 28.69 45.62 0.0 11.19
6 6 1995 28.63 43.68 0.0 12.8
7 6 1995 27.68 42.94 0.0 12.31
8 6 1995 27.82 43.28 0.0 12.66
9 6 1995 26.97 42.36 0.0 12.03
10 6 1995 26.8 41.08 0.0 11.54
11 6 1995 27.47 40.42 0.0 10.81
12 6 1995 27.99 41.29 0.0 10.62
13 6 1995 28.26 41.72 0.17 9.58
14 6 1995 29.27 44.79 0.0 9.41
15 6 1995 29.79 41.13 0.0 10.23
16 6 1995 28.36 37.07 1.36 7.34
17 6 1995 28.27 37.14 0.52 8.64
18 6 1995 28.15 39.98 0.74 9.43
19 6 1995 27.62 39.84 1.17 9.85
20 6 1995 27.33 40.08 0.91 9.29
21 6 1995 27.81 40.59 0.0 9.39
22 6 1995 28.38 39.0 2.18 7.99
23 6 1995 28.4 39.92 6.67 8.59
24 6 1995 26.47 38.69 8.51 7.3
25 6 1995 26.57 41.0 1.58 7.99
26 6 1995 27.01 41.87 0.03 8.24
27 6 1995 28.57 42.57 0.06 8.83
28 6 1995 28.26 43.92 2.04 9.8
29 6 1995 28.96 42.44 4.68 9.53
30 6 1995 27.56 39.05 6.99 7.99
1 7 1995 26.17 40.19 0.4 10.1
2 7 1995 26.17 38.31 0.42 9.63
3 7 1995 26.67 39.42 0.0 9.68
4 7 1995 27.05 39.9 0.0 10.21
5 7 1995 26.03 40.64 0.0 10.07
6 7 1995 26.19 40.98 0.0 9.32
7 7 1995 27.07 41.37 0.0 9.43
8 7 1995 28.19 40.83 0.04 9.36
9 7 1995 28.94 38.38 2.81 7.66
10 7 1995 27.23 37.69 2.02 5.61
11 7 1995 28.37 36.65 0.59 4.86
12 7 1995 27.53 38.58 3.4 6.63
13 7 1995 26.73 36.69 1.19 6.81
14 7 1995 26.43 33.85 1.46 4.57
15 7 1995 25.99 32.78 9.43 4.06
16 7 1995 25.25 29.4 34.91 3.94
17 7 1995 24.44 33.17 9.08 5.21
18 7 1995 24.23 33.25 3.06 4.95
19 7 1995 24.49 30.15 19.45 3.09
20 7 1995 23.09 31.73 19.62 4.01
21 7 1995 24.21 32.4 10.15 4.43
22 7 1995 24.16 31.83 9.16 4.73
23 7 1995 24.37 29.45 6.83 3.3
24 7 1995 24.3 32.25 15.94 3.22
25 7 1995 24.25 27.46 59.54 1.98
26 7 1995 23.69 30.66 10.64 3.64
27 7 1995 24.02 32.22 2.53 4.85
28 7 1995 24.54 31.87 0.74 4.67
29 7 1995 25.11 28.75 2.6 1.28
30 7 1995 24.65 29.76 9.88 2.66
31 7 1995 24.55 30.55 13.24 3.92
1 8 1995 25.09 31.29 4.67 4.3
2 8 1995 24.4 30.85 5.16 2.97
3 8 1995 24.04 30.23 24.54 3.48
4 8 1995 24.13 29.93 28.29 3.78
5 8 1995 24.21 26.99 14.71 3.72
6 8 1995 24.08 30.84 6.61 3.75
7 8 1995 23.55 30.99 1.86 4.11
8 8 1995 23.1 29.21 0.41 4.2
9 8 1995 23.05 30.58 0.06 5.13
10 8 1995 23.97 29.51 0.7 2.93
11 8 1995 23.54 30.55 0.24 4.78
12 8 1995 23.48 31.48 0.24 4.79
13 8 1995 23.05 30.84 0.42 3.78
14 8 1995 22.98 31.14 0.73 3.43
15 8 1995 23.38 31.95 0.32 3.64
16 8 1995 23.01 31.44 0.95 4.63
17 8 1995 23.02 31.8 0.42 4.17
18 8 1995 22.93 32.58 1.14 4.89
19 8 1995 23.16 31.6 1.99 3.62
20 8 1995 23.53 30.54 2.55 4.35
21 8 1995 23.67 32.12 2.56 4.24
22 8 1995 24.22 31.92 2.79 3.76
23 8 1995 23.98 32.59 2.27 3.61
24 8 1995 23.69 33.2 2.09 2.92
25 8 1995 23.9 33.02 9.14 3.48
26 8 1995 24.24 31.51 13.89 3.02
27 8 1995 24.24 31.12 8.12 2.79
28 8 1995 23.94 31.79 5.28 2.88
29 8 1995 24.9 31.94 4.28 3.95
30 8 1995 24.73 33.06 1.16 4.46
31 8 1995 23.76 33.21 6.47 3.78
1 9 1995 24.48 32.12 1.62 4.22
2 9 1995 24.48 29.57 13.58 1.22
3 9 1995 24.11 28.05 33.64 1.84
4 9 1995 22.61 29.26 24.43 3.72
5 9 1995 21.75 28.54 1.82 4.41
6 9 1995 21.02 31.55 0.0 4.62
7 9 1995 20.55 31.01 0.0 4.65
8 9 1995 21.9 30.38 0.0 4.31
9 9 1995 21.52 30.87 0.0 4.38
10 9 1995 21.79 32.04 0.0 4.43
11 9 1995 21.81 33.16 1.27 4.32
12 9 1995 22.74 34.12 0.52 4.25
13 9 1995 22.65 34.4 0.0 5.02
14 9 1995 22.25 34.36 0.0 4.96
15 9 1995 22.14 35.48 0.04 5.12
16 9 1995 22.37 35.55 0.0 5.21
17 9 1995 21.46 35.43 0.36 5.31
18 9 1995 22.74 34.1 1.21 4.46
19 9 1995 20.77 35.23 0.26 4.45
20 9 1995 19.46 35.88 0.07 5.25
21 9 1995 19.38 34.02 0.0 5.3
22 9 1995 20.93 33.77 0.0 5.44
23 9 1995 21.56 33.04 0.0 5.04
24 9 1995 21.9 32.98 0.0 4.68
25 9 1995 22.05 33.83 0.06 4.59
26 9 1995 21.76 35.48 0.0 4.61
27 9 1995 22.19 36.04 0.0 4.73
28 9 1995 23.14 36.66 0.0 4.39
29 9 1995 24.2 34.62 0.0 4.36
30 9 1995 22.88 35.25 1.54 4.23
1 10 1995 23.92 36.33 0.01 4.44
2 10 1995 23.98 35.72 0.04 4.52
3 10 1995 24.08 32.52 0.0 4.57
4 10 1995 22.75 36.14 0.45 5.09
5 10 1995 21.97 36.7 0.03 4.94
6 10 1995 22.48 36.01 0.0 4.85
7 10 1995 23.29 36.09 0.0 4.52
8 10 1995 22.05 36.82 0.0 5.38
9 10 1995 19.33 35.67 0.0 5.5
10 10 1995 20.23 35.08 0.0 5.39
11 10 1995 22.15 36.08 0.0 5.82
12 10 1995 21.87 36.33 0.0 5.93
13 10 1995 23.68 36.24 0.0 5.57
14 10 1995 24.98 31.61 0.0 2.93
15 10 1995 24.54 34.66 3.67 4.49
16 10 1995 22.91 32.24 1.93 3.22
17 10 1995 23.42 33.49 11.2 3.93
18 10 1995 21.06 34.28 0.0 4.97
19 10 1995 18.9 35.1 0.0 4.21
20 10 1995 18.19 35.06 0.0 3.82
21 10 1995 21.59 36.07 0.0 4.16
22 10 1995 18.86 35.85 0.0 4.8
23 10 1995 19.73 34.8 0.0 5.05
24 10 1995 16.62 35.12 0.0 5.34
25 10 1995 15.44 35.12 0.0 5.08
26 10 1995 17.48 34.39 0.0 4.71
27 10 1995 18.19 33.59 0.0 4.05
28 10 1995 17.88 35.19 0.0 4.37
29 10 1995 17.42 35.21 0.0 3.98
30 10 1995 17.81 34.56 0.0 5.17
31 10 1995 18.9 33.79 0.0 5.2
1 11 1995 16.4 33.37 0.0 5.45
2 11 1995 14.1 32.64 0.0 5.55
3 11 1995 14.02 33.66 0.0 4.83
4 11 1995 14.39 33.26 0.0 3.69
5 11 1995 13.68 33.48 0.0 3.95
6 11 1995 14.22 33.05 0.0 5.46
7 11 1995 13.98 32.12 0.0 5.24
8 11 1995 15.42 32.12 0.0 4.88
9 11 1995 15.97 32.52 0.0 4.98
10 11 1995 16.99 32.34 0.0 3.86
11 11 1995 17.96 33.86 0.0 3.53
12 11 1995 16.37 33.98 0.0 4.2
13 11 1995 14.13 33.96 0.0 4.27
14 11 1995 13.72 33.9 0.0 4.83
15 11 1995 13.92 34.03 0.0 4.32
16 11 1995 13.11 34.23 0.0 3.62
17 11 1995 13.26 33.5 0.0 3.83
18 11 1995 12.67 33.05 0.0 4.34
19 11 1995 13.14 31.66 0.0 4.9
20 11 1995 13.15 31.59 0.0 4.46
21 11 1995 13.17 32.26 0.0 4.1
22 11 1995 13.23 32.4 0.0 4.42
23 11 1995 14.17 32.58 0.0 4.41
24 11 1995 18.48 30.83 0.09 4.9
25 11 1995 13.47 30.94 0.66 4.3
26 11 1995 12.22 30.62 0.0 4.3
27 11 1995 15.69 30.56 0.0 3.71
28 11 1995 14.61 30.8 0.0 3.96
29 11 1995 15.42 30.93 0.0 3.9
30 11 1995 12.73 30.71 0.0 4.7
1 12 1995 11.57 28.86 0.0 5.73
2 12 1995 11.92 29.13 0.0 5.3
3 12 1995 12.2 29.65 0.0 4.77
4 12 1995 11.56 29.17 0.0 5.41
5 12 1995 10.52 28.64 0.0 4.62
6 12 1995 11.67 30.77 0.0 5.02
7 12 1995 12.72 30.48 0.0 4.78
8 12 1995 12.44 31.05 0.0 4.07
9 12 1995 14.14 30.66 0.0 3.77
10 12 1995 13.59 30.23 0.0 3.56
11 12 1995 14.12 30.39 0.0 3.95
12 12 1995 14.12 30.32 0.0 4.61
13 12 1995 14.07 31.04 0.0 4.3
14 12 1995 13.16 30.58 0.0 3.82
15 12 1995 14.12 31.33 0.0 4.3
16 12 1995 14.5 30.82 0.0 4.1
17 12 1995 14.09 31.2 0.0 4.27
18 12 1995 13.7 30.95 0.0 4.29
19 12 1995 14.01 31.65 0.0 3.6
20 12 1995 15.98 31.26 0.0 3.82
21 12 1995 14.87 30.71 0.0 3.62
22 12 1995 13.95 30.42 0.0 3.91
23 12 1995 12.73 29.5 0.0 3.9
24 12 1995 12.37 28.15 0.0 4.43
25 12 1995 12.01 25.82 0.0 4.92
26 12 1995 10.45 25.5 4.46 4.28
27 12 1995 10.89 28.3 0.0 4.02
28 12 1995 15.23 28.46 0.0 4.21
29 12 1995 14.81 27.46 0.19 3.5
30 12 1995 15.56 27.51 4.28 3.26
31 12 1995 14.87 26.21 0.29 2.96
1 1 1996 15.01 25.37 5.52 2.84
2 1 1996 14.56 25.49 0.01 2.89
3 1 1996 11.62 25.52 0.0 3.34
4 1 1996 10.99 26.07 1.57 3.99
5 1 1996 12.12 27.37 0.0 3.69
6 1 1996 12.36 27.27 0.01 3.98
7 1 1996 11.8 26.64 0.11 4.57
8 1 1996 11.6 28.12 0.0 4.59
9 1 1996 12.36 29.3 0.12 3.68
10 1 1996 13.44 29.0 0.0 3.55
11 1 1996 10.61 28.24 0.0 4.56
12 1 1996 12.1 29.42 0.0 4.4
13 1 1996 13.65 30.24 0.0 3.91
14 1 1996 14.49 29.96 0.0 4.71
15 1 1996 13.11 25.13 1.43 3.56
16 1 1996 10.14 25.22 0.0 3.88
17 1 1996 6.09 24.42 2.64 4.07
18 1 1996 4.76 25.26 0.0 4.13
19 1 1996 7.13 26.88 0.0 4.39
20 1 1996 7.2 27.16 0.0 3.77
21 1 1996 9.62 28.47 0.0 3.49
22 1 1996 13.02 29.69 0.0 3.25
23 1 1996 12.65 30.31 0.0 5.65
24 1 1996 10.72 29.01 0.0 5.56
25 1 1996 11.81 30.98 0.0 4.81
26 1 1996 12.04 29.06 0.0 3.6
27 1 1996 11.23 30.08 0.0 3.93
28 1 1996 12.27 29.97 0.0 5.72
29 1 1996 11.04 28.2 0.0 6.36
30 1 1996 7.64 29.28 0.0 5.79
31 1 1996 8.31 31.42 0.0 4.53
1 2 1996 9.27 31.98 0.31 5.02
2 2 1996 9.59 30.79 0.0 6.41
3 2 1996 9.65 30.76 0.0 6.05
4 2 1996 10.5 31.75 0.0 5.07
5 2 1996 11.35 32.64 0.0 5.62
6 2 1996 11.4 33.23 0.0 5.02
7 2 1996 12.12 32.64 0.0 5.48
8 2 1996 14.89 31.1 0.0 5.34
9 2 1996 12.7 29.2 0.07 4.67
10 2 1996 11.19 27.32 0.1 5.18
11 2 1996 10.23 27.37 0.57 4.89
12 2 1996 11.28 27.83 0.0 4.76
13 2 1996 10.78 30.44 0.0 4.59
14 2 1996 11.07 31.04 0.0 5.56
15 2 1996 13.25 31.17 0.0 4.05
16 2 1996 13.06 32.08 0.01 5.46
17 2 1996 13.04 33.15 0.0 6.73
18 2 1996 14.15 33.87 0.0 5.83
19 2 1996 13.87 33.81 0.0 5.71
20 2 1996 15.25 34.65 0.0 5.68
21 2 1996 16.54 34.69 0.0 5.5
22 2 1996 17.7 34.73 0.0 4.9
23 2 1996 17.12 34.77 0.0 5.99
24 2 1996 17.73 32.29 0.0 5.78
25 2 1996 19.13 31.61 0.0 5.87
26 2 1996 12.78 29.46 0.0 5.3
27 2 1996 11.34 31.5 0.82 6.05
28 2 1996 13.1 33.44 0.0 6.98
29 2 1996 15.39 35.65 0.0 7.24
1 3 1996 15.72 36.6 0.0 6.27
2 3 1996 20.13 36.01 0.0 5.97
3 3 1996 15.26 32.98 2.55 6.09
4 3 1996 16.76 33.78 1.52 5.43
5 3 1996 16.44 35.23 0.0 5.1
6 3 1996 17.8 36.15 0.0 5.48
7 3 1996 17.74 36.99 0.0 6.27
8 3 1996 19.22 37.45 0.0 5.55
9 3 1996 19.58 36.82 0.0 5.71
10 3 1996 19.83 39.17 0.0 6.41
11 3 1996 19.51 40.01 0.0 7.43
12 3 1996 20.68 39.48 0.0 7.46
13 3 1996 21.9 39.61 0.0 8.22
14 3 1996 20.68 38.17 0.0 7.52
15 3 1996 22.42 38.89 0.0 7.21
16 3 1996 22.9 34.78 0.0 6.25
17 3 1996 22.03 35.86 0.0 6.61
18 3 1996 19.39 35.33 0.0 7.81
19 3 1996 18.14 34.78 0.0 7.4
20 3 1996 16.07 35.45 0.0 6.05
21 3 1996 18.82 37.49 0.0 6.26
22 3 1996 21.15 37.69 0.0 8.11
23 3 1996 20.93 36.6 0.0 7.26
24 3 1996 18.92 38.71 0.0 5.8
25 3 1996 21.37 40.93 0.0 7.95
26 3 1996 22.99 41.37 0.0 9.64
27 3 1996 22.61 41.57 0.0 8.44
28 3 1996 22.83 42.13 0.0 10.72
29 3 1996 20.68 39.5 0.0 9.82
30 3 1996 19.24 37.25 0.0 7.12
31 3 1996 16.75 35.74 0.0 8.06
1 4 1996 15.44 37.18 0.0 7.31
2 4 1996 15.52 38.32 0.0 6.09
3 4 1996 16.86 39.94 0.0 6.45
4 4 1996 18.82 40.63 0.0 7.98
5 4 1996 19.4 38.55 0.0 9.01
6 4 1996 18.59 37.77 0.0 8.05
7 4 1996 21.52 39.46 0.0 9.75
8 4 1996 19.85 39.78 0.0 9.26
9 4 1996 18.62 37.99 0.0 8.83
10 4 1996 16.98 38.03 0.0 7.42
11 4 1996 18.37 38.13 0.0 6.11
12 4 1996 20.5 39.19 0.0 7.33
13 4 1996 24.23 41.0 0.0 6.19
14 4 1996 22.7 40.6 0.0 7.6
15 4 1996 20.98 41.03 0.05 8.83
16 4 1996 25.59 41.48 0.0 7.66
17 4 1996 21.6 42.02 0.0 10.28
18 4 1996 24.58 41.34 0.0 8.94
19 4 1996 25.43 37.16 0.0 8.02
20 4 1996 21.39 38.83 0.39 7.94
21 4 1996 21.72 38.46 0.69 8.1
22 4 1996 23.51 38.89 0.06 7.64
23 4 1996 24.03 40.18 0.05 8.32
24 4 1996 23.82 42.02 0.14 9.01
25 4 1996 24.2 43.03 0.0 10.43
26 4 1996 24.58 42.69 0.02 10.21
27 4 1996 25.66 42.7 0.0 10.69
28 4 1996 25.46 43.61 0.0 10.65
29 4 1996 26.22 43.98 0.0 10.63
30 4 1996 24.61 43.27 0.0 11.89
1 5 1996 23.97 41.66 0.0 10.84
2 5 1996 24.87 39.89 0.0 10.37
3 5 1996 22.96 40.33 0.0 8.96
4 5 1996 23.41 41.38 0.0 9.58
5 5 1996 23.95 41.94 0.0 9.63
6 5 1996 23.27 42.94 0.0 8.64
7 5 1996 22.4 43.4 0.0 9.41
8 5 1996 23.3 43.94 0.0 11.35
9 5 1996 24.69 42.15 0.0 12.22
10 5 1996 24.14 40.18 0.0 11.56
11 5 1996 24.61 39.12 0.03 10.53
12 5 1996 25.24 40.51 0.09 10.99
13 5 1996 25.56 41.5 0.0 11.4
14 5 1996 24.94 40.23 0.0 11.2
15 5 1996 25.84 39.5 0.01 9.9
16 5 1996 26.77 38.79 0.06 8.46
17 5 1996 26.19 41.19 0.24 7.56
18 5 1996 26.94 41.8 0.01 8.8
19 5 1996 25.9 39.71 0.43 9.88
20 5 1996 25.68 40.28 0.08 8.32
21 5 1996 27.17 42.55 0.14 9.19
22 5 1996 28.51 42.82 0.0 10.03
23 5 1996 27.97 42.92 1.77 10.57
24 5 1996 26.88 41.9 2.32 9.77
25 5 1996 28.8 42.26 0.0 10.06
26 5 1996 27.23 42.9 0.0 9.7
27 5 1996 27.85 42.78 0.0 10.48
28 5 1996 27.0 41.98 0.0 11.83
29 5 1996 27.47 41.19 0.0 11.11
30 5 1996 27.01 41.98 0.0 10.57
31 5 1996 28.35 44.01 0.0 10.98
1 6 1996 27.94 44.33 0.0 11.89
2 6 1996 27.15 44.17 0.0 13.04
3 6 1996 27.14 44.21 0.0 11.78
4 6 1996 27.67 43.63 0.0 12.97
5 6 1996 25.57 42.2 0.08 11.69
6 6 1996 26.61 41.51 0.0 10.44
7 6 1996 28.34 42.9 0.19 10.63
8 6 1996 29.31 43.65 0.08 9.91
9 6 1996 30.65 45.2 0.08 9.22
10 6 1996 29.73 43.71 0.2 10.87
11 6 1996 29.21 43.46 0.11 10.81
12 6 1996 30.9 44.22 1.72 10.08
13 6 1996 30.89 41.13 9.75 8.3
14 6 1996 28.97 40.15 0.57 5.38
15 6 1996 29.6 41.56 5.15 6.86
16 6 1996 27.56 42.84 1.2 7.04
17 6 1996 29.35 44.32 1.0 8.98
18 6 1996 28.62 36.23 7.17 5.56
19 6 1996 26.95 38.81 1.22 7.64
20 6 1996 25.52 32.12 10.41 6.32
21 6 1996 24.86 32.73 8.7 6.67
22 6 1996 24.06 35.72 1.94 5.96
23 6 1996 23.96 35.99 1.39 7.59
24 6 1996 24.62 37.63 0.48 8.19
25 6 1996 25.36 37.62 0.13 7.78
26 6 1996 24.98 36.75 0.0 7.43
27 6 1996 24.98 33.65 0.0 6.88
28 6 1996 25.01 37.08 0.0 8.38
29 6 1996 25.62 37.61 0.0 8.62
30 6 1996 25.45 37.3 0.21 7.92
1 7 1996 25.67 36.74 7.15 7.45
2 7 1996 25.15 36.48 4.52 6.96
3 7 1996 25.33 36.55 3.23 6.85
4 7 1996 25.63 36.8 2.27 7.34
5 7 1996 24.65 35.73 2.29 7.05
6 7 1996 25.1 36.75 0.11 6.97
7 7 1996 24.81 37.59 7.23 5.52
8 7 1996 26.39 37.26 2.58 5.31
9 7 1996 26.03 36.06 10.91 5.33
10 7 1996 25.41 32.51 2.89 4.44
11 7 1996 25.54 32.18 3.74 5.25
12 7 1996 25.48 35.11 1.98 5.25
13 7 1996 25.23 35.35 0.32 5.64
14 7 1996 24.93 36.73 1.19 6.35
15 7 1996 25.87 35.75 6.97 5.66
16 7 1996 25.84 34.45 2.2 4.66
17 7 1996 25.61 36.69 2.68 6.31
18 7 1996 25.12 34.97 3.01 5.18
19 7 1996 24.62 34.17 5.75 5.05
20 7 1996 25.14 35.28 9.28 5.71
21 7 1996 24.9 33.62 23.62 3.5
22 7 1996 24.32 30.81 30.84 2.74
23 7 1996 24.68 29.78 15.81 2.95
24 7 1996 24.43 30.53 21.16 2.3
25 7 1996 24.41 29.7 28.08 2.67
26 7 1996 24.19 29.71 26.51 2.26
27 7 1996 23.97 28.17 58.78 2.69
28 7 1996 23.64 28.63 39.77 2.33
29 7 1996 23.47 29.4 14.39 2.68
30 7 1996 22.87 30.4 5.56 4.4
31 7 1996 23.72 29.77 1.19 3.73
1 8 1996 23.54 30.76 1.91 3.01
2 8 1996 24.26 29.48 4.32 3.26
3 8 1996 23.92 28.98 5.2 3.19
4 8 1996 23.98 27.98 9.73 2.33
5 8 1996 23.59 29.81 4.88 2.12
6 8 1996 22.99 26.67 33.1 1.75
7 8 1996 22.8 25.83 30.43 1.23
8 8 1996 22.89 26.38 17.3 3.03
9 8 1996 22.06 28.58 3.55 3.61
10 8 1996 22.99 28.72 1.0 2.88
11 8 1996 23.53 30.26 0.07 4.13
12 8 1996 23.48 30.83 0.06 4.53
13 8 1996 23.62 28.86 0.15 4.21
14 8 1996 23.58 30.03 1.41 2.83
15 8 1996 23.33 30.27 2.4 2.87
16 8 1996 22.75 30.55 0.85 4.13
17 8 1996 23.11 30.21 1.33 3.14
18 8 1996 23.57 29.39 5.82 2.1
19 8 1996 23.39 28.15 7.94 2.17
20 8 1996 23.53 28.51 9.93 2.36
21 8 1996 23.15 28.83 34.8 2.51
22 8 1996 22.33 27.43 15.11 2.19
23 8 1996 22.12 29.14 8.24 4.1
24 8 1996 22.29 30.47 2.91 4.42
25 8 1996 21.85 31.11 2.73 4.33
26 8 1996 21.84 31.29 10.24 2.77
27 8 1996 22.97 28.68 27.07 2.58
28 8 1996 24.03 30.91 15.16 3.82
29 8 1996 24.05 30.48 6.65 3.99
30 8 1996 23.14 30.15 8.81 2.07
31 8 1996 23.8 27.83 4.46 2.48
1 9 1996 23.07 29.08 6.06 3.34
2 9 1996 22.96 29.83 3.31 3.76
3 9 1996 22.71 29.49 12.93 2.82
4 9 1996 22.51 29.91 2.57 2.97
5 9 1996 22.34 31.04 3.55 2.75
6 9 1996 22.9 30.62 2.57 2.63
7 9 1996 22.76 29.44 12.29 2.17
8 9 1996 23.23 28.8 15.48 2.32
9 9 1996 22.85 30.4 13.07 3.67
10 9 1996 23.1 30.31 3.93 3.66
11 9 1996 23.51 30.98 5.69 4.21
12 9 1996 23.32 30.89 1.4 4.15
13 9 1996 23.77 31.37 0.83 4.07
14 9 1996 23.69 31.74 5.16 3.8
15 9 1996 23.56 31.54 6.27 4.16
16 9 1996 22.66 30.64 9.16 3.65
17 9 1996 22.27 31.18 2.66 4.67
18 9 1996 21.31 29.81 0.27 4.2
19 9 1996 21.12 29.23 0.02 3.84
20 9 1996 20.7 28.69 0.0 4.04
21 9 1996 19.43 29.74 0.0 4.02
22 9 1996 19.43 30.97 0.0 4.1
23 9 1996 19.94 31.96 0.0 4.26
24 9 1996 19.76 32.37 0.0 4.07
25 9 1996 20.62 33.09 0.0 4.53
26 9 1996 20.16 32.43 0.0 4.55
27 9 1996 18.84 31.15 0.0 4.38
28 9 1996 18.85 31.59 0.0 4.25
29 9 1996 20.58 31.77 0.0 4.33
30 9 1996 20.2 32.34 0.0 4.39
1 10 1996 20.8 32.8 0.0 4.54
2 10 1996 21.72 30.22 0.16 3.94
3 10 1996 22.44 29.65 0.22 2.85
4 10 1996 21.98 28.36 1.25 3.97
5 10 1996 17.73 28.74 0.15 4.16
6 10 1996 15.69 29.36 1.13 3.68
7 10 1996 16.62 30.71 0.0 3.67
8 10 1996 20.09 31.36 0.0 3.85
9 10 1996 19.8 31.3 0.0 3.97
10 10 1996 18.84 31.9 0.0 3.91
11 10 1996 19.49 31.55 0.0 3.7
12 10 1996 20.3 32.26 0.0 4.12
13 10 1996 17.36 31.44 0.0 3.97
14 10 1996 18.15 32.07 0.0 4.07
15 10 1996 17.74 32.55 0.0 4.04
16 10 1996 17.55 32.32 0.0 4.11
17 10 1996 17.36 32.63 0.0 4.31
18 10 1996 16.83 32.68 0.0 4.12
19 10 1996 16.96 31.98 0.0 3.93
20 10 1996 17.08 31.94 0.0 3.79
21 10 1996 17.26 32.58 0.0 3.88
22 10 1996 19.44 30.37 0.0 3.81
23 10 1996 18.59 28.98 0.34 2.67
24 10 1996 18.41 24.98 0.87 2.09
25 10 1996 18.76 23.15 2.28 1.64
26 10 1996 18.38 27.99 9.13 2.24
27 10 1996 17.94 29.6 9.8 3.6
28 10 1996 17.77 30.26 1.47 3.64
29 10 1996 16.99 31.13 0.15 3.45
30 10 1996 17.01 31.48 0.0 3.32
31 10 1996 14.77 31.19 0.0 3.91
1 11 1996 16.13 31.84 0.0 3.74
2 11 1996 15.15 32.2 0.0 4.03
3 11 1996 13.94 31.46 0.0 3.85
4 11 1996 16.36 30.65 0.0 3.66
5 11 1996 13.83 31.27 0.0 3.72
6 11 1996 13.6 31.0 0.0 3.81
7 11 1996 11.82 30.07 0.0 3.85
8 11 1996 11.31 29.74 0.0 3.88
9 11 1996 13.97 31.51 0.0 3.78
10 11 1996 16.53 27.26 0.15 2.81
11 11 1996 19.78 31.62 0.12 3.22
12 11 1996 15.91 30.32 0.0 3.68
13 11 1996 15.23 29.65 0.0 3.57
14 11 1996 14.56 30.94 0.0 3.71
15 11 1996 13.75 30.64 0.0 4.2
16 11 1996 9.02 29.24 0.0 4.49
17 11 1996 8.62 29.86 0.0 3.9
18 11 1996 9.63 29.71 0.0 3.47
19 11 1996 10.58 29.82 0.0 3.67
20 11 1996 11.73 28.57 0.0 3.0
21 11 1996 11.58 29.38 0.0 3.23
22 11 1996 12.5 29.82 0.0 3.14
23 11 1996 12.26 30.16 0.0 3.51
24 11 1996 11.58 29.99 0.0 4.03
25 11 1996 11.35 30.69 0.0 3.19
26 11 1996 13.21 31.09 0.0 3.66
27 11 1996 11.06 30.55 0.0 3.81
28 11 1996 9.87 29.68 0.0 3.54
29 11 1996 10.51 29.05 0.0 3.56
30 11 1996 11.29 29.31 0.0 3.39
1 12 1996 12.18 29.22 0.0 3.46
2 12 1996 12.35 29.08 0.0 3.39
3 12 1996 11.78 28.84 0.0 3.1
4 12 1996 11.11 28.37 0.0 3.0
5 12 1996 10.54 28.08 0.0 2.89
6 12 1996 10.43 28.69 0.0 3.45
7 12 1996 10.8 28.83 0.0 4.05
8 12 1996 10.44 27.52 0.0 4.34
9 12 1996 7.19 26.79 0.0 4.51
10 12 1996 6.16 27.32 0.0 4.17
11 12 1996 8.17 28.44 0.0 4.33
12 12 1996 7.46 28.65 0.0 4.48
13 12 1996 8.13 29.87 0.0 4.44
14 12 1996 8.48 29.62 0.0 4.02
15 12 1996 8.62 30.41 0.0 4.21
16 12 1996 10.03 31.13 0.0 3.36
17 12 1996 10.53 31.15 0.0 4.06
18 12 1996 11.05 30.3 0.0 4.91
19 12 1996 11.21 29.05 0.0 4.97
20 12 1996 11.57 29.76 0.0 4.4
21 12 1996 11.38 30.62 0.0 4.41
22 12 1996 11.04 30.85 0.0 3.45
23 12 1996 10.55 30.83 0.0 3.13
24 12 1996 11.97 30.84 0.0 3.58
25 12 1996 14.5 30.66 0.0 3.8
26 12 1996 13.98 29.6 0.0 3.83
27 12 1996 11.97 29.1 0.0 4.32
28 12 1996 9.9 28.59 0.0 4.67
29 12 1996 10.07 29.29 0.0 4.12
30 12 1996 9.69 29.65 0.0 4.26
31 12 1996 9.8 29.76 0.0 4.57
1 1 1997 9.55 28.5 0.0 4.49
2 1 1997 9.11 28.52 0.0 3.62
3 1 1997 8.63 28.48 0.0 3.62
4 1 1997 9.23 28.83 0.0 3.74
5 1 1997 10.15 27.82 0.0 4.04
6 1 1997 10.93 27.2 0.0 5.5
7 1 1997 12.32 25.89 0.0 5.16
8 1 1997 11.23 26.66 2.43 4.6
9 1 1997 8.9 26.32 0.0 4.95
10 1 1997 10.48 27.83 0.0 4.46
11 1 1997 10.57 28.81 0.0 3.73
12 1 1997 10.69 28.22 0.18 3.83
13 1 1997 10.55 28.66 0.16 3.36
14 1 1997 11.5 27.82 0.82 3.59
15 1 1997 10.37 26.98 1.24 2.93
16 1 1997 9.03 27.0 0.22 3.83
17 1 1997 9.14 27.57 0.0 3.66
18 1 1997 10.66 30.05 0.0 4.95
19 1 1997 10.82 25.61 0.02 3.84
20 1 1997 6.96 24.02 0.0 3.76
21 1 1997 4.56 23.83 0.25 3.55
22 1 1997 5.12 25.07 0.0 4.5
23 1 1997 7.04 27.15 0.0 4.57
24 1 1997 8.55 26.26 0.0 4.16
25 1 1997 7.9 27.44 0.0 4.32
26 1 1997 9.23 28.89 0.0 4.87
27 1 1997 13.64 29.96 0.0 4.4
28 1 1997 10.7 28.94 0.0 5.04
29 1 1997 9.72 29.6 0.0 5.02
30 1 1997 10.29 29.4 0.0 4.53
31 1 1997 8.08 28.02 0.0 4.45
1 2 1997 9.44 28.8 0.0 4.21
2 2 1997 11.9 28.0 0.0 5.1
3 2 1997 8.12 27.17 0.0 4.49
4 2 1997 7.47 27.19 0.0 4.72
5 2 1997 7.37 27.74 0.0 5.35
6 2 1997 8.15 29.4 0.0 5.04
7 2 1997 8.43 30.02 0.0 3.84
8 2 1997 11.65 29.69 0.0 6.28
9 2 1997 5.62 28.29 0.0 4.8
10 2 1997 7.01 28.3 0.0 4.59
11 2 1997 7.52 28.51 0.0 5.91
12 2 1997 6.85 29.23 0.0 6.37
13 2 1997 9.37 31.55 0.0 4.96
14 2 1997 12.02 32.82 0.0 5.52
15 2 1997 14.3 32.19 0.0 5.9
16 2 1997 13.12 31.65 0.0 5.11
17 2 1997 11.06 30.94 0.0 5.0
18 2 1997 12.43 30.19 0.0 5.14
19 2 1997 11.24 30.19 0.0 6.42
20 2 1997 11.4 30.97 0.0 6.41
21 2 1997 11.03 31.54 0.0 5.44
22 2 1997 11.76 32.37 0.0 5.34
23 2 1997 13.97 34.51 0.0 4.78
24 2 1997 18.21 35.91 0.0 5.54
25 2 1997 17.41 36.85 0.0 7.51
26 2 1997 18.09 36.66 0.0 5.53
27 2 1997 17.55 37.37 0.0 7.37
28 2 1997 15.4 37.6 0.0 5.72
1 3 1997 18.59 37.16 0.0 6.62
2 3 1997 18.51 36.37 0.0 6.89
3 3 1997 14.81 35.43 0.0 6.72
4 3 1997 12.65 35.44 0.0 7.82
5 3 1997 13.75 35.97 0.0 7.0
6 3 1997 17.84 36.39 0.0 5.67
7 3 1997 19.11 36.65 0.0 6.74
8 3 1997 17.57 36.89 0.0 6.02
9 3 1997 18.62 37.29 0.0 7.27
10 3 1997 18.61 36.94 0.0 6.85
11 3 1997 19.89 39.69 0.0 6.84
12 3 1997 20.46 38.1 0.0 7.36
13 3 1997 19.57 37.65 0.0 7.32
14 3 1997 19.8 36.51 0.0 7.36
15 3 1997 23.03 37.62 0.04 7.0
16 3 1997 21.62 35.66 0.0 6.6
17 3 1997 21.24 36.77 0.0 6.82
18 3 1997 21.76 37.78 0.0 6.71
19 3 1997 22.76 34.85 0.0 7.75
20 3 1997 21.01 32.3 0.01 6.87
21 3 1997 18.63 32.06 0.0 7.2
22 3 1997 17.13 34.12 0.0 6.77
23 3 1997 16.76 33.71 0.0 7.62
24 3 1997 19.65 34.43 0.0 7.99
25 3 1997 18.69 33.8 0.0 8.5
26 3 1997 18.16 37.03 0.0 7.43
27 3 1997 19.5 38.49 0.0 7.63
28 3 1997 22.36 36.51 0.0 7.0
29 3 1997 20.09 36.28 0.0 7.97
30 3 1997 17.14 36.44 0.08 6.8
31 3 1997 19.08 36.9 0.0 6.8
1 4 1997 20.55 32.69 0.0 6.84
2 4 1997 20.45 31.66 5.74 5.19
3 4 1997 17.61 32.71 2.74 5.22
4 4 1997 16.71 33.55 0.03 5.52
5 4 1997 17.05 35.01 0.25 6.29
6 4 1997 16.87 36.25 0.0 7.86
7 4 1997 18.53 38.33 0.0 7.34
8 4 1997 20.15 38.96 0.0 8.95
9 4 1997 18.83 37.66 0.0 8.36
10 4 1997 21.64 37.8 0.01 8.05
11 4 1997 20.23 38.56 0.0 8.38
12 4 1997 20.58 37.31 0.0 8.3
13 4 1997 21.79 38.32 0.0 9.42
14 4 1997 18.4 36.79 0.0 9.75
15 4 1997 20.29 35.33 0.0 9.28
16 4 1997 17.71 36.16 0.0 6.86
17 4 1997 15.04 36.98 0.0 6.74
18 4 1997 18.7 38.09 0.0 8.14
19 4 1997 18.83 38.76 0.0 8.07
20 4 1997 20.8 37.4 0.05 7.83
21 4 1997 21.05 39.65 0.0 7.91
22 4 1997 22.32 40.95 0.02 8.15
23 4 1997 24.78 41.95 0.3 7.98
24 4 1997 25.36 42.9 0.0 9.92
25 4 1997 26.16 40.73 0.0 11.32
26 4 1997 25.56 37.31 0.0 7.84
27 4 1997 25.08 39.23 0.0 6.1
28 4 1997 24.58 30.56 0.01 4.77
29 4 1997 22.4 36.65 0.73 7.11
30 4 1997 22.33 37.72 2.41 8.09
1 5 1997 24.07 33.23 0.71 5.58
2 5 1997 22.02 37.27 1.36 6.93
3 5 1997 23.46 37.36 0.0 8.12
4 5 1997 22.26 34.01 0.91 7.01
5 5 1997 22.62 35.3 0.88 7.43
6 5 1997 22.62 39.16 1.88 8.93
7 5 1997 22.61 39.58 0.0 9.58
8 5 1997 22.82 40.07 0.4 8.64
9 5 1997 24.3 40.27 0.0 5.99
10 5 1997 24.11 40.9 0.0 7.79
11 5 1997 22.36 41.73 0.0 9.1
12 5 1997 23.62 40.3 0.0 9.94
13 5 1997 22.71 40.81 0.0 7.72
14 5 1997 23.55 41.82 0.0 7.31
15 5 1997 24.18 42.01 0.0 7.07
16 5 1997 23.97 41.82 0.0 10.58
17 5 1997 23.19 42.79 0.0 8.25
18 5 1997 25.04 43.93 0.0 10.75
19 5 1997 25.99 44.12 0.0 10.81
20 5 1997 27.16 41.8 0.0 11.91
21 5 1997 26.24 40.87 0.0 10.25
22 5 1997 26.8 41.65 0.11 10.37
23 5 1997 26.76 41.74 0.11 11.01
24 5 1997 26.4 41.84 0.01 11.59
25 5 1997 26.01 42.62 0.04 12.15
26 5 1997 24.9 42.6 0.0 11.59
27 5 1997 26.13 42.73 0.0 12.04
28 5 1997 25.73 42.26 0.0 12.05
29 5 1997 25.44 41.48 0.01 12.27
30 5 1997 25.04 39.24 0.0 10.41
31 5 1997 26.73 34.8 0.02 8.54
1 6 1997 23.96 31.93 14.42 6.29
2 6 1997 22.9 31.4 9.58 6.07
3 6 1997 23.34 31.32 14.04 5.68
4 6 1997 23.76 32.97 0.94 6.11
5 6 1997 23.94 34.11 0.16 6.51
6 6 1997 22.9 36.57 0.01 7.03
7 6 1997 24.26 36.52 0.24 6.88
8 6 1997 24.55 36.83 1.21 7.34
9 6 1997 24.37 36.7 0.12 7.62
10 6 1997 24.7 37.51 0.07 7.98
11 6 1997 24.74 38.04 0.26 8.4
12 6 1997 24.91 38.87 0.77 8.22
13 6 1997 24.51 39.28 0.0 7.13
14 6 1997 26.39 40.23 0.06 5.75
15 6 1997 28.35 40.26 1.62 6.32
16 6 1997 26.86 33.94 4.1 5.26
17 6 1997 25.51 33.0 9.5 6.08
18 6 1997 25.18 36.8 3.72 6.8
19 6 1997 25.22 37.98 0.39 6.89
20 6 1997 25.31 38.05 0.67 7.04
21 6 1997 25.23 36.03 9.38 6.97
22 6 1997 24.85 32.95 10.57 5.04
23 6 1997 24.83 30.87 0.5 5.2
24 6 1997 24.98 31.54 9.93 4.36
25 6 1997 25.15 31.09 34.86 3.11
26 6 1997 25.42 32.27 8.63 3.0
27 6 1997 25.15 31.98 14.84 4.11
28 6 1997 25.0 30.03 48.37 4.53
29 6 1997 24.83 31.3 19.32 4.94
30 6 1997 24.97 33.01 3.04 5.84
1 7 1997 24.71 33.44 1.29 5.78
2 7 1997 23.83 34.74 0.98 5.75
3 7 1997 24.72 34.87 0.05 5.75
4 7 1997 24.82 32.73 12.09 4.62
5 7 1997 23.17 32.72 15.54 4.43
6 7 1997 24.65 31.58 2.71 3.06
7 7 1997 24.95 32.22 13.71 4.01
8 7 1997 24.67 31.74 2.71 4.98
9 7 1997 25.04 31.13 1.05 4.53
10 7 1997 24.73 32.12 2.83 4.98
11 7 1997 24.59 33.15 1.06 5.33
12 7 1997 24.57 33.41 0.27 5.07
13 7 1997 24.81 33.71 0.05 5.79
14 7 1997 24.68 33.24 0.39 5.45
15 7 1997 24.33 32.76 0.37 5.04
16 7 1997 24.59 33.33 0.15 5.53
17 7 1997 24.98 32.03 0.08 4.4
18 7 1997 24.94 32.47 9.98 4.72
19 7 1997 24.69 30.86 10.91 3.49
20 7 1997 24.3 28.48 2.34 3.6
21 7 1997 24.09 28.63 0.54 3.27
22 7 1997 23.94 31.79 0.41 3.93
23 7 1997 23.49 32.88 0.52 4.27
24 7 1997 24.57 33.0 0.16 3.75
25 7 1997 24.78 29.23 10.51 4.28
26 7 1997 24.62 30.97 71.08 1.99
27 7 1997 23.91 29.62 41.54 3.65
28 7 1997 23.85 28.21 19.64 3.18
29 7 1997 23.93 30.12 5.54 3.76
30 7 1997 24.4 30.3 8.5 3.35
31 7 1997 25.4 30.8 8.1 2.44
1 8 1997 25.09 32.19 18.52 3.95
2 8 1997 24.27 27.88 32.77 3.1
3 8 1997 23.72 31.16 5.99 4.64
4 8 1997 23.12 30.98 0.54 4.91
5 8 1997 23.14 30.52 0.31 4.88
6 8 1997 23.73 30.08 0.07 4.57
7 8 1997 23.63 26.14 33.2 1.19
8 8 1997 23.25 29.52 27.9 3.81
9 8 1997 23.08 30.2 25.36 4.64
10 8 1997 22.37 30.61 3.13 3.75
11 8 1997 23.3 29.75 1.27 3.89
12 8 1997 23.33 29.81 0.87 4.11
13 8 1997 23.3 30.63 1.13 4.13
14 8 1997 23.36 31.19 0.51 4.47
15 8 1997 23.72 31.32 0.17 4.95
16 8 1997 23.62 30.67 7.09 4.77
17 8 1997 23.3 30.74 1.26 4.52
18 8 1997 22.95 30.01 0.03 3.75
19 8 1997 23.38 30.64 0.1 4.13
20 8 1997 23.22 31.27 0.94 1.35
21 8 1997 23.99 30.15 5.37 4.56
22 8 1997 23.49 32.05 4.05 4.89
23 8 1997 23.96 29.9 15.32 3.66
24 8 1997 23.15 29.15 17.14 3.49
25 8 1997 24.19 29.48 36.07 2.49
26 8 1997 24.38 30.07 31.25 2.47
27 8 1997 23.94 30.32 7.04 4.33
28 8 1997 22.9 30.96 0.49 3.92
29 8 1997 22.69 30.51 4.96 3.8
30 8 1997 22.91 30.9 16.1 4.09
31 8 1997 23.1 30.55 4.41 4.56
1 9 1997 22.67 30.23 0.24 4.21
2 9 1997 22.01 29.59 0.01 4.5
3 9 1997 21.56 29.98 0.09 4.46
4 9 1997 21.51 29.98 0.04 4.43
5 9 1997 21.02 29.99 0.03 4.25
6 9 1997 21.66 30.4 0.0 4.08
7 9 1997 21.86 30.24 0.0 4.21
8 9 1997 22.08 31.4 0.95 2.95
9 9 1997 23.73 29.64 3.3 2.85
10 9 1997 23.47 28.08 1.1 3.12
11 9 1997 23.4 27.35 6.67 3.23
12 9 1997 23.41 27.88 6.39 3.52
13 9 1997 23.3 29.62 0.16 3.88
14 9 1997 23.26 30.22 4.7 4.05
15 9 1997 23.26 30.62 7.39 3.29
16 9 1997 23.57 29.94 2.82 3.75
17 9 1997 22.77 30.96 4.33 3.08
18 9 1997 22.76 30.71 5.02 3.13
19 9 1997 23.04 30.06 1.72 4.36
20 9 1997 21.64 30.21 0.66 4.29
21 9 1997 22.04 31.19 2.81 4.41
22 9 1997 22.74 31.67 0.34 3.44
23 9 1997 24.53 32.48 0.67 4.18
24 9 1997 22.53 32.9 0.01 3.93
25 9 1997 22.15 32.28 0.0 4.42
26 9 1997 21.76 32.12 0.34 4.36
27 9 1997 21.61 30.39 2.33 4.28
28 9 1997 20.76 29.38 0.23 4.15
29 9 1997 20.48 29.07 0.0 4.19
30 9 1997 19.79 28.8 0.1 4.02
1 10 1997 18.11 28.74 0.02 3.87
2 10 1997 18.28 29.91 1.33 3.87
3 10 1997 19.75 29.7 3.47 3.85
4 10 1997 20.1 29.44 2.07 3.85
5 10 1997 19.63 28.12 1.75 3.75
6 10 1997 20.55 29.77 0.25 4.05
7 10 1997 20.24 30.8 0.3 4.24
8 10 1997 17.86 31.21 0.04 4.47
9 10 1997 17.93 31.19 0.0 4.19
10 10 1997 18.83 31.67 0.0 4.13
11 10 1997 20.66 31.85 0.3 3.94
12 10 1997 21.21 31.76 2.0 3.99
13 10 1997 19.61 32.43 0.01 3.88
14 10 1997 20.95 31.91 1.34 3.46
15 10 1997 21.16 28.74 0.9 3.88
16 10 1997 19.08 30.62 0.0 3.99
17 10 1997 19.07 31.65 0.09 4.02
18 10 1997 19.66 32.42 0.0 3.77
19 10 1997 19.07 32.18 0.01 4.17
20 10 1997 17.94 30.9 0.0 3.94
21 10 1997 16.1 30.48 0.0 3.82
22 10 1997 17.01 30.01 0.64 3.47
23 10 1997 17.38 30.61 1.39 3.79
24 10 1997 16.83 30.54 0.35 3.49
25 10 1997 17.51 30.33 0.38 3.83
26 10 1997 19.73 30.47 2.7 3.82
27 10 1997 19.39 30.56 1.55 3.57
28 10 1997 18.21 30.05 2.4 3.37
29 10 1997 17.07 29.9 0.59 3.39
30 10 1997 18.05 30.64 0.13 3.41
31 10 1997 18.46 30.05 0.34 3.64
1 11 1997 17.66 30.88 0.87 3.59
2 11 1997 17.8 31.07 0.04 3.46
3 11 1997 17.94 32.04 0.21 3.87
4 11 1997 19.23 32.49 0.81 3.41
5 11 1997 19.5 31.66 0.0 3.7
6 11 1997 19.08 31.2 0.0 3.61
7 11 1997 18.54 31.34 0.0 3.46
8 11 1997 18.45 32.04 0.0 3.48
9 11 1997 19.54 32.89 0.0 3.69
10 11 1997 18.2 32.48 1.11 3.66
11 11 1997 15.19 31.15 0.14 4.3
12 11 1997 12.96 30.87 0.0 4.17
13 11 1997 14.02 30.72 0.0 3.83
14 11 1997 15.37 30.09 0.0 3.42
15 11 1997 17.38 29.86 0.03 3.1
16 11 1997 17.68 31.59 0.15 3.15
17 11 1997 18.1 32.02 1.28 3.39
18 11 1997 17.51 29.91 1.03 2.62
19 11 1997 15.09 29.88 0.11 3.34
20 11 1997 15.15 29.91 0.01 3.82
21 11 1997 17.3 29.63 0.52 4.01
22 11 1997 18.13 30.64 0.41 3.31
23 11 1997 17.02 31.58 0.88 3.48
24 11 1997 16.63 30.92 0.46 3.23
25 11 1997 16.87 28.3 0.13 2.85
26 11 1997 14.11 29.45 0.0 3.55
27 11 1997 12.33 28.21 0.0 4.27
28 11 1997 13.37 29.22 1.36 4.05
29 11 1997 17.29 26.6 6.06 2.22
30 11 1997 14.9 28.23 0.85 3.0
1 12 1997 12.42 27.48 0.0 3.96
2 12 1997 10.98 26.99 0.0 3.72
3 12 1997 13.05 27.56 1.12 3.01
4 12 1997 14.14 28.56 0.03 3.11
5 12 1997 14.98 27.44 1.64 2.75
6 12 1997 16.96 29.2 2.78 2.22
7 12 1997 16.8 27.87 1.98 2.65
8 12 1997 16.48 27.28 3.92 2.22
9 12 1997 13.64 26.54 1.27 2.87
10 12 1997 10.33 24.97 0.88 3.09
11 12 1997 9.68 25.83 0.0 2.86
12 12 1997 12.66 27.61 0.02 3.04
13 12 1997 12.56 26.99 0.0 3.71
14 12 1997 8.83 24.98 0.0 3.34
15 12 1997 8.65 26.33 0.0 3.06
16 12 1997 10.72 26.15 0.25 2.66
17 12 1997 12.14 25.3 0.01 3.24
18 12 1997 12.55 24.74 0.0 2.78
19 12 1997 13.07 26.4 0.0 2.83
20 12 1997 11.97 25.73 0.0 3.65
21 12 1997 9.4 25.88 0.0 3.67
22 12 1997 12.05 27.07 0.0 3.02
23 12 1997 14.16 27.37 0.0 3.35
24 12 1997 10.79 26.23 0.0 4.18
25 12 1997 12.22 26.89 0.0 3.58
26 12 1997 12.32 26.74 0.0 3.09
27 12 1997 14.71 26.33 0.0 2.84
28 12 1997 13.26 27.08 0.0 3.27
29 12 1997 12.57 27.83 0.0 3.74
30 12 1997 10.48 25.01 0.0 4.52
31 12 1997 10.19 24.08 0.0 4.56
1 1 1998 10.62 21.47 0.0 4.17
2 1 1998 11.09 25.44 0.22 4.75
3 1 1998 10.8 29.08 0.03 4.39
4 1 1998 12.25 30.11 0.0 3.83
5 1 1998 13.03 29.83 0.0 3.54
6 1 1998 12.05 29.37 0.0 4.06
7 1 1998 13.22 30.4 0.0 3.79
8 1 1998 13.87 30.21 0.0 4.26
9 1 1998 12.3 29.92 0.0 4.19
10 1 1998 14.08 30.21 0.0 4.09
11 1 1998 15.8 30.8 0.0 3.75
12 1 1998 14.43 31.11 0.0 4.6
13 1 1998 13.98 28.9 0.0 3.94
14 1 1998 12.83 31.94 0.0 4.41
15 1 1998 12.87 29.98 0.02 5.2
16 1 1998 7.26 25.31 0.0 4.33
17 1 1998 4.59 24.83 0.0 3.67
18 1 1998 5.81 24.49 0.0 4.79
19 1 1998 5.4 24.18 0.0 4.74
20 1 1998 8.4 26.69 0.0 4.63
21 1 1998 6.49 25.46 0.0 5.22
22 1 1998 6.46 25.93 0.09 4.07
23 1 1998 7.25 25.77 0.0 4.5
24 1 1998 8.92 25.66 0.0 5.96
25 1 1998 10.24 26.1 0.0 5.91
26 1 1998 9.58 25.87 0.0 5.68
27 1 1998 10.01 27.96 0.0 4.41
28 1 1998 12.5 28.01 0.0 3.83
29 1 1998 12.31 28.9 0.0 4.59
30 1 1998 12.02 30.8 0.0 4.93
31 1 1998 13.69 31.11 0.0 5.13
1 2 1998 15.6 32.52 0.0 4.96
2 2 1998 15.9 31.75 0.0 5.66
3 2 1998 12.99 29.81 0.0 4.81
4 2 1998 12.23 29.85 0.0 5.0
5 2 1998 11.63 29.97 0.0 4.77
6 2 1998 10.55 29.41 0.0 5.13
7 2 1998 10.94 28.54 0.0 5.28
8 2 1998 10.32 30.0 0.0 5.34
9 2 1998 10.81 30.65 0.0 4.88
10 2 1998 11.55 32.44 0.0 4.96
11 2 1998 12.73 33.27 0.0 4.44
12 2 1998 13.16 33.15 0.0 4.41
13 2 1998 14.63 33.98 0.0 5.41
14 2 1998 14.84 32.81 0.0 6.24
15 2 1998 15.91 30.15 0.0 5.57
16 2 1998 13.94 29.2 0.0 5.57
17 2 1998 12.23 28.15 0.0 4.78
18 2 1998 12.78 27.12 0.0 4.89
19 2 1998 13.2 29.0 0.0 4.5
20 2 1998 9.69 28.76 0.05 5.17
21 2 1998 9.6 29.89 0.0 5.2
22 2 1998 9.65 30.23 0.0 4.98
23 2 1998 14.38 32.06 1.5 5.8
24 2 1998 13.19 26.05 0.47 4.88
25 2 1998 9.19 26.4 0.0 4.44
26 2 1998 8.55 28.23 0.0 4.81
27 2 1998 10.18 29.23 0.0 4.54
28 2 1998 11.29 29.68 0.0 5.06
1 3 1998 13.2 30.97 0.0 6.44
2 3 1998 12.22 32.58 0.0 6.01
3 3 1998 15.07 36.69 0.0 7.2
4 3 1998 17.15 36.69 0.26 7.54
5 3 1998 16.23 32.78 0.53 5.97
6 3 1998 14.86 30.75 0.0 5.9
7 3 1998 13.29 29.54 0.0 6.03
8 3 1998 12.8 33.05 0.0 5.84
9 3 1998 14.93 34.48 0.0 6.69
10 3 1998 17.55 34.84 0.0 6.43
11 3 1998 19.23 35.16 0.34 6.74
12 3 1998 16.85 30.01 0.01 6.77
13 3 1998 14.51 31.4 0.0 5.75
14 3 1998 14.28 32.19 0.0 6.23
15 3 1998 14.85 33.09 0.03 7.88
16 3 1998 18.12 30.34 0.61 6.08
17 3 1998 16.01 33.01 1.58 5.41
18 3 1998 15.96 33.29 0.38 6.19
19 3 1998 17.77 35.72 0.0 6.1
20 3 1998 18.23 37.94 0.0 6.08
21 3 1998 21.11 39.82 0.0 6.9
22 3 1998 22.72 41.39 0.0 8.92
23 3 1998 21.47 38.44 0.0 8.98
24 3 1998 15.9 35.35 0.0 7.94
25 3 1998 13.72 35.73 0.0 7.78
26 3 1998 15.81 38.36 0.0 6.02
27 3 1998 19.81 39.68 0.0 6.93
28 3 1998 23.63 40.29 0.0 6.69
29 3 1998 20.85 39.81 0.0 8.83
30 3 1998 19.35 37.92 0.0 7.66
31 3 1998 19.79 39.92 0.0 6.95
1 4 1998 20.3 41.89 0.0 6.68
2 4 1998 22.77 42.48 0.0 7.54
3 4 1998 23.48 42.85 0.0 8.96
4 4 1998 23.77 42.8 0.0 8.77
5 4 1998 24.09 42.55 0.0 7.41
6 4 1998 23.97 43.3 0.0 7.68
7 4 1998 24.01 43.19 0.01 9.22
8 4 1998 23.75 38.01 0.0 10.95
9 4 1998 20.34 35.99 0.0 8.95
10 4 1998 21.19 37.37 0.0 6.32
11 4 1998 18.85 38.73 0.0 6.77
12 4 1998 20.33 39.22 0.0 9.31
13 4 1998 20.88 39.47 0.0 8.06
14 4 1998 20.8 40.76 0.0 7.93
15 4 1998 21.44 40.58 0.0 6.83
16 4 1998 24.15 41.64 0.0 6.41
17 4 1998 25.17 41.89 0.0 9.49
18 4 1998 24.76 39.13 0.0 9.19
19 4 1998 24.83 39.07 0.0 8.59
20 4 1998 22.51 38.4 0.0 9.08
21 4 1998 24.13 34.37 0.0 8.17
22 4 1998 22.19 40.67 0.0 8.96
23 4 1998 25.0 41.08 0.0 10.32
24 4 1998 25.03 41.81 0.0 7.79
25 4 1998 26.52 41.19 0.0 9.86
26 4 1998 25.81 39.72 0.0 9.62
27 4 1998 28.16 35.9 0.77 6.59
28 4 1998 26.19 42.42 0.0 8.47
29 4 1998 26.87 43.05 0.01 10.06
30 4 1998 25.43 41.44 0.0 10.26
1 5 1998 24.47 42.04 0.0 9.15
2 5 1998 26.92 42.75 0.0 9.02
3 5 1998 25.98 43.32 0.0 10.03
4 5 1998 27.01 43.44 0.0 10.09
5 5 1998 25.5 42.65 0.0 10.16
6 5 1998 26.56 42.53 0.0 9.63
7 5 1998 27.73 41.71 0.0 9.11
8 5 1998 28.95 42.07 0.0 9.76
9 5 1998 23.56 41.05 0.0 7.99
10 5 1998 22.2 39.7 0.0 8.79
11 5 1998 23.52 41.12 0.0 8.49
12 5 1998 23.81 42.26 0.0 7.2
13 5 1998 26.06 43.89 0.0 7.01
14 5 1998 28.12 45.08 0.01 5.97
15 5 1998 27.73 46.03 0.0 5.93
16 5 1998 28.12 46.12 0.0 9.99
17 5 1998 27.66 46.58 0.0 10.16
18 5 1998 29.3 45.08 0.0 11.15
19 5 1998 28.77 45.79 0.0 10.95
20 5 1998 28.83 45.44 2.02 11.93
21 5 1998 29.3 45.15 0.39 11.94
22 5 1998 29.48 46.98 0.37 12.27
23 5 1998 29.49 46.12 0.0 12.9
24 5 1998 28.05 43.9 0.0 12.1
25 5 1998 28.21 44.53 0.0 10.93
26 5 1998 27.6 44.64 0.0 12.19
27 5 1998 27.43 44.45 0.0 12.07
28 5 1998 27.73 43.28 0.0 12.54
29 5 1998 27.77 42.33 0.0 12.38
30 5 1998 27.19 42.96 0.0 11.64
31 5 1998 28.71 42.8 0.0 11.57
1 6 1998 29.56 43.27 0.0 11.98
2 6 1998 29.51 43.48 0.01 11.46
3 6 1998 28.9 42.7 0.0 11.38
4 6 1998 29.26 42.65 0.13 9.68
5 6 1998 29.93 43.16 0.32 10.38
6 6 1998 29.27 42.77 0.04 10.2
7 6 1998 29.57 36.87 2.07 8.44
8 6 1998 28.4 36.87 6.91 7.45
9 6 1998 26.48 38.98 4.95 8.64
10 6 1998 24.95 35.54 12.13 6.5
11 6 1998 25.23 37.62 0.01 8.54
12 6 1998 25.34 37.33 0.17 8.1
13 6 1998 25.25 37.5 0.21 6.84
14 6 1998 25.55 38.4 0.01 6.28
15 6 1998 27.59 41.23 7.59 7.0
16 6 1998 26.35 34.5 13.16 5.27
17 6 1998 25.16 38.59 4.32 6.62
18 6 1998 25.02 40.72 0.0 7.72
19 6 1998 26.12 41.64 0.0 7.83
20 6 1998 26.55 41.85 0.13 9.25
21 6 1998 25.76 39.86 0.0 9.43
22 6 1998 25.48 39.83 0.0 8.54
23 6 1998 27.37 40.13 0.0 8.7
24 6 1998 27.9 40.31 0.08 8.46
25 6 1998 28.58 41.41 1.07 8.18
26 6 1998 29.03 38.98 12.94 7.67
27 6 1998 27.5 38.68 3.87 4.67
28 6 1998 27.39 37.9 7.13 4.4
29 6 1998 27.76 36.45 17.61 4.09
30 6 1998 27.42 36.67 4.49 4.57
1 7 1998 28.38 39.43 0.49 5.86
2 7 1998 26.35 37.12 27.42 6.37
3 7 1998 25.32 35.22 11.1 5.1
4 7 1998 24.81 33.89 2.84 4.38
5 7 1998 24.99 30.68 25.66 3.37
6 7 1998 24.62 29.99 21.82 3.28
7 7 1998 24.23 32.51 21.91 4.32
8 7 1998 24.52 32.92 5.77 5.11
9 7 1998 24.65 32.94 0.38 4.93
10 7 1998 25.19 30.48 18.09 4.63
11 7 1998 24.9 31.01 19.32 2.89
12 7 1998 24.41 31.23 16.4 3.26
13 7 1998 24.34 30.44 16.23 2.63
14 7 1998 24.48 30.41 4.65 2.67
15 7 1998 24.39 30.85 6.12 3.38
16 7 1998 24.34 31.51 5.06 4.01
17 7 1998 24.47 31.99 4.08 4.6
18 7 1998 24.4 31.87 2.65 5.04
19 7 1998 24.55 31.29 16.67 4.88
20 7 1998 24.69 30.58 3.23 4.88
21 7 1998 24.38 32.47 0.64 5.22
22 7 1998 24.41 32.51 0.03 5.16
23 7 1998 24.73 32.66 0.0 5.22
24 7 1998 24.22 32.65 0.07 5.49
25 7 1998 24.18 32.21 0.04 5.39
26 7 1998 24.15 32.01 0.0 5.47
27 7 1998 24.02 33.83 0.0 5.46
28 7 1998 24.69 34.86 12.2 5.54
29 7 1998 25.15 33.26 8.97 5.24
30 7 1998 25.66 32.81 27.26 4.74
31 7 1998 25.87 34.43 4.55 4.52
1 8 1998 26.1 33.49 26.55 3.19
2 8 1998 25.15 30.99 8.01 3.96
3 8 1998 25.23 28.98 2.19 4.11
4 8 1998 24.55 30.51 0.98 4.08
5 8 1998 24.08 31.97 0.39 4.0
6 8 1998 23.95 31.78 0.84 4.52
7 8 1998 24.52 28.79 1.79 3.82
8 8 1998 24.37 28.4 10.84 1.41
9 8 1998 24.19 32.44 2.89 3.56
10 8 1998 25.29 32.4 4.25 4.41
11 8 1998 26.01 32.25 10.43 3.74
12 8 1998 25.89 31.31 5.45 2.39
13 8 1998 24.3 30.43 0.99 3.65
14 8 1998 24.4 31.69 0.13 3.65
15 8 1998 24.3 31.46 0.66 4.5
16 8 1998 24.12 31.59 0.2 4.53
17 8 1998 23.65 31.21 0.12 5.02
18 8 1998 23.3 31.76 0.03 4.84
19 8 1998 23.63 32.48 1.05 4.87
20 8 1998 23.85 32.55 1.03 4.67
21 8 1998 24.21 32.32 0.52 4.63
22 8 1998 24.62 31.38 3.39 3.11
23 8 1998 24.29 33.38 0.65 5.17
24 8 1998 25.35 32.71 2.02 4.46
25 8 1998 24.77 31.19 17.06 4.28
26 8 1998 24.48 32.65 12.46 3.29
27 8 1998 24.96 31.93 6.88 4.24
28 8 1998 24.44 30.37 6.37 3.77
29 8 1998 23.52 30.83 3.37 3.27
30 8 1998 24.09 31.28 4.53 4.45
31 8 1998 23.57 30.97 1.24 4.36
1 9 1998 23.22 31.1 0.95 4.36
2 9 1998 22.61 30.92 0.23 4.59
3 9 1998 22.4 31.58 0.09 4.55
4 9 1998 21.89 34.15 0.03 4.79
5 9 1998 23.07 35.15 0.05 5.19
6 9 1998 23.68 35.12 2.54 5.04
7 9 1998 23.67 35.31 2.93 5.11
8 9 1998 24.67 32.65 11.31 4.56
9 9 1998 24.28 32.44 10.92 3.64
10 9 1998 23.71 33.57 0.45 4.75
11 9 1998 23.59 34.01 4.02 3.21
12 9 1998 24.37 33.51 2.25 5.13
13 9 1998 23.37 32.38 12.74 3.5
14 9 1998 24.41 31.26 12.07 2.7
15 9 1998 23.84 29.81 16.1 2.87
16 9 1998 23.24 30.78 23.0 2.1
17 9 1998 24.62 30.51 3.23 2.47
18 9 1998 23.88 31.19 1.87 3.28
19 9 1998 23.81 31.15 0.52 4.0
20 9 1998 23.9 30.49 1.27 3.86
21 9 1998 23.74 29.61 9.22 3.92
22 9 1998 22.74 30.39 33.67 3.58
23 9 1998 23.44 30.12 6.87 2.31
24 9 1998 22.21 30.44 12.93 2.71
25 9 1998 23.76 31.74 2.39 3.99
26 9 1998 21.97 29.89 0.35 3.04
27 9 1998 22.35 31.81 0.35 3.89
28 9 1998 23.9 32.79 0.2 4.44
29 9 1998 22.96 33.15 0.12 4.32
30 9 1998 23.86 33.06 1.88 4.29
1 10 1998 25.03 31.54 1.36 4.38
2 10 1998 24.25 30.39 0.89 3.89
3 10 1998 22.97 31.17 0.1 3.96
4 10 1998 22.86 32.77 0.01 3.87
5 10 1998 22.5 33.18 0.0 4.35
6 10 1998 22.1 33.3 0.0 4.59
7 10 1998 21.03 33.73 0.0 4.43
8 10 1998 21.2 34.09 0.0 4.69
9 10 1998 21.14 33.75 0.01 4.37
10 10 1998 22.81 34.26 0.0 4.25
11 10 1998 22.14 34.64 0.13 4.86
12 10 1998 22.51 34.73 0.47 4.67
13 10 1998 23.37 32.92 0.0 3.99
14 10 1998 24.16 32.48 2.21 3.32
15 10 1998 23.52 29.13 3.1 2.27
16 10 1998 21.94 28.98 7.2 2.55
17 10 1998 22.61 31.47 4.95 2.05
18 10 1998 19.21 30.48 0.72 4.3
19 10 1998 16.42 30.85 0.01 3.91
20 10 1998 17.4 30.23 0.0 3.76
21 10 1998 17.51 31.41 0.0 3.22
22 10 1998 17.29 32.13 0.0 3.65
23 10 1998 18.91 32.68 0.25 4.01
24 10 1998 19.18 31.54 0.64 2.53
25 10 1998 19.83 32.62 0.08 4.1
26 10 1998 21.23 32.7 0.0 4.04
27 10 1998 18.37 33.7 0.0 4.82
28 10 1998 15.5 33.33 0.0 4.05
29 10 1998 15.44 33.42 0.0 4.96
30 10 1998 14.26 32.62 0.0 4.63
31 10 1998 14.17 31.79 0.0 4.55
1 11 1998 17.3 31.76 1.49 3.95
2 11 1998 21.13 33.41 0.06 3.51
3 11 1998 21.38 31.64 0.05 3.61
4 11 1998 20.6 32.71 0.01 3.36
5 11 1998 21.32 34.58 0.0 3.44
6 11 1998 18.86 33.62 0.2 3.54
7 11 1998 18.51 32.26 0.26 3.65
8 11 1998 16.9 31.73 0.0 4.82
9 11 1998 14.1 31.11 0.1 4.67
10 11 1998 15.49 31.54 0.0 4.52
11 11 1998 14.08 31.3 0.0 4.41
12 11 1998 13.07 31.48 0.0 3.97
13 11 1998 12.39 31.16 0.0 3.94
14 11 1998 14.1 31.04 0.0 3.43
15 11 1998 16.91 30.8 0.0 3.63
16 11 1998 15.76 30.33 0.01 4.39
17 11 1998 16.98 25.86 0.02 3.11
18 11 1998 16.97 30.19 0.0 3.39
19 11 1998 16.0 32.04 0.0 3.47
20 11 1998 15.5 32.11 0.0 4.71
21 11 1998 13.35 31.37 0.0 4.8
22 11 1998 11.44 31.22 0.0 3.78
23 11 1998 11.15 31.47 0.0 4.07
24 11 1998 11.23 31.3 0.0 3.52
25 11 1998 11.58 31.37 0.0 3.22
26 11 1998 12.42 32.08 0.0 3.2
27 11 1998 11.65 31.69 0.0 3.85
28 11 1998 11.5 31.6 0.0 4.49
29 11 1998 11.28 31.33 0.0 3.76
30 11 1998 13.21 31.69 0.0 3.69
1 12 1998 12.19 31.36 0.0 4.31
2 12 1998 12.01 32.01 0.0 4.49
3 12 1998 11.82 31.25 0.0 5.14
4 12 1998 11.61 31.54 0.0 4.72
5 12 1998 11.62 32.93 0.0 4.58
6 12 1998 13.37 33.52 0.0 4.14
7 12 1998 13.13 32.7 0.0 4.59
8 12 1998 15.3 31.59 0.0 3.65
9 12 1998 14.3 32.45 0.0 4.08
10 12 1998 12.25 31.67 0.0 4.7
11 12 1998 10.41 31.5 0.0 4.59
12 12 1998 10.32 31.55 0.0 4.9
13 12 1998 10.8 29.26 0.0 4.98
14 12 1998 10.78 25.44 0.0 3.94
15 12 1998 13.23 26.55 0.0 3.78
16 12 1998 13.05 29.66 0.0 3.56
17 12 1998 11.65 31.78 0.0 3.99
18 12 1998 10.05 31.69 0.0 4.22
19 12 1998 9.63 31.62 0.0 4.05
20 12 1998 10.32 31.1 0.0 3.74
21 12 1998 11.76 30.06 0.0 3.4
22 12 1998 12.18 30.48 0.0 3.78
23 12 1998 11.14 30.11 0.0 3.72
24 12 1998 11.5 30.18 0.0 5.38
25 12 1998 10.64 28.96 0.0 5.18
26 12 1998 9.8 28.94 0.0 4.39
27 12 1998 9.44 30.08 0.0 4.55
28 12 1998 9.87 29.97 0.0 3.8
29 12 1998 9.78 30.49 0.0 3.26
30 12 1998 10.59 29.37 0.0 4.25
31 12 1998 10.77 29.63 0.0 4.9
1 1 1999 10.55 30.17 0.0 4.6
2 1 1999 11.06 30.15 0.0 3.45
3 1 1999 12.9 28.38 0.0 3.73
4 1 1999 10.0 29.7 0.0 3.92
5 1 1999 11.35 29.16 0.0 4.03
6 1 1999 11.79 25.53 0.31 3.87
7 1 1999 7.46 22.4 0.04 3.26
8 1 1999 7.55 23.98 0.0 3.99
9 1 1999 7.53 26.14 0.0 4.0
10 1 1999 7.18 25.66 0.0 4.66
11 1 1999 7.65 26.01 0.0 4.07
12 1 1999 7.59 27.38 0.0 3.6
13 1 1999 9.2 27.02 0.0 4.74
14 1 1999 8.82 27.87 0.0 4.84
15 1 1999 9.87 29.03 0.0 5.02
16 1 1999 9.93 29.73 0.0 4.55
17 1 1999 9.9 28.46 0.0 4.57
18 1 1999 10.74 30.63 0.0 4.84
19 1 1999 10.97 31.26 0.0 4.45
20 1 1999 11.62 31.52 0.0 4.7
21 1 1999 13.69 30.9 0.0 4.54
22 1 1999 12.14 29.17 0.0 4.63
23 1 1999 10.33 27.8 0.0 4.04
24 1 1999 14.44 27.63 0.0 3.9
25 1 1999 12.09 28.23 0.0 4.43
26 1 1999 10.08 28.76 0.0 4.89
27 1 1999 10.37 29.65 0.0 4.64
28 1 1999 11.82 25.57 0.34 3.89
29 1 1999 8.09 26.65 0.0 4.37
30 1 1999 8.2 26.48 0.0 4.29
31 1 1999 8.37 27.37 0.0 4.08
1 2 1999 8.9 27.85 0.0 5.53
2 2 1999 9.89 27.57 0.0 6.38
3 2 1999 10.01 27.64 1.5 6.66
4 2 1999 8.67 25.81 6.62 5.13
5 2 1999 9.89 27.83 0.01 3.78
6 2 1999 11.39 30.21 0.0 4.8
7 2 1999 14.7 31.94 0.84 4.57
8 2 1999 15.13 28.3 24.0 3.72
9 2 1999 14.1 25.5 1.45 3.11
10 2 1999 13.27 28.03 0.0 4.13
11 2 1999 12.87 29.72 0.0 4.14
12 2 1999 15.48 30.3 0.0 4.39
13 2 1999 15.18 31.15 0.0 4.57
14 2 1999 14.02 31.37 0.0 4.73
15 2 1999 13.88 32.15 0.0 4.84
16 2 1999 15.46 33.94 0.4 5.23
17 2 1999 16.4 33.28 0.0 4.9
18 2 1999 15.41 32.78 0.0 5.01
19 2 1999 13.71 32.23 0.0 5.15
20 2 1999 15.0 33.73 0.28 4.88
21 2 1999 14.34 33.42 0.0 5.61
22 2 1999 15.08 35.25 0.0 5.87
23 2 1999 14.94 33.51 0.0 5.85
24 2 1999 18.21 35.33 0.0 6.04
25 2 1999 16.77 33.53 0.0 5.9
26 2 1999 15.62 34.05 0.0 6.51
27 2 1999 15.05 33.55 0.0 6.38
28 2 1999 15.34 33.73 0.0 6.31
1 3 1999 14.9 33.73 0.0 7.35
2 3 1999 15.72 35.93 0.0 6.43
3 3 1999 18.44 37.08 0.0 6.31
4 3 1999 17.76 37.64 0.0 6.87
5 3 1999 18.17 37.36 0.0 6.42
6 3 1999 18.67 37.77 0.0 6.48
7 3 1999 20.16 37.45 0.0 7.43
8 3 1999 19.95 36.51 0.0 7.59
9 3 1999 17.23 34.8 0.0 7.2
10 3 1999 13.73 35.51 0.0 7.11
11 3 1999 16.04 34.3 0.0 7.25
12 3 1999 14.44 34.0 0.0 6.35
13 3 1999 15.23 34.94 0.0 8.65
14 3 1999 15.73 36.3 0.0 8.85
15 3 1999 16.94 38.12 0.0 8.37
16 3 1999 16.08 38.69 0.0 7.78
17 3 1999 16.52 35.42 0.0 7.92
18 3 1999 15.4 35.45 0.0 6.47
19 3 1999 16.22 35.23 0.0 6.88
20 3 1999 14.97 36.05 0.0 8.36
21 3 1999 12.7 34.39 0.0 7.85
22 3 1999 14.29 36.25 0.0 7.27
23 3 1999 15.83 38.2 0.0 6.49
24 3 1999 17.69 38.43 0.0 7.48
25 3 1999 19.55 39.05 0.0 9.18
26 3 1999 18.8 39.37 0.0 7.65
27 3 1999 17.98 39.63 0.0 8.25
28 3 1999 18.91 42.12 0.0 7.46
29 3 1999 20.67 42.51 0.0 5.87
30 3 1999 21.08 43.82 0.0 7.89
31 3 1999 20.96 43.48 0.0 9.38
1 4 1999 21.81 41.19 0.0 9.99
2 4 1999 22.12 41.63 0.0 8.89
3 4 1999 21.85 41.63 0.0 7.34
4 4 1999 19.57 40.75 0.0 8.33
5 4 1999 20.13 41.98 0.0 8.7
6 4 1999 22.55 43.76 0.0 8.65
7 4 1999 24.22 44.06 0.0 10.34
8 4 1999 22.5 44.6 0.0 9.64
9 4 1999 24.2 44.03 0.0 7.17
10 4 1999 25.07 44.07 0.0 10.86
11 4 1999 23.48 43.01 0.0 10.5
12 4 1999 22.37 41.13 0.0 10.21
13 4 1999 21.2 40.78 0.0 8.52
14 4 1999 19.59 39.91 0.0 8.96
15 4 1999 19.44 39.8 0.0 9.22
16 4 1999 18.8 40.37 0.0 7.29
17 4 1999 20.33 40.96 0.0 7.23
18 4 1999 21.41 41.45 0.0 8.2
19 4 1999 22.75 42.32 0.0 8.54
20 4 1999 23.46 42.5 0.0 8.89
21 4 1999 23.29 43.12 0.0 9.95
22 4 1999 24.94 43.54 0.0 10.22
23 4 1999 25.25 43.26 0.0 10.62
24 4 1999 23.76 43.77 0.0 9.55
25 4 1999 24.48 43.99 0.0 9.9
26 4 1999 24.09 42.29 0.0 9.85
27 4 1999 24.36 42.26 0.0 9.81
28 4 1999 23.87 43.48 0.0 9.85
29 4 1999 24.76 43.49 0.0 10.54
30 4 1999 24.87 44.57 0.0 12.04
1 5 1999 25.55 44.43 0.0 11.16
2 5 1999 25.98 45.0 0.0 11.34
3 5 1999 26.44 43.9 0.0 11.58
4 5 1999 26.18 43.89 0.0 10.54
5 5 1999 26.08 43.98 0.0 10.8
6 5 1999 26.84 43.34 0.0 10.81
7 5 1999 26.82 41.52 0.0 11.3
8 5 1999 24.75 40.41 0.1 9.85
9 5 1999 25.85 42.89 0.15 10.16
10 5 1999 25.65 42.58 0.0 11.31
11 5 1999 24.93 41.89 0.11 9.86
12 5 1999 25.53 43.15 0.01 10.4
13 5 1999 25.58 42.12 0.0 10.67
14 5 1999 25.94 41.16 0.19 9.96
15 5 1999 26.67 42.95 0.01 9.85
16 5 1999 28.34 45.03 0.0 9.96
17 5 1999 28.32 45.19 0.0 11.03
18 5 1999 28.76 43.92 0.0 12.43
19 5 1999 28.19 38.33 0.0 10.71
20 5 1999 25.73 38.98 0.95 8.07
21 5 1999 26.07 37.36 0.99 9.29
22 5 1999 26.04 38.2 0.93 9.66
23 5 1999 26.55 38.73 0.06 9.84
24 5 1999 26.93 40.52 0.1 9.88
25 5 1999 26.65 39.9 0.0 10.12
26 5 1999 25.62 41.02 0.2 9.86
27 5 1999 26.06 42.55 0.04 10.13
28 5 1999 28.65 42.6 0.0 10.83
29 5 1999 27.41 40.33 0.0 11.83
30 5 1999 26.1 39.08 0.0 11.53
31 5 1999 25.14 38.89 0.0 10.63
1 6 1999 27.11 38.79 0.19 9.93
2 6 1999 25.3 39.75 0.02 11.04
3 6 1999 23.92 38.49 0.29 10.55
4 6 1999 23.7 39.02 0.0 9.6
5 6 1999 26.24 41.21 0.02 10.14
6 6 1999 27.69 40.8 0.05 10.4
7 6 1999 27.99 41.63 0.0 11.05
8 6 1999 27.71 41.71 0.32 10.66
9 6 1999 28.85 41.47 0.78 10.35
10 6 1999 28.37 42.31 1.16 10.65
11 6 1999 29.15 42.54 4.51 9.09
12 6 1999 27.05 41.31 3.85 8.9
13 6 1999 27.02 40.0 0.51 8.17
14 6 1999 27.6 40.98 0.0 7.96
15 6 1999 27.17 36.98 24.96 8.47
16 6 1999 25.4 39.14 1.07 8.37
17 6 1999 25.58 35.64 1.92 5.12
18 6 1999 25.98 38.2 14.0 6.72
19 6 1999 27.69 35.23 20.36 5.71
20 6 1999 26.15 34.38 13.11 3.18
21 6 1999 25.82 30.13 10.33 2.49
22 6 1999 24.59 31.11 4.19 5.36
23 6 1999 24.33 33.96 0.22 6.32
24 6 1999 24.39 35.15 0.04 7.03
25 6 1999 23.73 36.27 0.0 7.45
26 6 1999 24.18 36.04 0.0 7.25
27 6 1999 24.46 36.48 0.0 7.52
28 6 1999 24.15 36.02 0.0 5.9
29 6 1999 24.39 34.86 0.0 6.83
30 6 1999 24.84 35.6 0.0 7.1
1 7 1999 24.25 35.76 0.0 6.79
2 7 1999 24.28 36.09 0.0 6.96
3 7 1999 24.17 36.12 0.0 6.63
4 7 1999 24.62 36.83 0.0 6.86
5 7 1999 24.72 37.23 0.53 6.94
6 7 1999 25.52 35.59 6.0 6.71
7 7 1999 25.4 35.39 4.56 6.0
8 7 1999 25.51 38.69 2.63 6.32
9 7 1999 26.68 38.48 0.44 6.38
10 7 1999 26.1 35.52 0.2 7.31
11 7 1999 25.24 36.85 0.2 7.55
12 7 1999 25.32 36.54 1.77 7.09
13 7 1999 25.13 37.23 1.37 6.29
14 7 1999 25.26 37.94 0.41 7.57
15 7 1999 24.7 37.03 1.91 7.0
16 7 1999 25.33 36.77 3.21 6.41
17 7 1999 26.06 38.23 6.79 6.47
18 7 1999 25.81 32.66 12.72 3.77
19 7 1999 24.98 29.01 27.44 2.95
20 7 1999 23.86 28.51 23.3 2.99
21 7 1999 24.01 29.35 7.71 1.92
22 7 1999 23.75 30.39 14.2 2.36
23 7 1999 24.19 31.37 24.55 3.46
24 7 1999 23.5 31.24 12.4 2.02
25 7 1999 23.5 29.93 5.78 2.43
26 7 1999 24.06 31.47 3.04 4.7
27 7 1999 24.09 32.23 0.18 4.26
28 7 1999 23.55 32.47 0.23 4.26
29 7 1999 23.36 31.52 18.26 3.38
30 7 1999 23.96 30.81 17.0 1.8
31 7 1999 23.83 31.47 8.28 2.58
1 8 1999 24.21 30.55 2.2 3.85
2 8 1999 23.78 30.77 0.27 4.02
3 8 1999 23.73 29.32 4.07 3.3
4 8 1999 23.47 29.93 3.08 3.93
5 8 1999 23.7 30.71 1.1 3.91
6 8 1999 23.82 30.72 10.42 2.56
7 8 1999 23.79 30.98 4.65 3.44
8 8 1999 23.89 30.66 0.96 3.47
9 8 1999 23.9 30.7 2.16 4.02
10 8 1999 23.78 29.69 4.49 1.81
11 8 1999 23.8 30.26 3.62 3.31
12 8 1999 23.27 31.13 0.89 4.33
13 8 1999 22.64 31.54 0.02 4.95
14 8 1999 22.91 32.36 0.0 4.34
15 8 1999 22.78 32.38 0.0 4.72
16 8 1999 22.83 33.25 0.0 5.05
17 8 1999 22.83 33.0 0.25 5.19
18 8 1999 22.58 33.15 1.24 4.01
19 8 1999 22.52 33.05 6.26 4.56
20 8 1999 23.18 32.1 2.68 3.23
21 8 1999 23.01 31.04 1.45 3.41
22 8 1999 22.48 31.29 0.97 4.37
23 8 1999 22.68 33.16 0.33 4.82
24 8 1999 22.88 33.85 0.0 5.33
25 8 1999 22.63 33.94 0.0 5.43
26 8 1999 23.38 34.28 0.02 5.42
27 8 1999 23.5 34.62 0.09 5.25
28 8 1999 23.22 34.8 0.39 5.47
29 8 1999 22.81 35.4 2.57 4.8
30 8 1999 22.72 36.19 0.25 5.76
31 8 1999 22.95 35.16 10.94 5.85
1 9 1999 22.77 35.05 3.23 5.66
2 9 1999 22.87 33.77 5.34 4.9
3 9 1999 22.57 34.98 2.61 5.52
4 9 1999 22.89 35.18 2.98 3.99
5 9 1999 23.19 33.63 9.08 2.71
6 9 1999 23.39 32.48 7.87 4.13
7 9 1999 22.81 34.94 0.31 5.01
8 9 1999 23.6 35.89 0.59 5.86
9 9 1999 23.36 36.74 0.44 5.6
10 9 1999 23.67 36.69 0.32 4.82
11 9 1999 23.77 35.02 4.45 4.19
12 9 1999 23.62 35.52 12.3 5.34
13 9 1999 22.73 35.87 11.17 5.81
14 9 1999 22.77 35.44 3.23 3.68
15 9 1999 22.44 34.88 0.69 5.2
16 9 1999 22.52 35.02 0.05 5.69
17 9 1999 22.13 35.31 0.0 6.0
18 9 1999 22.03 34.58 0.17 5.67
19 9 1999 21.96 35.05 0.63 4.77
20 9 1999 23.12 32.08 2.07 3.52
21 9 1999 23.07 36.5 2.74 4.39
22 9 1999 23.13 36.87 1.09 4.97
23 9 1999 25.69 35.4 6.99 2.91
24 9 1999 25.04 35.66 14.03 4.61
25 9 1999 23.58 33.66 18.42 3.44
26 9 1999 23.37 35.23 1.76 4.6
27 9 1999 24.47 35.82 0.19 4.82
28 9 1999 23.21 35.22 0.03 4.97
29 9 1999 22.08 34.37 0.57 4.54
30 9 1999 23.5 30.7 2.21 2.99
1 10 1999 22.69 32.03 4.88 3.44
2 10 1999 23.26 31.76 3.87 3.32
3 10 1999 23.01 29.38 3.91 2.92
4 10 1999 22.59 33.3 0.41 3.24
5 10 1999 22.37 34.35 0.27 4.38
6 10 1999 22.68 34.11 8.51 4.34
7 10 1999 22.3 33.79 0.72 4.5
8 10 1999 21.97 31.91 5.7 4.1
9 10 1999 20.73 30.76 1.68 2.71
10 10 1999 21.55 32.64 0.72 4.09
11 10 1999 23.5 30.23 0.43 3.51
12 10 1999 22.23 27.55 7.71 2.22
13 10 1999 19.81 32.64 3.5 4.39
14 10 1999 19.67 32.58 1.52 4.43
15 10 1999 18.9 33.17 0.01 4.66
16 10 1999 15.72 33.97 0.0 4.59
17 10 1999 14.76 33.76 0.0 4.56
18 10 1999 16.79 34.92 0.0 4.25
19 10 1999 16.55 35.58 0.0 4.39
20 10 1999 18.08 35.88 0.0 4.07
21 10 1999 17.73 35.38 0.0 4.45
22 10 1999 18.53 34.89 0.0 4.3
23 10 1999 16.53 34.38 0.0 4.26
24 10 1999 15.39 33.89 0.0 4.21
25 10 1999 14.67 33.71 0.0 4.38
26 10 1999 15.01 34.63 0.0 4.66
27 10 1999 15.26 35.24 0.0 4.07
28 10 1999 15.2 35.74 0.0 4.24
29 10 1999 14.74 36.06 0.0 4.71
30 10 1999 15.0 34.73 0.0 4.14
31 10 1999 16.84 35.54 0.0 4.06
1 11 1999 18.26 35.93 0.0 4.47
2 11 1999 15.12 34.63 0.0 3.91
3 11 1999 15.0 35.15 0.0 4.24
4 11 1999 15.3 34.8 0.0 4.34
5 11 1999 15.72 34.28 0.0 4.01
6 11 1999 18.53 34.11 0.0 3.83
7 11 1999 17.55 34.42 0.0 3.9
8 11 1999 18.72 34.94 0.0 3.23
9 11 1999 15.84 34.42 0.0 4.08
10 11 1999 14.9 34.59 0.0 4.12
11 11 1999 15.01 34.07 0.0 4.21
12 11 1999 16.39 33.21 0.0 3.83
13 11 1999 15.76 33.87 0.0 3.32
14 11 1999 15.6 34.0 0.0 3.5
15 11 1999 14.0 34.51 0.0 4.41
16 11 1999 16.94 34.72 0.0 3.7
17 11 1999 15.69 34.33 0.0 3.77
18 11 1999 15.84 33.74 0.0 3.48
19 11 1999 14.79 32.48 0.0 3.46
20 11 1999 14.17 32.62 0.0 4.99
21 11 1999 12.6 32.14 0.0 4.15
22 11 1999 14.62 31.17 0.0 3.76
23 11 1999 12.92 31.39 0.0 5.02
24 11 1999 11.55 29.82 0.0 4.93
25 11 1999 14.25 30.35 0.0 4.56
26 11 1999 12.29 31.8 0.0 4.92
27 11 1999 12.39 32.15 0.0 5.08
28 11 1999 12.19 32.92 0.0 5.15
29 11 1999 12.08 33.16 0.0 4.61
30 11 1999 11.94 32.45 0.0 4.01
1 12 1999 11.91 32.51 0.0 4.65
2 12 1999 11.58 31.19 0.0 4.69
3 12 1999 10.92 31.76 0.0 4.43
4 12 1999 12.08 30.83 0.0 3.49
5 12 1999 11.98 30.58 0.0 2.92
6 12 1999 12.06 30.3 0.0 3.99
7 12 1999 13.07 29.5 0.0 3.7
8 12 1999 11.63 27.79 0.0 5.31
9 12 1999 9.77 27.7 0.0 4.31
10 12 1999 9.54 27.27 0.0 4.68
11 12 1999 8.51 28.42 0.0 4.48
12 12 1999 8.58 28.69 0.0 4.29
13 12 1999 9.67 29.63 0.0 3.9
14 12 1999 10.94 30.51 0.0 3.51
15 12 1999 9.95 30.03 0.0 4.02
16 12 1999 10.25 30.72 0.0 3.91
17 12 1999 10.9 30.44 0.0 3.37
18 12 1999 10.77 30.76 0.0 3.52
19 12 1999 10.62 30.94 0.0 3.61
20 12 1999 10.47 30.26 0.0 4.83
21 12 1999 11.45 28.64 0.0 4.77
22 12 1999 10.88 29.12 0.0 4.39
23 12 1999 13.01 28.87 0.0 4.3
24 12 1999 11.81 28.91 0.0 4.67
25 12 1999 14.01 28.65 0.0 4.83
26 12 1999 11.31 30.05 0.0 3.55
27 12 1999 11.17 30.11 0.0 4.91
28 12 1999 9.93 28.79 0.0 5.49
29 12 1999 8.64 29.72 0.0 4.08
30 12 1999 9.19 29.66 0.0 3.49
31 12 1999 9.94 30.15 0.0 4.28
1 1 2000 10.76 30.22 0.0 4.26
2 1 2000 11.44 29.98 0.0 4.0
3 1 2000 10.3 29.2 0.0 3.4
4 1 2000 9.76 29.35 0.0 3.57
5 1 2000 9.52 28.55 0.0 3.42
6 1 2000 9.28 29.46 0.0 3.38
7 1 2000 9.4 30.16 0.0 3.67
8 1 2000 12.92 31.41 0.0 4.14
9 1 2000 13.87 32.16 0.0 4.9
10 1 2000 12.05 31.73 0.0 4.49
11 1 2000 13.04 32.26 0.0 4.8
12 1 2000 14.19 28.93 0.0 4.16
13 1 2000 12.42 27.37 0.0 3.86
14 1 2000 7.48 25.15 0.0 4.26
15 1 2000 6.13 24.75 0.0 5.22
16 1 2000 5.24 24.74 0.0 5.97
17 1 2000 6.83 26.4 0.0 6.36
18 1 2000 9.73 31.15 0.0 5.61
19 1 2000 11.28 31.33 0.0 5.06
20 1 2000 10.94 30.94 0.0 4.91
21 1 2000 12.65 29.48 0.0 4.18
22 1 2000 13.82 29.37 0.0 3.52
23 1 2000 12.48 29.05 0.0 4.25
24 1 2000 11.81 30.51 0.0 4.17
25 1 2000 12.0 31.62 0.0 5.02
26 1 2000 13.22 30.31 0.0 4.39
27 1 2000 11.73 26.95 0.0 5.45
28 1 2000 8.05 25.82 0.0 5.51
29 1 2000 7.41 28.71 0.0 5.29
30 1 2000 9.58 31.63 0.0 4.45
31 1 2000 12.65 29.48 0.0 5.6
1 2 2000 11.87 28.65 0.0 4.51
2 2 2000 8.69 29.15 0.0 4.49
3 2 2000 12.83 29.05 0.0 4.16
4 2 2000 12.64 28.63 0.02 4.99
5 2 2000 11.08 25.01 0.27 3.96
6 2 2000 8.03 26.12 0.0 4.14
7 2 2000 9.34 27.53 0.0 4.92
8 2 2000 9.38 27.65 0.0 4.71
9 2 2000 9.65 28.62 0.0 4.26
10 2 2000 11.09 28.82 0.32 5.18
11 2 2000 11.86 26.19 0.14 4.33
12 2 2000 7.66 25.94 0.0 4.33
13 2 2000 7.76 26.65 0.0 5.51
14 2 2000 7.89 26.58 0.0 6.35
15 2 2000 8.19 30.06 0.0 5.66
16 2 2000 10.03 30.48 0.0 5.9
17 2 2000 9.8 29.37 0.0 5.89
18 2 2000 8.46 28.62 0.0 4.64
19 2 2000 9.44 30.06 0.0 4.92
20 2 2000 10.4 30.4 0.0 5.72
21 2 2000 10.8 29.67 0.0 6.41
22 2 2000 11.44 31.24 0.0 7.51
23 2 2000 13.73 30.98 0.05 8.02
24 2 2000 13.4 30.87 0.25 7.36
25 2 2000 13.87 30.4 0.0 6.45
26 2 2000 10.5 30.4 0.0 5.46
27 2 2000 11.26 33.42 0.0 5.51
28 2 2000 13.73 35.47 0.0 5.41
29 2 2000 16.56 37.22 0.0 6.49
1 3 2000 18.13 36.94 0.0 7.77
2 3 2000 17.23 35.62 0.0 6.62
3 3 2000 16.49 34.24 0.0 6.91
4 3 2000 15.57 32.18 0.0 7.21
5 3 2000 13.67 31.58 0.0 6.08
6 3 2000 11.28 32.05 0.0 6.07
7 3 2000 13.96 31.64 0.0 5.3
8 3 2000 10.93 31.26 0.0 6.88
9 3 2000 11.39 33.16 0.0 6.02
10 3 2000 13.99 35.48 0.0 6.91
11 3 2000 15.76 34.43 0.0 7.6
12 3 2000 16.89 32.83 0.0 7.56
13 3 2000 15.05 32.12 0.0 6.86
14 3 2000 12.17 32.59 0.0 6.26
15 3 2000 12.72 34.07 0.0 5.81
16 3 2000 17.06 34.71 0.0 6.53
17 3 2000 18.19 35.44 0.0 6.67
18 3 2000 16.79 35.48 0.0 6.4
19 3 2000 14.43 35.3 0.0 7.06
20 3 2000 14.73 36.37 0.0 6.61
21 3 2000 17.55 36.9 0.0 7.53
22 3 2000 18.89 35.42 0.0 7.01
23 3 2000 16.02 32.62 0.0 8.0
24 3 2000 15.05 34.12 0.0 8.68
25 3 2000 14.69 35.27 0.0 7.45
26 3 2000 16.43 36.31 0.0 7.25
27 3 2000 17.08 37.08 0.0 7.68
28 3 2000 16.98 38.77 0.0 8.09
29 3 2000 17.94 39.84 0.0 7.97
30 3 2000 18.51 40.71 0.0 6.71
31 3 2000 20.38 41.1 0.0 8.11
1 4 2000 22.86 40.78 0.0 8.41
2 4 2000 20.88 40.73 0.0 7.89
3 4 2000 20.19 41.1 0.0 7.11
4 4 2000 20.58 42.12 0.0 8.53
5 4 2000 21.01 41.64 0.0 8.73
6 4 2000 19.65 41.24 0.0 6.55
7 4 2000 18.85 42.14 0.0 8.65
8 4 2000 22.67 42.17 0.0 10.23
9 4 2000 20.94 41.65 0.0 7.78
10 4 2000 22.53 42.45 0.0 8.12
11 4 2000 23.3 42.94 0.0 6.71
12 4 2000 24.2 43.66 0.0 7.96
13 4 2000 24.66 43.48 0.0 8.96
14 4 2000 23.42 41.28 0.0 9.32
15 4 2000 23.62 40.91 0.0 8.23
16 4 2000 22.78 42.15 0.0 7.15
17 4 2000 23.98 41.66 0.0 8.56
18 4 2000 22.72 42.38 0.0 9.04
19 4 2000 23.47 42.62 0.0 9.39
20 4 2000 24.32 42.93 0.0 10.74
21 4 2000 25.3 41.9 0.0 11.22
22 4 2000 23.46 40.6 0.0 10.16
23 4 2000 24.74 41.76 0.01 10.38
24 4 2000 25.39 41.76 0.0 11.3
25 4 2000 24.86 42.9 0.0 11.35
26 4 2000 25.23 43.08 0.0 11.85
27 4 2000 26.33 43.2 0.0 12.04
28 4 2000 25.76 43.25 0.0 12.03
29 4 2000 25.22 42.54 0.0 11.59
30 4 2000 23.76 43.91 0.0 10.87
1 5 2000 25.72 44.77 0.0 11.03
2 5 2000 26.21 45.18 0.0 10.43
3 5 2000 26.18 45.59 0.0 10.59
4 5 2000 26.63 45.08 0.0 10.8
5 5 2000 27.26 44.19 0.0 9.77
6 5 2000 28.51 44.9 0.18 8.7
7 5 2000 25.3 41.43 0.0 7.33
8 5 2000 25.64 41.42 0.14 10.25
9 5 2000 25.83 40.74 10.52 9.83
10 5 2000 24.51 39.12 1.26 8.69
11 5 2000 24.98 39.43 1.11 9.18
12 5 2000 25.56 38.23 2.46 7.66
13 5 2000 27.07 37.01 4.98 7.56
14 5 2000 24.68 37.65 0.31 7.34
15 5 2000 25.33 39.57 0.04 10.22
16 5 2000 25.64 38.42 0.0 9.42
17 5 2000 25.8 38.08 0.0 9.03
18 5 2000 26.47 38.06 0.0 7.81
19 5 2000 26.96 37.35 22.42 7.19
20 5 2000 24.09 36.91 0.19 7.97
21 5 2000 24.55 39.17 0.0 8.83
22 5 2000 25.23 39.35 0.0 9.45
23 5 2000 24.06 38.69 0.0 8.79
24 5 2000 23.87 39.62 0.0 9.33
25 5 2000 24.52 39.38 0.0 9.63
26 5 2000 24.8 40.28 0.0 10.17
27 5 2000 25.15 40.55 0.0 9.51
28 5 2000 25.62 40.72 0.04 9.5
29 5 2000 26.69 38.61 16.49 8.56
30 5 2000 25.56 37.3 2.35 7.62
31 5 2000 25.85 38.08 2.64 7.34
1 6 2000 25.46 39.1 0.11 8.1
2 6 2000 26.76 40.73 0.44 9.32
3 6 2000 26.45 40.59 12.19 7.77
4 6 2000 27.06 40.4 7.9 7.44
5 6 2000 26.68 39.12 1.59 7.08
6 6 2000 26.38 38.65 12.93 7.89
7 6 2000 26.9 39.33 12.17 6.84
8 6 2000 26.29 38.05 1.22 7.34
9 6 2000 26.95 36.51 0.01 6.51
10 6 2000 25.68 38.73 0.01 8.26
11 6 2000 25.83 38.45 0.27 8.34
12 6 2000 26.29 38.15 0.59 7.96
13 6 2000 26.69 37.58 0.17 8.42
14 6 2000 26.58 38.51 0.0 9.14
15 6 2000 25.84 39.08 0.0 9.62
16 6 2000 26.31 38.87 0.0 9.66
17 6 2000 26.5 39.58 0.0 10.29
18 6 2000 26.27 40.46 0.0 9.34
19 6 2000 27.23 41.94 0.1 9.91
20 6 2000 27.51 36.79 0.28 8.57
21 6 2000 27.39 39.8 0.13 8.81
22 6 2000 27.85 39.3 0.0 10.73
23 6 2000 27.81 39.9 0.0 10.31
24 6 2000 27.76 39.5 0.0 10.44
25 6 2000 26.27 39.4 0.0 10.77
26 6 2000 26.49 39.7 0.0 10.91
27 6 2000 26.55 39.38 0.0 10.09
28 6 2000 27.09 40.71 2.39 9.47
29 6 2000 28.31 39.69 10.61 7.44
30 6 2000 26.71 37.42 4.5 6.13
1 7 2000 27.11 37.58 0.51 5.41
2 7 2000 25.87 34.51 13.38 5.7
3 7 2000 24.84 36.47 1.69 4.31
4 7 2000 25.37 37.55 1.17 6.0
5 7 2000 26.01 37.18 0.04 6.91
6 7 2000 26.61 35.33 11.1 6.3
7 7 2000 25.98 36.52 5.86 6.22
8 7 2000 25.35 35.75 1.95 5.19
9 7 2000 25.87 33.72 3.1 4.38
10 7 2000 25.32 32.86 5.55 5.1
11 7 2000 24.54 34.26 13.81 4.61
12 7 2000 24.94 33.78 27.12 3.17
13 7 2000 25.52 29.72 62.28 2.12
14 7 2000 25.19 28.26 28.78 2.97
15 7 2000 24.37 30.32 12.07 3.34
16 7 2000 23.73 31.1 6.25 2.9
17 7 2000 23.88 31.25 6.39 2.52
18 7 2000 23.98 30.03 9.26 3.21
19 7 2000 23.82 28.49 12.84 2.71
20 7 2000 23.36 28.22 16.3 1.44
21 7 2000 23.31 28.65 6.73 2.3
22 7 2000 22.43 30.3 2.28 3.13
23 7 2000 22.43 30.19 0.39 4.47
24 7 2000 22.26 30.79 0.0 5.0
25 7 2000 22.15 30.85 0.0 4.95
26 7 2000 22.49 30.87 0.0 4.87
27 7 2000 22.98 30.4 0.07 4.77
28 7 2000 23.17 30.44 0.66 3.83
29 7 2000 23.01 30.22 0.27 3.97
30 7 2000 23.33 30.71 0.25 2.71
31 7 2000 23.3 31.05 0.23 4.59
1 8 2000 23.01 31.23 0.0 4.87
2 8 2000 22.88 31.69 0.0 5.15
3 8 2000 22.3 32.1 0.0 5.04
4 8 2000 23.14 32.33 0.13 5.29
5 8 2000 22.9 32.44 0.04 5.25
6 8 2000 23.14 33.11 0.0 5.29
7 8 2000 22.57 33.66 0.0 5.3
8 8 2000 23.26 34.3 0.0 5.71
9 8 2000 23.71 33.61 1.65 5.83
10 8 2000 23.9 32.81 15.99 3.81
11 8 2000 24.74 31.3 12.86 3.77
12 8 2000 25.26 32.48 18.2 4.66
13 8 2000 24.18 30.51 13.92 2.09
14 8 2000 23.49 30.6 14.86 2.99
15 8 2000 23.26 28.86 4.55 3.1
16 8 2000 23.08 29.84 0.79 3.53
17 8 2000 22.99 31.63 0.13 3.52
18 8 2000 23.3 31.19 0.43 4.5
19 8 2000 23.05 28.93 10.75 2.9
20 8 2000 23.49 30.37 3.97 2.15
21 8 2000 23.47 30.36 8.95 3.18
22 8 2000 24.3 31.44 6.93 3.89
23 8 2000 24.92 32.12 4.9 4.17
24 8 2000 25.34 32.98 2.7 4.5
25 8 2000 25.17 33.55 0.38 5.01
26 8 2000 25.23 33.13 5.94 5.07
27 8 2000 24.29 31.49 2.83 3.73
28 8 2000 24.41 31.42 0.89 4.27
29 8 2000 24.69 31.73 0.54 4.49
30 8 2000 23.61 31.72 0.34 3.93
31 8 2000 22.62 32.46 0.11 3.88
1 9 2000 23.19 32.42 0.09 4.06
2 9 2000 23.08 32.76 0.06 4.66
3 9 2000 22.94 32.28 6.97 4.58
4 9 2000 22.87 31.22 3.11 1.92
5 9 2000 23.13 28.26 6.2 1.48
6 9 2000 22.83 31.41 0.73 3.56
7 9 2000 22.05 32.31 0.7 4.12
8 9 2000 21.49 32.22 0.01 4.33
9 9 2000 21.43 32.28 0.0 4.52
10 9 2000 21.29 32.12 0.0 4.31
11 9 2000 21.44 32.73 0.0 4.55
12 9 2000 20.71 33.61 0.0 4.97
13 9 2000 21.31 34.4 0.0 5.03
14 9 2000 21.94 36.14 0.0 5.24
15 9 2000 20.68 36.67 0.0 5.28
16 9 2000 21.12 36.8 0.0 5.99
17 9 2000 21.23 36.63 0.0 5.81
18 9 2000 20.87 35.55 0.0 5.82
19 9 2000 20.37 35.48 0.0 5.19
20 9 2000 22.08 36.45 0.0 4.83
21 9 2000 23.47 38.15 0.14 5.87
22 9 2000 23.08 37.56 0.0 6.02
23 9 2000 22.22 38.25 0.05 5.76
24 9 2000 22.82 36.65 0.51 4.75
25 9 2000 23.74 36.77 0.15 5.44
26 9 2000 24.61 37.41 0.11 5.27
27 9 2000 22.36 38.4 0.01 5.25
28 9 2000 21.87 38.48 0.0 5.64
29 9 2000 21.44 39.22 0.0 4.69
30 9 2000 21.13 39.1 0.0 4.36
1 10 2000 21.53 40.32 0.0 5.18
2 10 2000 21.97 39.72 0.0 5.97
3 10 2000 20.4 40.1 0.0 6.58
4 10 2000 20.11 40.05 0.0 5.43
5 10 2000 19.99 39.43 0.0 5.11
6 10 2000 20.23 39.64 0.0 5.4
7 10 2000 21.29 39.4 0.0 5.11
8 10 2000 22.37 39.08 0.0 5.48
9 10 2000 25.47 37.09 2.49 5.66
10 10 2000 24.9 36.67 4.13 5.56
11 10 2000 23.02 37.33 0.62 4.41
12 10 2000 25.25 38.3 0.0 5.42
13 10 2000 25.12 38.93 0.0 4.48
14 10 2000 22.46 39.05 0.0 5.6
15 10 2000 20.46 39.29 0.0 6.51
16 10 2000 18.4 38.58 0.0 6.44
17 10 2000 18.06 38.74 0.0 6.48
18 10 2000 18.65 39.66 0.0 6.06
19 10 2000 18.33 40.23 0.0 5.33
20 10 2000 20.24 40.37 0.0 4.59
21 10 2000 20.27 40.3 0.0 5.62
22 10 2000 20.37 39.14 0.0 5.91
23 10 2000 19.23 37.42 0.0 6.11
24 10 2000 19.26 37.25 0.0 4.95
25 10 2000 19.63 37.97 0.0 4.3
26 10 2000 19.48 38.09 0.0 5.17
27 10 2000 19.17 38.15 0.0 5.7
28 10 2000 17.76 38.0 0.0 5.73
29 10 2000 17.11 37.8 0.0 5.06
30 10 2000 17.15 37.48 0.0 4.67
31 10 2000 16.51 37.57 0.0 4.65
1 11 2000 16.23 36.9 0.0 5.43
2 11 2000 17.38 36.12 0.0 6.59
3 11 2000 17.44 35.51 0.0 5.76
4 11 2000 18.28 35.12 0.0 5.15
5 11 2000 16.7 35.5 0.0 4.4
6 11 2000 16.81 35.17 0.0 4.45
7 11 2000 18.28 35.24 0.0 3.46
8 11 2000 18.57 35.82 0.0 3.27
9 11 2000 19.23 35.99 0.0 4.16
10 11 2000 18.69 36.33 0.0 4.61
11 11 2000 18.71 33.9 0.0 4.49
12 11 2000 18.12 34.96 0.0 4.14
13 11 2000 16.95 35.56 0.0 4.29
14 11 2000 16.83 35.49 0.0 5.67
15 11 2000 16.55 35.23 0.0 5.54
16 11 2000 16.61 35.93 0.0 4.72
17 11 2000 16.3 34.32 0.0 3.85
18 11 2000 16.24 34.49 0.0 4.92
19 11 2000 14.22 33.06 0.0 5.85
20 11 2000 13.76 32.3 0.0 5.39
21 11 2000 13.79 33.04 0.0 4.08
22 11 2000 13.64 34.23 0.0 4.62
23 11 2000 15.44 34.48 0.0 4.53
24 11 2000 16.27 33.98 0.0 5.38
25 11 2000 15.4 31.85 0.0 5.42
26 11 2000 14.14 32.76 0.0 4.27
27 11 2000 13.76 32.35 0.04 4.93
28 11 2000 14.87 29.98 0.0 6.13
29 11 2000 13.69 29.43 0.0 5.48
30 11 2000 11.79 29.43 0.0 5.14
1 12 2000 10.01 28.68 0.0 5.54
2 12 2000 8.75 29.47 0.0 5.61
3 12 2000 9.37 31.05 0.0 5.4
4 12 2000 10.66 32.1 0.0 4.1
5 12 2000 11.01 32.97 0.0 4.35
6 12 2000 12.59 32.37 0.0 4.44
7 12 2000 12.69 32.63 0.0 5.29
8 12 2000 12.73 33.63 0.0 4.2
9 12 2000 13.63 32.76 0.0 4.55
10 12 2000 12.3 31.48 0.0 4.65
11 12 2000 11.76 30.76 0.0 4.53
12 12 2000 11.41 31.58 0.0 4.07
13 12 2000 11.37 31.62 0.0 3.56
14 12 2000 12.08 32.06 0.0 3.11
15 12 2000 12.58 32.06 0.0 3.59
16 12 2000 14.01 32.82 0.0 3.9
17 12 2000 12.83 32.1 0.0 3.81
18 12 2000 12.85 32.03 0.0 3.95
19 12 2000 12.43 30.03 0.0 4.16
20 12 2000 11.98 30.84 0.0 4.56
21 12 2000 12.08 31.49 0.0 4.95
22 12 2000 11.72 32.16 0.0 4.0
23 12 2000 10.77 31.96 0.0 4.1
24 12 2000 11.15 31.62 0.0 3.99
25 12 2000 10.89 31.78 0.0 4.81
26 12 2000 11.07 31.44 0.0 4.72
27 12 2000 10.82 30.48 0.0 4.14
28 12 2000 10.35 30.8 0.0 4.02
29 12 2000 10.33 31.35 0.0 4.18
30 12 2000 14.48 29.78 0.23 4.27
31 12 2000 14.15 25.18 2.42 3.62
1 1 2001 9.97 24.88 0.0 3.05
2 1 2001 8.54 24.67 0.0 2.95
3 1 2001 9.19 26.09 0.0 3.67
4 1 2001 8.62 26.24 0.0 4.19
5 1 2001 8.37 27.27 0.0 4.0
6 1 2001 8.37 28.15 0.0 4.1
7 1 2001 9.47 27.5 0.0 4.23
8 1 2001 7.87 25.37 0.0 4.87
9 1 2001 7.81 25.01 0.0 4.41
10 1 2001 8.63 26.84 0.0 4.43
11 1 2001 8.83 28.97 0.0 4.29
12 1 2001 11.37 29.53 0.0 4.66
13 1 2001 9.59 28.41 0.0 5.32
14 1 2001 9.56 28.77 0.0 4.62
15 1 2001 10.45 30.3 0.0 4.67
16 1 2001 11.1 29.08 0.0 6.38
17 1 2001 11.33 30.8 0.0 5.42
18 1 2001 11.76 31.15 0.0 4.1
19 1 2001 12.38 31.31 0.0 4.41
20 1 2001 11.46 30.87 0.0 5.04
21 1 2001 11.71 29.55 0.0 4.91
22 1 2001 13.13 27.91 0.0 4.42
23 1 2001 8.3 27.9 0.0 4.91
24 1 2001 7.52 27.41 0.0 5.52
25 1 2001 7.26 29.03 0.0 4.44
26 1 2001 8.23 30.22 0.0 4.74
27 1 2001 9.55 31.69 0.0 5.18
28 1 2001 10.75 32.52 0.0 5.08
29 1 2001 14.88 32.41 0.0 5.12
30 1 2001 13.04 31.55 0.0 4.77
31 1 2001 12.58 31.04 0.0 5.5
1 2 2001 12.15 31.44 0.0 6.08
2 2 2001 9.34 29.36 0.0 7.36
3 2 2001 9.16 30.32 0.0 5.73
4 2 2001 7.56 30.19 0.0 4.3
5 2 2001 7.62 29.52 0.0 4.52
6 2 2001 9.11 31.52 0.0 4.62
7 2 2001 9.89 31.88 0.0 5.12
8 2 2001 10.06 32.33 0.0 5.75
9 2 2001 9.79 32.69 0.0 5.35
10 2 2001 12.76 32.64 0.0 5.46
11 2 2001 12.11 32.16 0.0 4.6
12 2 2001 11.58 33.24 0.0 6.22
13 2 2001 14.66 34.76 0.0 6.93
14 2 2001 13.44 30.42 0.0 5.91
15 2 2001 11.41 28.78 0.05 5.41
16 2 2001 11.55 30.37 0.0 4.72
17 2 2001 12.58 32.22 0.0 4.73
18 2 2001 13.73 33.26 0.0 5.47
19 2 2001 14.01 33.23 0.0 6.27
20 2 2001 14.51 35.36 0.0 6.42
21 2 2001 15.97 33.02 0.0 6.25
22 2 2001 13.14 35.13 0.0 5.65
23 2 2001 16.11 36.51 0.0 6.6
24 2 2001 16.79 35.56 0.0 7.29
25 2 2001 18.17 34.34 0.0 6.16
26 2 2001 15.77 31.71 0.0 5.41
27 2 2001 15.82 32.72 0.0 5.45
28 2 2001 14.29 32.51 0.0 7.73
1 3 2001 14.98 30.07 0.0 7.71
2 3 2001 13.91 32.05 0.0 8.98
3 3 2001 14.11 33.73 0.04 8.37
4 3 2001 14.71 33.99 0.12 7.86
5 3 2001 14.37 32.38 0.0 7.22
6 3 2001 13.5 33.8 0.0 6.16
7 3 2001 13.54 33.9 0.0 5.97
8 3 2001 14.69 35.06 0.0 8.32
9 3 2001 16.0 35.51 0.0 8.64
10 3 2001 17.3 36.46 0.0 7.99
11 3 2001 17.22 34.94 0.0 7.12
12 3 2001 21.9 36.06 0.69 5.76
13 3 2001 19.14 34.09 0.72 5.7
14 3 2001 18.49 35.42 0.05 5.62
15 3 2001 19.12 35.67 0.0 5.69
16 3 2001 20.19 37.23 0.0 6.76
17 3 2001 18.56 37.01 0.0 6.46
18 3 2001 18.35 38.33 0.0 6.16
19 3 2001 20.31 39.06 0.02 7.98
20 3 2001 20.71 37.96 0.0 7.89
21 3 2001 20.9 35.23 0.0 6.26
22 3 2001 20.87 36.14 0.0 5.53
23 3 2001 19.61 36.73 0.0 6.32
24 3 2001 19.3 37.49 0.0 6.86
25 3 2001 19.84 37.76 0.0 6.25
26 3 2001 20.16 38.34 0.0 7.71
27 3 2001 20.33 37.3 0.0 7.34
28 3 2001 22.19 35.29 0.01 7.7
29 3 2001 18.44 33.85 0.02 7.82
30 3 2001 17.38 34.16 0.0 7.68
31 3 2001 17.71 34.62 0.0 6.61
1 4 2001 18.95 35.93 0.0 7.82
2 4 2001 17.84 37.54 0.0 7.08
3 4 2001 18.58 39.68 0.0 7.59
4 4 2001 20.23 40.76 0.0 7.78
5 4 2001 19.77 39.88 0.0 9.42
6 4 2001 18.84 39.41 0.0 8.69
7 4 2001 20.06 40.73 0.0 8.14
8 4 2001 20.62 41.46 0.0 9.27
9 4 2001 18.86 40.04 0.0 10.05
10 4 2001 20.51 39.0 0.0 9.52
11 4 2001 23.73 38.47 0.0 7.79
12 4 2001 24.75 38.23 0.64 8.4
13 4 2001 22.22 38.74 0.59 6.71
14 4 2001 23.19 38.69 2.93 6.2
15 4 2001 23.21 38.38 0.24 7.24
16 4 2001 23.8 39.15 0.04 7.67
17 4 2001 22.8 37.81 0.06 7.51
18 4 2001 24.61 37.65 0.17 7.03
19 4 2001 24.51 38.43 0.15 7.76
20 4 2001 22.56 37.98 0.07 8.48
21 4 2001 21.58 39.4 0.0 8.43
22 4 2001 22.55 41.34 0.0 6.86
23 4 2001 22.72 42.83 0.0 7.25
24 4 2001 24.4 43.9 0.0 8.82
25 4 2001 24.89 43.96 0.0 10.19
26 4 2001 24.86 44.19 0.0 10.45
27 4 2001 23.76 43.52 0.0 10.81
28 4 2001 23.2 42.48 0.0 11.27
29 4 2001 23.42 43.2 0.0 9.9
30 4 2001 25.54 44.17 0.0 9.82
1 5 2001 26.24 45.42 0.0 9.96
2 5 2001 26.79 44.7 0.0 11.76
3 5 2001 26.08 44.68 0.0 11.07
4 5 2001 25.16 44.66 0.0 10.41
5 5 2001 26.81 45.28 0.0 11.82
6 5 2001 26.81 44.64 0.0 12.81
7 5 2001 25.58 43.98 0.0 12.39
8 5 2001 25.52 42.73 0.0 12.1
9 5 2001 26.85 41.2 0.0 11.34
10 5 2001 27.0 43.45 0.0 12.11
11 5 2001 25.9 43.71 0.0 11.73
12 5 2001 25.83 44.23 0.0 11.34
13 5 2001 26.57 43.46 0.0 12.04
14 5 2001 26.71 41.93 0.0 11.85
15 5 2001 26.06 41.33 0.0 11.31
16 5 2001 26.97 41.51 0.0 10.9
17 5 2001 27.31 40.43 0.81 10.62
18 5 2001 26.35 39.08 9.03 9.22
19 5 2001 25.79 37.59 4.47 8.6
20 5 2001 26.34 38.31 0.79 9.05
21 5 2001 26.87 39.62 0.19 9.21
22 5 2001 27.08 40.4 0.03 8.05
23 5 2001 27.73 43.88 0.0 7.77
24 5 2001 28.05 44.12 0.16 11.03
25 5 2001 27.48 41.75 1.57 10.95
26 5 2001 26.4 39.55 1.17 9.65
27 5 2001 26.32 39.63 0.13 9.2
28 5 2001 26.79 39.66 0.43 9.51
29 5 2001 25.95 39.84 0.07 9.95
30 5 2001 26.01 36.07 3.55 6.84
31 5 2001 25.33 37.06 0.54 7.8
1 6 2001 26.44 37.37 0.6 8.61
2 6 2001 26.05 37.81 0.6 8.32
3 6 2001 26.15 38.8 0.66 8.52
4 6 2001 27.17 38.32 1.41 8.86
5 6 2001 25.69 37.39 1.38 7.89
6 6 2001 26.17 38.6 0.96 7.87
7 6 2001 26.81 37.88 7.24 6.86
8 6 2001 26.95 38.52 6.97 6.51
9 6 2001 26.57 38.44 1.08 7.11
10 6 2001 26.81 38.44 2.61 6.0
11 6 2001 27.08 37.75 5.99 6.56
12 6 2001 27.1 35.8 5.84 6.29
13 6 2001 25.52 32.42 9.42 4.92
14 6 2001 25.19 33.4 18.88 5.21
15 6 2001 23.9 32.32 4.3 4.84
16 6 2001 25.08 30.26 12.21 3.33
17 6 2001 24.85 32.49 10.65 4.41
18 6 2001 24.86 32.37 19.27 4.78
19 6 2001 24.77 34.44 4.78 6.01
20 6 2001 24.64 35.5 0.52 7.08
21 6 2001 24.22 35.8 0.0 6.93
22 6 2001 23.65 35.56 0.0 6.71
23 6 2001 24.01 35.15 0.0 6.33
24 6 2001 24.35 35.85 1.56 6.93
25 6 2001 24.09 35.77 4.41 6.14
26 6 2001 24.01 35.96 0.56 7.3
27 6 2001 24.32 36.49 0.1 7.31
28 6 2001 24.83 35.87 0.96 7.15
29 6 2001 24.62 35.27 1.22 5.73
30 6 2001 24.94 30.51 6.2 3.11
1 7 2001 24.49 29.63 22.63 2.55
2 7 2001 24.29 29.15 54.92 1.58
3 7 2001 24.4 28.14 17.27 2.45
4 7 2001 24.55 32.08 3.33 4.75
5 7 2001 24.15 33.37 0.28 4.55
6 7 2001 24.39 30.04 0.08 4.27
7 7 2001 24.64 33.48 1.32 5.33
8 7 2001 25.05 31.55 22.1 3.55
9 7 2001 25.5 32.65 26.58 3.97
10 7 2001 24.48 32.86 7.9 1.95
11 7 2001 24.17 29.68 15.25 3.11
12 7 2001 23.37 28.29 4.63 3.92
13 7 2001 23.1 30.67 1.75 4.54
14 7 2001 22.69 28.58 0.46 4.01
15 7 2001 22.52 31.33 0.29 3.99
16 7 2001 22.96 31.8 1.48 3.78
17 7 2001 23.08 32.44 2.26 3.51
18 7 2001 23.75 31.69 0.37 4.33
19 7 2001 24.11 31.91 0.82 3.97
20 7 2001 24.12 29.26 1.2 2.94
21 7 2001 23.81 31.37 2.34 4.09
22 7 2001 23.99 31.16 5.91 2.89
23 7 2001 24.31 30.36 6.66 2.72
24 7 2001 24.03 29.85 3.48 3.77
25 7 2001 23.91 30.76 2.33 3.53
26 7 2001 24.14 30.18 0.17 4.12
27 7 2001 23.93 30.1 0.21 3.95
28 7 2001 24.26 30.75 0.79 3.74
29 7 2001 24.12 30.87 0.96 4.09
30 7 2001 23.58 31.29 1.47 3.79
31 7 2001 23.94 32.71 1.93 3.27
1 8 2001 24.01 33.31 0.63 4.51
2 8 2001 24.08 33.1 0.15 5.29
3 8 2001 23.29 33.39 0.05 4.71
4 8 2001 24.13 32.57 8.21 4.09
5 8 2001 25.08 32.58 6.01 3.29
6 8 2001 24.85 33.27 3.14 3.76
7 8 2001 25.87 31.33 5.03 4.09
8 8 2001 24.72 32.73 2.06 4.22
9 8 2001 24.53 30.23 1.35 3.8
10 8 2001 24.28 31.31 1.61 3.35
11 8 2001 23.8 31.71 10.18 4.12
12 8 2001 24.68 30.01 31.03 3.36
13 8 2001 24.15 30.89 7.54 3.84
14 8 2001 24.65 30.04 1.74 3.94
15 8 2001 24.1 29.85 22.65 2.8
16 8 2001 22.59 28.93 31.01 2.93
17 8 2001 21.91 30.13 5.5 3.35
18 8 2001 23.3 29.38 0.31 3.91
19 8 2001 22.83 30.39 0.04 4.25
20 8 2001 23.02 31.12 0.01 3.4
21 8 2001 23.33 31.66 0.02 3.69
22 8 2001 23.9 31.38 0.0 3.98
23 8 2001 23.36 31.49 0.01 3.96
24 8 2001 23.9 31.58 1.28 4.36
25 8 2001 23.79 32.11 0.15 4.72
26 8 2001 23.0 31.09 0.11 4.55
27 8 2001 21.62 31.19 0.05 4.7
28 8 2001 21.31 31.68 0.0 4.88
29 8 2001 21.33 31.85 0.0 5.25
30 8 2001 21.18 31.45 0.0 4.57
31 8 2001 21.34 31.31 0.0 3.95
1 9 2001 22.47 32.73 0.01 4.22
2 9 2001 22.2 33.54 0.0 4.57
3 9 2001 22.51 33.24 0.0 4.8
4 9 2001 21.71 33.02 0.0 4.54
5 9 2001 21.83 32.84 0.0 4.63
6 9 2001 22.23 33.0 0.0 4.52
7 9 2001 21.73 34.03 0.0 4.65
8 9 2001 21.98 34.57 0.31 5.19
9 9 2001 22.32 35.01 0.01 5.47
10 9 2001 22.33 34.79 0.0 5.32
11 9 2001 22.01 34.34 0.0 5.22
12 9 2001 22.43 34.88 0.01 5.09
13 9 2001 22.15 35.87 0.0 5.25
14 9 2001 22.57 35.37 0.1 4.57
15 9 2001 23.1 36.8 0.01 5.13
16 9 2001 23.99 37.98 0.78 5.37
17 9 2001 23.95 37.87 0.1 4.78
18 9 2001 24.72 38.47 0.0 4.97
19 9 2001 23.81 37.3 4.87 5.26
20 9 2001 22.97 37.37 0.33 4.9
21 9 2001 23.03 36.95 8.05 4.66
22 9 2001 23.54 37.55 0.07 3.99
23 9 2001 25.3 37.97 0.08 4.18
24 9 2001 24.14 38.77 0.02 5.23
25 9 2001 22.15 37.23 0.0 5.47
26 9 2001 22.19 39.03 0.0 5.05
27 9 2001 23.26 38.89 0.0 5.61
28 9 2001 20.78 39.76 0.0 5.84
29 9 2001 20.19 39.75 0.0 6.36
30 9 2001 19.68 38.85 0.18 6.2
1 10 2001 24.5 38.33 0.3 5.76
2 10 2001 25.08 37.06 2.16 5.36
3 10 2001 24.8 37.06 2.4 4.92
4 10 2001 24.22 35.42 0.8 4.16
5 10 2001 24.41 37.76 0.58 4.97
6 10 2001 23.83 37.36 0.07 5.55
7 10 2001 24.84 38.23 0.0 6.11
8 10 2001 23.55 38.7 0.0 6.77
9 10 2001 24.73 37.43 1.1 5.04
10 10 2001 25.15 33.37 4.06 4.62
11 10 2001 23.73 31.75 3.01 4.1
12 10 2001 23.33 32.35 3.94 3.31
13 10 2001 23.45 34.69 1.44 4.15
14 10 2001 23.43 37.44 0.14 4.42
15 10 2001 22.77 37.01 0.01 5.64
16 10 2001 19.21 37.29 0.0 5.34
17 10 2001 18.22 36.9 0.0 5.58
18 10 2001 17.08 37.26 0.0 5.69
19 10 2001 17.26 38.1 0.0 4.53
20 10 2001 16.58 37.74 0.0 5.4
21 10 2001 18.21 37.4 0.0 4.21
22 10 2001 18.3 38.17 0.0 4.55
23 10 2001 17.34 38.1 0.0 6.01
24 10 2001 17.27 37.76 0.0 5.62
25 10 2001 19.09 38.78 0.0 4.06
26 10 2001 19.44 38.8 0.0 3.82
27 10 2001 20.04 39.29 0.0 4.51
28 10 2001 17.7 38.28 0.0 5.61
29 10 2001 17.35 37.79 0.0 5.54
30 10 2001 18.04 37.75 0.0 5.54
31 10 2001 18.9 38.44 0.0 4.32
1 11 2001 18.23 37.65 0.0 4.69
2 11 2001 21.12 38.26 0.0 4.4
3 11 2001 20.37 37.4 0.0 5.76
4 11 2001 20.34 36.25 0.0 4.8
5 11 2001 17.55 35.56 0.0 5.32
6 11 2001 18.1 35.22 0.0 4.58
7 11 2001 17.37 34.52 0.0 6.06
8 11 2001 16.06 33.05 0.0 7.13
9 11 2001 14.83 32.78 0.0 6.35
10 11 2001 14.6 33.23 0.0 5.92
11 11 2001 14.3 32.61 0.0 5.87
12 11 2001 13.39 33.0 0.0 5.81
13 11 2001 13.6 33.46 0.0 5.72
14 11 2001 13.07 33.78 0.0 5.13
15 11 2001 13.52 34.58 0.0 4.97
16 11 2001 14.77 35.6 0.0 5.05
17 11 2001 15.93 35.65 0.0 5.22
18 11 2001 16.61 35.66 0.0 5.63
19 11 2001 16.31 35.12 0.0 5.35
20 11 2001 15.29 34.14 0.0 4.97
21 11 2001 14.29 33.18 0.0 4.55
22 11 2001 14.26 33.19 0.0 3.69
23 11 2001 13.43 32.97 0.0 4.68
24 11 2001 13.53 32.76 0.0 4.89
25 11 2001 12.95 31.93 0.0 4.69
26 11 2001 12.39 31.6 0.0 4.93
27 11 2001 12.2 30.65 0.0 4.4
28 11 2001 11.73 29.96 0.0 4.43
29 11 2001 11.88 30.19 0.0 4.54
30 11 2001 11.73 31.33 0.0 4.62
1 12 2001 12.55 31.69 0.0 3.86
2 12 2001 12.12 31.87 0.0 3.65
3 12 2001 11.87 32.19 0.0 4.2
4 12 2001 14.25 32.1 0.0 3.56
5 12 2001 13.21 31.66 0.0 3.32
6 12 2001 11.84 32.26 0.0 4.0
7 12 2001 12.77 33.01 0.0 3.55
8 12 2001 14.44 33.9 0.0 4.26
9 12 2001 13.86 33.26 0.0 4.39
10 12 2001 15.9 31.48 0.0 4.06
11 12 2001 17.17 32.24 0.0 3.71
12 12 2001 13.82 31.42 0.0 4.53
13 12 2001 13.69 30.55 0.0 5.26
14 12 2001 12.62 30.75 0.0 4.54
15 12 2001 12.3 30.8 0.0 3.46
16 12 2001 11.84 30.78 0.0 3.85
17 12 2001 11.87 31.02 0.0 4.33
18 12 2001 12.37 31.9 0.0 4.21
19 12 2001 12.92 30.51 0.0 5.37
20 12 2001 12.4 28.67 0.0 5.05
21 12 2001 11.52 29.31 0.0 4.86
22 12 2001 9.5 28.79 0.0 4.7
23 12 2001 8.87 29.32 0.0 4.12
24 12 2001 8.9 29.47 0.0 4.02
25 12 2001 9.57 30.53 0.0 4.2
26 12 2001 11.62 30.46 0.0 4.03
27 12 2001 11.14 29.53 0.0 3.96
28 12 2001 10.65 28.62 0.0 4.98
29 12 2001 11.03 28.43 0.0 4.7
30 12 2001 10.19 28.84 0.0 4.65
31 12 2001 10.51 28.73 0.0 4.82
1 1 2002 9.67 29.21 0.0 4.46
2 1 2002 9.01 28.97 0.0 4.5
3 1 2002 10.22 28.31 0.0 4.57
4 1 2002 9.45 28.02 0.0 4.44
5 1 2002 9.35 27.8 0.0 4.44
6 1 2002 9.88 28.05 0.0 4.0
7 1 2002 10.85 28.05 0.0 4.33
8 1 2002 10.53 27.51 0.0 4.85
9 1 2002 9.44 27.89 0.0 4.72
10 1 2002 9.93 29.12 0.0 4.39
11 1 2002 10.31 30.26 0.0 4.3
12 1 2002 11.08 31.67 0.0 3.68
13 1 2002 13.01 32.58 0.0 5.13
14 1 2002 15.78 31.7 0.0 4.51
15 1 2002 14.26 30.12 0.01 4.58
16 1 2002 13.62 27.04 0.01 4.39
17 1 2002 9.12 25.99 0.0 3.99
18 1 2002 7.96 24.4 0.0 3.56
19 1 2002 8.83 25.03 0.0 3.36
20 1 2002 8.29 24.52 0.0 4.57
21 1 2002 9.18 24.51 0.0 4.15
22 1 2002 8.83 26.06 0.0 4.34
23 1 2002 8.39 27.04 0.0 4.04
24 1 2002 8.11 27.78 0.0 3.98
25 1 2002 10.1 27.04 0.0 4.18
26 1 2002 13.25 27.3 0.0 4.01
27 1 2002 8.8 24.17 0.0 4.74
28 1 2002 6.38 24.42 0.0 4.59
29 1 2002 7.61 24.34 0.0 4.8
30 1 2002 6.69 25.19 0.0 4.73
31 1 2002 7.16 26.76 0.0 5.05
1 2 2002 8.29 29.32 0.0 4.39
2 2 2002 8.56 29.11 0.0 4.41
3 2 2002 9.15 28.63 0.0 5.74
4 2 2002 10.58 30.16 0.0 5.04
5 2 2002 13.74 31.38 0.0 5.22
6 2 2002 11.15 29.01 0.0 5.2
7 2 2002 10.3 26.89 0.0 5.01
8 2 2002 7.1 25.94 0.0 4.71
9 2 2002 5.92 26.48 0.0 7.39
10 2 2002 7.98 23.7 7.63 6.04
11 2 2002 9.83 24.12 9.78 3.11
12 2 2002 5.53 26.23 0.0 4.72
13 2 2002 7.56 27.77 0.0 5.02
14 2 2002 9.48 29.49 0.0 4.68
15 2 2002 10.47 31.23 0.0 4.49
16 2 2002 11.19 32.87 0.0 5.22
17 2 2002 13.65 31.55 0.02 4.36
18 2 2002 14.55 32.8 0.05 4.97
19 2 2002 15.37 32.83 0.0 4.72
20 2 2002 13.4 32.92 0.0 5.3
21 2 2002 13.6 34.06 0.0 5.01
22 2 2002 16.19 34.95 0.0 5.64
23 2 2002 15.46 33.4 0.0 5.84
24 2 2002 14.62 32.44 0.0 6.02
25 2 2002 13.5 31.55 0.0 5.9
26 2 2002 14.23 33.26 0.0 6.12
27 2 2002 14.92 34.51 0.0 5.52
28 2 2002 16.31 34.56 0.0 5.61
1 3 2002 19.1 36.54 0.0 6.7
2 3 2002 16.75 34.06 0.0 7.11
3 3 2002 14.23 31.05 0.0 6.23
4 3 2002 13.65 33.32 0.0 6.16
5 3 2002 14.6 34.03 0.0 6.44
6 3 2002 14.93 34.32 0.0 5.96
7 3 2002 15.87 35.05 0.0 5.71
8 3 2002 17.4 34.15 0.0 6.41
9 3 2002 18.33 32.62 0.0 6.09
10 3 2002 18.8 35.18 0.0 5.95
11 3 2002 18.76 33.63 0.0 6.65
12 3 2002 19.62 35.58 0.0 5.66
13 3 2002 22.12 30.87 0.0 4.78
14 3 2002 20.59 32.47 0.87 4.57
15 3 2002 20.29 34.84 1.16 4.81
16 3 2002 19.05 36.69 0.0 5.39
17 3 2002 17.14 37.76 0.0 5.96
18 3 2002 17.62 39.37 0.0 7.13
19 3 2002 18.65 39.68 0.0 6.83
20 3 2002 20.12 37.01 0.0 6.77
21 3 2002 19.92 38.5 0.0 6.37
22 3 2002 19.52 37.44 0.0 6.81
23 3 2002 19.12 38.74 0.0 7.38
24 3 2002 19.77 38.0 0.0 8.47
25 3 2002 18.46 35.34 0.0 7.95
26 3 2002 19.64 36.57 0.0 5.09
27 3 2002 17.8 37.83 0.0 7.51
28 3 2002 19.01 37.69 0.0 7.5
29 3 2002 18.15 38.95 0.0 6.67
30 3 2002 18.82 40.37 0.0 6.99
31 3 2002 19.51 41.01 0.0 8.06
1 4 2002 21.99 41.4 0.0 8.86
2 4 2002 21.15 40.55 0.0 9.56
3 4 2002 17.88 39.51 0.19 6.85
4 4 2002 20.56 40.33 0.0 7.23
5 4 2002 24.21 40.69 0.0 8.02
6 4 2002 24.23 38.93 0.0 7.43
7 4 2002 23.64 31.96 2.99 6.01
8 4 2002 20.51 37.69 1.66 6.37
9 4 2002 24.66 38.65 0.01 7.78
10 4 2002 20.23 38.65 0.0 7.55
11 4 2002 20.98 39.67 0.0 7.34
12 4 2002 22.49 40.94 0.0 6.99
13 4 2002 21.8 42.03 0.0 8.32
14 4 2002 23.73 40.38 0.0 9.82
15 4 2002 21.16 39.96 0.0 9.73
16 4 2002 22.03 40.32 0.0 9.7
17 4 2002 21.79 40.76 0.0 9.26
18 4 2002 24.37 41.06 0.0 9.18
19 4 2002 24.69 41.63 0.0 8.92
20 4 2002 26.26 37.37 0.0 8.15
21 4 2002 22.0 41.73 0.0 10.25
22 4 2002 22.27 41.98 0.0 10.08
23 4 2002 24.3 41.9 0.0 10.39
24 4 2002 24.94 41.58 0.0 11.37
25 4 2002 22.64 40.87 0.0 10.54
26 4 2002 20.55 41.97 0.0 7.94
27 4 2002 22.79 43.58 0.0 9.51
28 4 2002 23.92 44.59 0.0 12.64
29 4 2002 23.84 44.42 0.0 10.73
30 4 2002 23.23 44.43 0.0 8.85
1 5 2002 25.22 44.87 0.0 11.55
2 5 2002 24.39 45.39 0.0 11.03
3 5 2002 25.74 46.35 0.0 10.61
4 5 2002 27.54 46.94 0.0 9.06
5 5 2002 28.86 47.13 0.0 10.28
6 5 2002 27.26 45.65 0.0 12.07
7 5 2002 24.83 44.41 0.0 11.55
8 5 2002 25.72 43.73 0.0 11.42
9 5 2002 26.88 44.01 0.0 11.12
10 5 2002 28.66 44.36 0.0 12.04
11 5 2002 28.04 43.64 0.0 11.55
12 5 2002 27.41 43.49 0.0 11.63
13 5 2002 27.83 42.4 0.0 11.26
14 5 2002 27.4 43.23 0.0 11.36
15 5 2002 29.15 43.76 0.0 11.43
16 5 2002 29.15 44.76 0.0 10.25
17 5 2002 32.29 45.07 0.0 11.6
18 5 2002 29.51 44.86 0.0 13.91
19 5 2002 25.55 41.03 0.0 12.92
20 5 2002 25.02 41.19 0.0 11.67
21 5 2002 25.79 41.25 0.0 10.99
22 5 2002 26.55 42.86 0.0 11.01
23 5 2002 26.92 43.77 0.44 11.37
24 5 2002 27.91 43.69 0.01 11.64
25 5 2002 28.03 43.33 0.0 12.36
26 5 2002 27.49 42.2 0.0 12.5
27 5 2002 26.35 41.53 0.0 11.98
28 5 2002 26.19 40.9 0.02 11.02
29 5 2002 27.97 41.05 0.03 9.5
30 5 2002 28.65 41.39 0.08 9.85
31 5 2002 28.68 41.84 2.11 10.05
1 6 2002 28.38 40.81 0.0 8.18
2 6 2002 27.65 41.75 0.04 9.79
3 6 2002 29.1 42.91 0.09 9.71
4 6 2002 28.93 42.97 0.13 10.8
5 6 2002 27.92 41.7 4.95 10.75
6 6 2002 27.15 42.0 0.44 11.09
7 6 2002 27.19 41.81 0.0 10.91
8 6 2002 28.23 43.05 0.0 11.65
9 6 2002 29.27 43.13 0.0 11.21
10 6 2002 28.6 44.48 0.13 10.53
11 6 2002 31.33 46.38 0.08 10.64
12 6 2002 30.97 45.16 1.49 11.29
13 6 2002 28.89 43.64 0.5 10.49
14 6 2002 29.05 41.93 0.04 10.01
15 6 2002 29.68 42.62 1.44 9.23
16 6 2002 29.54 40.47 0.9 8.76
17 6 2002 28.49 37.71 0.03 8.88
18 6 2002 27.68 39.95 0.26 9.34
19 6 2002 28.04 39.15 0.93 9.31
20 6 2002 27.88 38.43 1.22 8.28
21 6 2002 28.07 38.27 5.55 7.9
22 6 2002 26.74 40.48 1.07 9.18
23 6 2002 27.26 41.66 0.88 9.29
24 6 2002 27.88 40.29 7.83 8.27
25 6 2002 26.97 37.79 12.27 6.72
26 6 2002 26.22 36.42 11.98 5.03
27 6 2002 26.65 33.76 14.01 3.45
28 6 2002 25.91 32.94 26.49 3.48
29 6 2002 25.49 34.59 6.94 4.04
30 6 2002 25.69 34.47 0.4 5.47
1 7 2002 25.42 35.69 0.0 6.68
2 7 2002 25.07 35.59 0.0 6.16
3 7 2002 24.84 36.71 3.74 6.78
4 7 2002 24.76 35.48 2.69 6.12
5 7 2002 25.01 35.83 0.0 6.65
6 7 2002 24.95 35.44 2.56 5.93
7 7 2002 24.33 35.5 0.38 6.45
8 7 2002 24.34 35.78 0.0 6.47
9 7 2002 24.23 35.98 0.0 6.63
10 7 2002 24.29 35.77 0.0 6.89
11 7 2002 24.42 35.15 0.0 6.97
12 7 2002 24.06 36.91 0.0 7.55
13 7 2002 25.0 35.39 0.03 7.26
14 7 2002 24.38 36.03 0.56 7.3
15 7 2002 24.06 36.63 0.92 7.33
16 7 2002 24.05 37.26 0.28 7.22
17 7 2002 24.39 37.02 0.73 7.06
18 7 2002 24.9 37.72 6.01 5.41
19 7 2002 25.62 36.72 3.64 5.88
20 7 2002 25.05 34.81 2.41 4.84
21 7 2002 24.33 34.48 0.55 5.18
22 7 2002 24.08 36.44 0.04 6.26
23 7 2002 24.56 36.37 0.02 6.46
24 7 2002 24.15 36.8 0.22 6.7
25 7 2002 23.91 37.22 0.24 6.6
26 7 2002 23.99 36.87 0.28 6.98
27 7 2002 23.86 37.09 0.03 6.37
28 7 2002 24.73 37.49 0.0 6.69
29 7 2002 24.48 38.29 0.0 7.4
30 7 2002 24.29 38.83 0.0 7.6
31 7 2002 24.59 39.59 0.91 7.68
1 8 2002 25.84 38.58 3.39 6.14
2 8 2002 25.74 36.81 11.95 4.97
3 8 2002 24.26 37.01 19.06 5.13
4 8 2002 24.76 33.86 10.28 3.98
5 8 2002 25.01 32.69 6.43 2.85
6 8 2002 24.62 33.02 4.32 3.67
7 8 2002 24.61 31.81 11.97 2.97
8 8 2002 24.26 31.47 18.11 4.21
9 8 2002 23.8 30.04 11.32 2.86
10 8 2002 23.95 32.29 1.91 4.5
11 8 2002 24.55 31.97 0.22 3.64
12 8 2002 23.85 32.59 0.81 3.81
13 8 2002 23.83 34.21 0.3 4.47
14 8 2002 23.93 34.14 0.59 4.37
15 8 2002 23.69 33.43 3.03 4.46
16 8 2002 23.72 31.06 6.72 3.52
17 8 2002 23.3 31.9 2.34 3.47
18 8 2002 23.35 33.97 4.91 4.32
19 8 2002 23.59 34.68 3.76 5.24
20 8 2002 23.95 34.4 0.32 5.1
21 8 2002 23.44 34.62 0.92 5.49
22 8 2002 23.33 32.33 23.35 4.47
23 8 2002 23.51 31.38 16.89 4.28
24 8 2002 24.03 32.9 6.15 4.85
25 8 2002 24.76 32.32 10.61 3.77
26 8 2002 22.73 30.65 5.25 3.42
27 8 2002 21.98 30.94 1.22 3.6
28 8 2002 22.44 32.15 1.25 4.87
29 8 2002 22.26 32.72 1.93 3.69
30 8 2002 23.56 31.58 17.05 3.52
31 8 2002 22.8 32.23 7.07 4.14
1 9 2002 23.76 32.88 10.26 4.17
2 9 2002 24.84 31.87 5.73 3.97
3 9 2002 24.57 32.06 12.62 3.34
4 9 2002 24.51 30.51 12.53 3.72
5 9 2002 23.48 33.76 1.72 4.72
6 9 2002 23.26 33.19 0.24 4.56
7 9 2002 21.93 31.96 0.01 4.7
8 9 2002 20.39 31.62 0.04 4.73
9 9 2002 20.12 32.58 0.17 5.01
10 9 2002 20.58 34.3 0.15 5.55
11 9 2002 20.23 34.7 0.02 5.82
12 9 2002 19.26 34.87 0.0 6.13
13 9 2002 19.48 33.11 0.0 5.32
14 9 2002 18.68 33.44 0.0 5.47
15 9 2002 19.33 33.98 0.0 5.53
16 9 2002 20.21 32.98 0.0 5.52
17 9 2002 20.78 32.65 0.0 5.38
18 9 2002 20.76 33.08 1.28 4.88
19 9 2002 20.67 35.37 0.04 4.63
20 9 2002 22.1 35.28 8.06 4.47
21 9 2002 22.08 36.74 1.13 5.04
22 9 2002 21.23 37.63 0.01 5.15
23 9 2002 22.48 37.38 0.02 5.51
24 9 2002 22.03 36.91 0.17 6.12
25 9 2002 22.05 36.0 0.46 4.89
26 9 2002 22.55 36.35 0.73 4.63
27 9 2002 22.83 37.81 0.09 5.11
28 9 2002 22.02 37.9 0.0 4.99
29 9 2002 23.25 37.85 0.0 5.04
30 9 2002 20.65 38.7 0.0 5.27
1 10 2002 21.05 38.83 0.0 5.15
2 10 2002 21.65 38.7 0.0 5.17
3 10 2002 20.17 39.65 0.0 6.45
4 10 2002 19.86 39.23 0.0 5.95
5 10 2002 20.04 38.94 0.0 6.3
6 10 2002 21.01 39.69 0.0 5.75
7 10 2002 20.15 39.62 0.0 5.92
8 10 2002 20.12 39.44 0.0 5.46
9 10 2002 21.16 39.26 0.0 5.65
10 10 2002 21.29 38.65 0.0 5.44
11 10 2002 20.88 37.72 0.0 5.06
12 10 2002 22.3 38.87 0.0 5.07
13 10 2002 21.42 39.16 0.0 5.4
14 10 2002 20.04 38.73 0.0 5.28
15 10 2002 20.87 38.12 0.0 6.21
16 10 2002 20.45 37.75 0.0 5.96
17 10 2002 19.81 37.1 0.02 4.57
18 10 2002 20.33 37.9 0.0 5.48
19 10 2002 20.19 37.87 0.0 5.8
20 10 2002 20.58 37.8 0.0 6.03
21 10 2002 20.53 37.44 0.0 5.97
22 10 2002 21.79 37.34 0.0 5.58
23 10 2002 18.41 36.15 0.0 5.04
24 10 2002 17.48 36.6 0.0 5.74
25 10 2002 17.15 36.51 0.0 5.76
26 10 2002 17.68 37.4 0.0 5.7
27 10 2002 17.88 36.03 0.0 3.98
28 10 2002 19.8 36.69 0.0 4.87
29 10 2002 19.05 36.22 0.0 5.27
30 10 2002 19.72 36.15 0.0 5.19
31 10 2002 18.83 36.76 0.0 4.42
1 11 2002 18.34 36.8 0.0 4.47
2 11 2002 18.7 36.67 0.0 4.44
3 11 2002 18.12 35.87 0.0 4.04
4 11 2002 18.1 35.87 0.0 4.24
5 11 2002 17.89 35.44 0.18 3.57
6 11 2002 18.28 34.76 0.38 4.33
7 11 2002 19.17 33.35 0.01 3.76
8 11 2002 18.51 33.6 0.0 5.46
9 11 2002 18.39 33.69 0.0 5.43
10 11 2002 17.38 34.01 0.0 5.38
11 11 2002 16.83 32.55 0.79 3.8
12 11 2002 19.46 29.3 0.0 4.59
13 11 2002 16.03 32.33 0.0 4.54
14 11 2002 16.08 32.55 0.0 4.52
15 11 2002 14.83 33.16 0.0 4.05
16 11 2002 14.46 34.07 0.0 5.2
17 11 2002 15.18 34.17 0.0 4.73
18 11 2002 14.89 34.32 0.0 4.56
19 11 2002 15.56 34.26 0.0 3.95
20 11 2002 15.12 34.18 0.0 4.91
21 11 2002 14.96 34.43 0.0 4.7
22 11 2002 15.51 34.51 0.0 5.16
23 11 2002 15.04 33.95 0.0 3.64
24 11 2002 17.98 34.33 0.0 3.94
25 11 2002 16.84 34.53 0.0 4.49
26 11 2002 15.19 34.46 0.0 4.09
27 11 2002 14.87 33.83 0.0 4.75
28 11 2002 16.05 31.87 0.0 4.46
29 11 2002 14.19 32.4 0.0 3.84
30 11 2002 14.62 32.26 0.0 3.83
1 12 2002 13.04 31.55 0.0 5.22
2 12 2002 12.71 31.56 0.0 4.92
3 12 2002 12.26 31.98 0.0 4.35
4 12 2002 12.63 30.79 0.0 4.4
5 12 2002 12.51 30.76 0.0 4.06
6 12 2002 12.41 31.6 0.0 4.14
7 12 2002 14.32 31.87 0.11 4.03
8 12 2002 15.04 32.3 0.0 4.13
9 12 2002 14.48 31.99 0.0 4.78
10 12 2002 12.63 32.01 0.0 4.44
11 12 2002 13.99 31.77 0.0 4.73
12 12 2002 12.73 31.98 0.0 3.84
13 12 2002 12.64 33.01 0.0 4.65
14 12 2002 13.43 33.29 0.0 4.38
15 12 2002 13.64 33.83 0.0 3.98
16 12 2002 14.73 33.52 0.0 3.79
17 12 2002 15.78 33.36 0.0 4.37
18 12 2002 15.23 32.35 0.0 4.63
19 12 2002 16.99 31.61 0.0 4.35
20 12 2002 17.64 30.8 0.0 3.85
21 12 2002 14.22 30.4 0.0 3.34
22 12 2002 12.59 30.73 0.0 3.4
23 12 2002 12.13 30.69 0.0 4.52
24 12 2002 12.2 27.76 0.0 3.95
25 12 2002 12.47 27.1 0.0 3.61
26 12 2002 9.91 27.01 0.0 3.2
27 12 2002 10.7 27.65 0.0 3.92
28 12 2002 10.09 26.75 0.0 3.59
29 12 2002 9.62 27.61 0.0 4.06
30 12 2002 11.01 26.51 0.15 3.56
31 12 2002 11.17 23.68 1.78 3.37
1 1 2003 7.13 23.01 0.0 3.08
2 1 2003 7.62 24.12 0.0 3.24
3 1 2003 9.62 25.34 0.0 3.78
4 1 2003 9.51 25.87 0.0 4.62
5 1 2003 8.04 28.01 0.0 3.84
6 1 2003 11.33 29.98 0.0 4.28
7 1 2003 11.51 28.99 0.0 4.86
8 1 2003 9.48 27.88 0.0 5.45
9 1 2003 10.87 28.92 0.0 4.75
10 1 2003 14.21 28.4 0.0 6.21
11 1 2003 11.79 28.93 0.0 5.58
12 1 2003 11.55 29.62 0.0 4.51
13 1 2003 10.63 28.3 0.0 5.75
14 1 2003 8.85 28.57 0.0 5.37
15 1 2003 8.68 29.69 0.0 4.91
16 1 2003 8.72 29.05 0.0 5.11
17 1 2003 8.46 28.83 0.0 4.98
18 1 2003 9.43 29.32 0.0 5.43
19 1 2003 9.05 29.23 0.0 4.91
20 1 2003 10.6 30.08 0.0 4.48
21 1 2003 11.99 31.23 0.0 4.54
22 1 2003 12.01 30.78 0.0 4.52
23 1 2003 10.98 31.05 0.0 4.46
24 1 2003 11.4 30.93 0.0 4.23
25 1 2003 12.69 32.01 0.0 4.54
26 1 2003 14.88 33.68 0.0 5.13
27 1 2003 14.84 33.39 0.56 4.68
28 1 2003 13.38 29.9 0.21 4.58
29 1 2003 11.29 28.61 0.01 4.69
30 1 2003 11.74 30.57 0.0 4.44
31 1 2003 15.71 28.75 3.92 3.97
1 2 2003 13.73 27.8 0.24 3.71
2 2 2003 13.42 27.05 0.87 4.51
3 2 2003 11.48 26.94 0.27 4.43
4 2 2003 11.55 27.97 0.97 4.7
5 2 2003 12.12 29.36 0.0 4.64
6 2 2003 12.01 31.83 0.0 4.87
7 2 2003 13.18 31.87 0.0 5.52
8 2 2003 11.71 30.66 0.0 4.67
9 2 2003 11.42 29.05 0.0 4.36
10 2 2003 12.41 29.83 0.0 4.78
11 2 2003 12.85 29.53 0.0 6.17
12 2 2003 11.44 29.81 0.0 6.25
13 2 2003 11.0 30.48 0.0 5.22
14 2 2003 11.37 31.1 0.0 4.53
15 2 2003 13.01 33.43 0.0 5.05
16 2 2003 13.58 34.16 0.0 5.7
17 2 2003 17.02 27.13 0.05 3.39
18 2 2003 18.32 28.26 10.15 3.96
19 2 2003 12.65 26.65 1.68 5.24
20 2 2003 9.39 27.96 0.19 4.46
21 2 2003 10.12 29.54 0.0 5.07
22 2 2003 12.29 31.92 0.0 4.9
23 2 2003 13.74 33.65 0.0 5.37
24 2 2003 14.9 33.45 0.0 4.62
25 2 2003 14.97 33.44 0.0 4.4
26 2 2003 16.15 34.79 0.0 4.73
27 2 2003 17.08 34.89 0.0 5.45
28 2 2003 18.55 35.94 0.0 5.65
1 3 2003 19.5 36.2 0.0 6.74
2 3 2003 18.51 34.13 0.0 6.81
3 3 2003 13.26 30.69 0.0 7.07
4 3 2003 7.01 28.35 0.0 6.84
5 3 2003 8.87 30.89 0.0 6.69
6 3 2003 11.2 33.26 0.0 6.08
7 3 2003 12.03 34.14 0.0 6.63
8 3 2003 13.02 35.08 0.0 6.44
9 3 2003 13.9 36.61 0.0 7.24
10 3 2003 16.45 35.86 0.0 6.91
11 3 2003 15.2 33.87 0.0 6.82
12 3 2003 14.46 33.72 0.0 7.32
13 3 2003 14.61 34.16 0.0 6.71
14 3 2003 16.69 36.65 0.0 5.66
15 3 2003 19.58 35.44 0.0 6.04
16 3 2003 17.37 36.32 0.0 7.18
17 3 2003 17.94 36.11 0.0 5.52
18 3 2003 18.5 36.6 0.0 7.18
19 3 2003 18.59 36.28 0.0 5.53
20 3 2003 17.8 36.71 0.0 6.09
21 3 2003 17.98 38.36 0.0 6.02
22 3 2003 19.93 38.35 0.0 6.25
23 3 2003 19.14 40.16 0.0 7.7
24 3 2003 19.7 39.56 0.0 7.66
25 3 2003 20.09 39.72 0.0 8.69
26 3 2003 21.51 39.05 0.0 8.87
27 3 2003 19.75 38.09 0.0 7.52
28 3 2003 20.73 39.51 0.0 6.94
29 3 2003 20.12 37.87 0.0 8.24
30 3 2003 22.36 37.55 0.0 8.15
31 3 2003 22.08 39.21 0.01 6.55
1 4 2003 22.1 40.36 0.0 8.2
2 4 2003 22.47 40.76 0.0 7.7
3 4 2003 22.25 39.78 0.0 8.89
4 4 2003 22.49 38.19 0.0 8.05
5 4 2003 21.51 37.38 2.52 5.1
6 4 2003 21.9 38.6 1.45 8.19
7 4 2003 22.73 40.26 0.0 9.57
8 4 2003 22.7 39.8 0.0 6.78
9 4 2003 21.3 41.51 0.0 7.52
10 4 2003 23.14 42.46 0.0 7.05
11 4 2003 25.03 43.18 0.0 6.71
12 4 2003 25.3 41.26 0.0 8.9
13 4 2003 23.53 39.72 0.0 9.39
14 4 2003 21.58 38.06 0.0 8.89
15 4 2003 23.59 39.04 0.0 8.68
16 4 2003 22.13 39.2 0.0 8.8
17 4 2003 24.45 40.8 0.0 7.11
18 4 2003 25.23 40.08 0.0 8.82
19 4 2003 23.58 38.51 0.0 10.36
20 4 2003 21.5 38.44 0.0 7.83
21 4 2003 23.86 40.43 0.0 6.74
22 4 2003 23.44 42.62 0.0 8.69
23 4 2003 23.12 42.84 0.0 8.91
24 4 2003 24.09 42.52 0.0 10.01
25 4 2003 21.63 41.01 0.0 9.93
26 4 2003 24.76 42.01 0.0 10.15
27 4 2003 22.67 41.63 0.0 8.2
28 4 2003 24.21 43.24 0.0 7.49
29 4 2003 23.71 43.19 0.0 8.91
30 4 2003 24.37 43.99 0.0 9.81
1 5 2003 24.69 44.58 0.0 10.92
2 5 2003 23.22 41.32 0.0 12.56
3 5 2003 23.47 39.64 0.0 11.87
4 5 2003 19.21 39.76 0.0 8.87
5 5 2003 21.41 39.61 0.0 9.42
6 5 2003 22.85 40.53 0.0 10.29
7 5 2003 22.65 40.44 0.0 10.09
8 5 2003 23.21 40.56 0.0 6.68
9 5 2003 22.4 41.94 0.0 7.29
10 5 2003 24.81 43.76 0.0 7.15
11 5 2003 25.69 44.73 0.0 10.27
12 5 2003 26.76 44.77 0.0 11.49
13 5 2003 27.46 44.3 0.0 10.34
14 5 2003 27.58 44.49 0.0 10.21
15 5 2003 25.76 44.46 0.0 9.96
16 5 2003 26.98 44.86 0.0 11.73
17 5 2003 27.9 44.23 0.0 12.98
18 5 2003 26.8 41.9 0.0 11.42
19 5 2003 27.51 41.72 0.0 11.84
20 5 2003 26.3 42.36 0.0 11.65
21 5 2003 26.14 42.58 0.0 12.29
22 5 2003 25.25 41.33 0.0 11.51
23 5 2003 26.97 40.47 0.0 10.46
24 5 2003 27.17 41.7 0.41 10.06
25 5 2003 27.19 42.26 0.0 11.07
26 5 2003 26.18 40.49 0.0 11.32
27 5 2003 27.12 40.99 0.0 10.7
28 5 2003 26.83 41.08 0.0 10.37
29 5 2003 26.69 42.51 0.0 9.99
30 5 2003 28.03 43.84 0.0 11.06
31 5 2003 27.69 43.65 0.67 12.53
1 6 2003 28.06 42.53 0.0 11.25
2 6 2003 28.49 43.62 0.0 10.82
3 6 2003 29.15 44.39 0.0 12.6
4 6 2003 28.0 44.69 0.0 13.35
5 6 2003 27.12 43.53 0.0 12.58
6 6 2003 26.9 42.59 0.0 12.76
7 6 2003 27.51 42.24 0.0 12.4
8 6 2003 27.02 41.69 0.0 11.76
9 6 2003 27.57 42.22 0.0 11.99
10 6 2003 28.6 41.73 0.0 11.89
11 6 2003 27.36 42.51 0.01 12.21
12 6 2003 27.99 41.88 0.02 11.42
13 6 2003 28.21 41.98 0.07 10.76
14 6 2003 28.64 42.07 0.53 9.51
15 6 2003 28.33 38.22 8.76 7.75
16 6 2003 26.69 35.15 8.66 6.59
17 6 2003 25.15 33.13 3.91 4.48
18 6 2003 24.91 33.9 9.01 5.52
19 6 2003 25.38 31.95 4.42 4.21
20 6 2003 24.29 34.99 2.04 5.12
21 6 2003 26.13 34.05 13.64 5.39
22 6 2003 25.1 35.55 23.82 5.03
23 6 2003 25.76 34.88 5.33 5.79
24 6 2003 25.43 34.73 5.03 5.27
25 6 2003 25.29 33.94 4.74 4.45
26 6 2003 25.28 36.05 0.52 6.53
27 6 2003 25.12 36.12 0.14 6.84
28 6 2003 25.87 36.29 2.65 6.45
29 6 2003 25.75 34.93 1.72 6.08
30 6 2003 25.05 35.57 0.25 6.05
1 7 2003 25.58 36.08 2.01 5.98
2 7 2003 25.56 35.21 7.38 4.91
3 7 2003 26.02 35.66 2.43 5.53
4 7 2003 25.65 33.57 5.47 4.75
5 7 2003 25.37 31.29 10.37 2.87
6 7 2003 25.83 35.33 3.06 5.55
7 7 2003 25.74 33.89 1.35 5.79
8 7 2003 25.08 34.05 3.51 5.3
9 7 2003 25.24 33.49 1.58 5.13
10 7 2003 24.84 33.08 2.94 4.88
11 7 2003 25.17 32.14 10.94 4.52
12 7 2003 25.14 33.87 3.91 5.34
13 7 2003 25.04 34.86 1.18 5.76
14 7 2003 25.54 31.4 2.29 4.85
15 7 2003 25.06 33.0 7.88 2.95
16 7 2003 25.41 33.98 6.8 4.64
17 7 2003 24.67 33.54 0.5 5.36
18 7 2003 25.16 34.67 0.64 5.54
19 7 2003 25.5 35.29 1.4 5.72
20 7 2003 25.4 31.08 9.1 4.42
21 7 2003 25.03 32.64 14.46 4.48
22 7 2003 24.67 32.12 9.53 4.4
23 7 2003 24.94 31.22 32.27 3.62
24 7 2003 24.69 31.11 9.91 4.32
25 7 2003 24.64 31.48 5.31 4.11
26 7 2003 24.29 32.48 11.72 4.81
27 7 2003 25.13 30.57 23.54 2.95
28 7 2003 24.6 28.78 32.46 2.2
29 7 2003 24.02 31.35 2.34 3.87
30 7 2003 23.62 31.45 0.3 4.77
31 7 2003 22.98 30.46 0.04 3.96
1 8 2003 23.12 30.4 0.98 3.8
2 8 2003 23.66 30.25 6.43 4.49
3 8 2003 24.08 30.0 11.05 3.02
4 8 2003 23.82 30.23 13.43 3.38
5 8 2003 23.85 30.4 4.21 4.13
6 8 2003 24.26 31.61 0.88 4.54
7 8 2003 24.39 31.69 0.74 4.24
8 8 2003 24.96 31.99 3.21 3.96
9 8 2003 24.83 31.48 3.37 3.32
10 8 2003 23.65 31.56 7.45 3.05
11 8 2003 24.3 30.87 2.91 3.59
12 8 2003 24.33 31.9 1.27 4.58
13 8 2003 24.33 31.69 1.19 4.23
14 8 2003 24.28 31.59 0.99 4.43
15 8 2003 23.67 30.05 2.49 3.83
16 8 2003 23.64 31.24 0.71 3.87
17 8 2003 23.77 31.47 0.14 3.22
18 8 2003 23.33 30.48 0.05 4.56
19 8 2003 23.13 32.27 0.01 4.07
20 8 2003 23.55 32.47 0.0 4.22
21 8 2003 24.35 32.65 0.01 4.45
22 8 2003 23.8 32.38 0.66 4.48
23 8 2003 24.79 31.51 15.64 4.31
24 8 2003 24.69 28.76 35.62 1.72
25 8 2003 24.14 29.05 9.12 2.26
26 8 2003 23.44 29.76 0.99 2.85
27 8 2003 23.63 30.55 2.18 2.57
28 8 2003 24.1 30.47 1.33 3.19
29 8 2003 24.05 29.76 4.3 3.29
30 8 2003 24.12 28.85 2.81 2.44
31 8 2003 23.43 30.64 0.99 3.03
1 9 2003 23.75 30.0 1.81 3.47
2 9 2003 23.63 31.12 0.88 3.39
3 9 2003 23.73 30.24 0.44 3.45
4 9 2003 23.55 30.62 2.7 3.58
5 9 2003 22.9 30.15 0.77 3.58
6 9 2003 22.12 31.56 0.47 3.26
7 9 2003 22.17 31.56 0.2 3.4
8 9 2003 21.95 31.63 0.1 4.17
9 9 2003 22.11 31.08 0.2 4.73
10 9 2003 21.83 31.73 0.3 4.51
11 9 2003 22.74 32.17 0.03 4.69
12 9 2003 22.21 31.63 0.03 4.51
13 9 2003 21.9 32.06 0.01 4.39
14 9 2003 21.8 32.42 2.29 3.67
15 9 2003 22.91 28.28 7.53 2.33
16 9 2003 22.54 32.03 3.6 3.41
17 9 2003 22.24 32.4 4.09 3.91
18 9 2003 22.85 31.84 6.56 3.44
19 9 2003 23.6 32.48 8.25 4.24
20 9 2003 22.99 34.3 23.4 3.34
21 9 2003 23.16 32.37 3.18 2.97
22 9 2003 24.05 32.87 17.86 3.7
23 9 2003 23.49 31.82 8.58 3.68
24 9 2003 22.12 31.58 12.64 4.0
25 9 2003 23.38 32.68 5.56 4.19
26 9 2003 23.69 31.37 1.13 4.35
27 9 2003 22.9 32.48 0.96 4.66
28 9 2003 22.12 32.06 5.11 4.44
29 9 2003 23.18 29.19 4.94 4.12
30 9 2003 21.9 31.86 0.27 4.5
1 10 2003 20.57 32.82 0.01 4.51
2 10 2003 22.07 33.63 0.0 4.33
3 10 2003 22.07 34.49 0.0 4.65
4 10 2003 18.83 33.47 0.0 5.08
5 10 2003 15.85 32.83 0.0 4.99
6 10 2003 16.05 31.44 0.0 4.68
7 10 2003 19.55 32.4 0.0 4.58
8 10 2003 21.16 34.08 0.0 5.03
9 10 2003 20.26 34.92 0.0 4.9
10 10 2003 18.61 35.25 0.0 5.3
11 10 2003 17.61 33.13 0.0 5.0
12 10 2003 18.53 33.52 0.0 4.7
13 10 2003 19.26 34.11 0.0 4.56
14 10 2003 18.52 34.23 0.0 4.68
15 10 2003 17.88 33.6 5.41 4.48
16 10 2003 18.73 33.1 0.92 4.25
17 10 2003 17.01 33.29 0.0 4.41
18 10 2003 17.85 33.75 0.0 4.35
19 10 2003 18.01 33.99 0.0 4.3
20 10 2003 18.75 33.14 0.0 4.21
21 10 2003 18.36 33.3 1.02 4.17
22 10 2003 16.61 33.15 0.45 4.05
23 10 2003 17.42 32.57 11.41 4.03
24 10 2003 17.76 32.83 1.43 3.85
25 10 2003 17.71 33.19 0.0 3.68
26 10 2003 15.08 32.27 0.0 4.08
27 10 2003 16.54 32.88 0.0 4.08
28 10 2003 14.9 32.05 0.0 4.3
29 10 2003 15.02 31.63 0.0 4.34
30 10 2003 16.1 33.12 0.0 3.79
31 10 2003 18.01 33.62 0.0 3.83
1 11 2003 17.54 33.67 0.09 4.32
2 11 2003 17.02 33.01 0.03 3.95
3 11 2003 17.84 33.43 0.0 3.96
4 11 2003 17.53 32.91 0.0 3.88
5 11 2003 18.19 33.02 0.0 3.84
6 11 2003 19.1 32.83 0.0 3.86
7 11 2003 18.94 33.05 0.0 3.99
8 11 2003 21.3 33.32 0.0 3.81
9 11 2003 18.32 33.81 0.0 3.65
10 11 2003 14.93 33.37 0.0 3.86
11 11 2003 13.42 32.92 0.0 3.95
12 11 2003 14.81 32.14 0.0 3.69
13 11 2003 15.17 31.41 0.0 3.83
14 11 2003 15.44 31.23 0.0 3.79
15 11 2003 16.31 31.31 0.0 3.86
16 11 2003 17.15 31.99 0.0 4.02
17 11 2003 17.51 32.08 0.0 3.83
18 11 2003 16.22 31.61 0.0 3.56
19 11 2003 14.76 31.08 0.0 3.93
20 11 2003 15.45 31.18 0.0 4.06
21 11 2003 15.4 32.33 0.0 3.71
22 11 2003 16.18 32.65 0.0 3.96
23 11 2003 16.32 31.8 0.0 3.98
24 11 2003 16.69 31.95 0.0 3.1
25 11 2003 17.87 32.15 0.0 3.04
26 11 2003 18.29 32.51 0.0 3.57
27 11 2003 17.12 33.09 0.0 4.0
28 11 2003 14.58 31.48 0.0 4.17
29 11 2003 16.16 32.98 0.0 3.68
30 11 2003 14.18 32.28 0.0 3.38
1 12 2003 13.36 32.64 0.0 3.54
2 12 2003 17.04 32.31 0.0 3.63
3 12 2003 13.74 32.15 0.0 3.81
4 12 2003 13.85 32.06 0.0 3.56
5 12 2003 15.37 31.82 0.0 3.44
6 12 2003 14.75 32.98 0.0 3.8
7 12 2003 13.11 33.18 0.0 3.9
8 12 2003 16.26 33.44 0.0 3.78
9 12 2003 15.43 32.23 0.0 4.39
10 12 2003 14.54 31.77 0.0 3.69
11 12 2003 13.47 31.14 0.0 4.49
12 12 2003 14.68 31.4 0.0 3.91
13 12 2003 14.55 31.23 0.03 3.44
14 12 2003 14.36 31.03 0.0 3.9
15 12 2003 14.57 30.19 0.04 3.88
16 12 2003 11.87 28.01 0.04 4.56
17 12 2003 9.83 27.41 0.0 4.18
18 12 2003 9.81 27.64 0.0 4.03
19 12 2003 9.9 27.44 0.0 4.68
20 12 2003 10.42 27.66 0.0 4.18
21 12 2003 10.06 28.1 0.0 3.32
22 12 2003 10.69 28.16 0.0 3.51
23 12 2003 12.04 28.33 0.0 3.56
24 12 2003 10.01 27.72 0.0 3.14
25 12 2003 11.33 27.81 0.0 3.49
26 12 2003 12.01 26.42 0.71 3.52
27 12 2003 8.84 26.03 0.03 4.25
28 12 2003 9.12 23.0 0.0 3.56
29 12 2003 7.27 24.81 0.0 3.46
30 12 2003 9.12 27.37 0.0 3.76
31 12 2003 10.63 28.5 0.0 3.27
1 1 2004 11.05 27.88 0.0 3.48
2 1 2004 9.37 27.13 0.0 3.56
3 1 2004 8.9 27.65 0.0 3.53
4 1 2004 9.79 26.85 0.0 4.06
5 1 2004 12.2 25.38 1.72 3.9
6 1 2004 12.1 24.29 0.07 3.35
7 1 2004 13.08 24.94 0.0 3.58
8 1 2004 10.0 26.92 0.0 4.64
9 1 2004 9.78 27.3 0.0 4.44
10 1 2004 11.34 29.25 0.0 4.05
11 1 2004 11.58 30.37 0.0 3.97
12 1 2004 11.64 30.94 0.0 3.64
13 1 2004 14.14 31.13 0.0 4.04
14 1 2004 12.16 31.36 0.0 4.29
15 1 2004 12.51 32.43 0.0 3.42
16 1 2004 15.39 32.04 0.0 4.0
17 1 2004 14.87 31.26 0.0 4.82
18 1 2004 12.01 28.12 0.0 3.83
19 1 2004 9.3 28.96 0.0 4.27
20 1 2004 13.33 30.23 0.14 4.57
21 1 2004 14.14 27.44 0.88 4.48
22 1 2004 12.68 26.68 0.0 3.74
23 1 2004 11.0 25.05 0.54 3.87
24 1 2004 8.51 24.96 0.02 4.52
25 1 2004 9.58 25.5 0.0 4.13
26 1 2004 8.48 26.1 0.0 4.41
27 1 2004 8.8 26.76 0.0 4.7
28 1 2004 9.33 28.6 0.0 4.47
29 1 2004 13.01 28.33 0.19 4.41
30 1 2004 11.84 28.4 0.04 4.88
31 1 2004 10.53 25.38 0.0 4.32
1 2 2004 8.49 23.34 0.0 4.83
2 2 2004 6.8 25.01 0.0 5.16
3 2 2004 7.26 28.24 0.0 4.91
4 2 2004 8.57 30.12 0.0 5.63
5 2 2004 8.19 27.95 0.0 5.35
6 2 2004 8.49 28.29 0.0 5.34
7 2 2004 8.52 29.58 0.0 4.44
8 2 2004 9.14 31.33 0.0 4.13
9 2 2004 10.98 31.58 0.0 6.0
10 2 2004 12.49 30.2 0.0 5.71
11 2 2004 9.98 30.03 0.0 5.69
12 2 2004 11.45 31.43 0.0 6.51
13 2 2004 12.95 32.34 0.0 5.47
14 2 2004 14.42 32.62 0.0 4.88
15 2 2004 12.78 33.01 0.0 5.5
16 2 2004 13.23 34.16 0.0 5.22
17 2 2004 13.48 34.96 0.0 5.99
18 2 2004 15.5 32.28 0.0 6.1
19 2 2004 14.66 33.41 0.0 5.12
20 2 2004 13.59 33.53 0.0 4.73
21 2 2004 14.14 34.37 0.0 5.68
22 2 2004 15.15 34.62 0.0 5.46
23 2 2004 14.55 35.63 0.0 5.47
24 2 2004 14.83 36.33 0.0 5.93
25 2 2004 15.93 36.92 0.0 5.28
26 2 2004 17.36 36.63 0.0 6.57
27 2 2004 18.64 35.79 0.0 6.85
28 2 2004 16.65 35.54 0.0 6.41
29 2 2004 16.23 34.9 0.0 5.91
1 3 2004 15.35 35.27 0.0 6.3
2 3 2004 15.03 36.02 0.0 6.66
3 3 2004 14.81 36.65 0.0 7.0
4 3 2004 16.9 36.94 0.0 7.17
5 3 2004 18.07 37.27 0.0 7.03
6 3 2004 18.43 37.32 0.0 8.02
7 3 2004 16.11 37.68 0.0 6.58
8 3 2004 15.62 38.99 0.0 7.22
9 3 2004 15.56 37.58 0.0 6.34
10 3 2004 16.46 37.91 0.0 6.09
11 3 2004 18.12 39.05 0.0 7.1
12 3 2004 18.59 39.13 0.0 6.3
13 3 2004 19.46 40.65 0.0 7.84
14 3 2004 20.0 40.67 0.0 6.84
15 3 2004 20.24 40.57 0.0 7.42
16 3 2004 20.94 41.83 0.0 5.85
17 3 2004 20.87 42.25 0.0 8.1
18 3 2004 21.13 42.01 0.0 8.68
19 3 2004 20.75 41.28 0.0 6.55
20 3 2004 20.74 41.0 0.0 7.51
21 3 2004 21.97 41.21 0.0 7.09
22 3 2004 20.24 40.78 0.0 8.45
23 3 2004 21.4 40.71 0.0 8.79
24 3 2004 21.44 38.65 0.0 8.6
25 3 2004 18.85 38.07 0.0 8.63
26 3 2004 17.89 36.55 0.0 8.1
27 3 2004 18.84 37.54 0.0 8.03
28 3 2004 19.36 39.33 0.0 7.9
29 3 2004 20.95 39.37 0.0 7.49
30 3 2004 21.3 40.41 0.0 7.78
31 3 2004 19.19 39.85 0.0 7.41
1 4 2004 21.87 38.55 0.0 8.34
2 4 2004 22.04 39.73 0.0 8.17
3 4 2004 22.64 40.3 0.0 7.5
4 4 2004 24.47 41.07 0.0 6.91
5 4 2004 24.32 41.33 0.0 9.08
6 4 2004 22.07 40.55 0.0 8.49
7 4 2004 21.78 39.78 0.0 8.88
8 4 2004 22.86 38.78 0.0 8.59
9 4 2004 23.05 39.54 0.0 8.59
10 4 2004 21.69 40.33 0.0 8.57
11 4 2004 22.59 41.97 0.0 9.06
12 4 2004 23.79 42.3 0.0 9.22
13 4 2004 22.35 41.77 0.0 10.26
14 4 2004 24.75 42.12 0.0 11.03
15 4 2004 23.94 42.31 0.0 11.46
16 4 2004 23.11 41.93 0.0 11.13
17 4 2004 23.93 39.26 0.0 10.73
18 4 2004 25.1 38.87 0.0 9.2
19 4 2004 21.62 38.68 0.0 8.46
20 4 2004 24.75 40.91 0.0 9.05
21 4 2004 24.15 41.3 0.0 9.62
22 4 2004 23.23 40.9 0.01 9.44
23 4 2004 24.95 41.58 0.03 8.62
24 4 2004 24.37 41.33 0.0 8.74
25 4 2004 22.76 41.88 0.0 7.96
26 4 2004 23.3 43.04 0.0 8.54
27 4 2004 24.73 43.8 0.0 10.01
28 4 2004 24.23 42.55 0.0 10.69
29 4 2004 24.12 41.38 0.0 10.57
30 4 2004 24.62 39.23 0.01 10.33
1 5 2004 19.82 39.57 0.03 8.11
2 5 2004 20.72 40.01 0.0 8.34
3 5 2004 22.04 42.22 0.0 7.94
4 5 2004 24.3 44.08 0.0 8.34
5 5 2004 24.92 44.19 0.0 7.58
6 5 2004 25.43 45.01 0.0 7.37
7 5 2004 28.91 41.84 0.0 7.66
8 5 2004 31.33 40.07 0.84 6.38
9 5 2004 27.09 33.74 0.75 6.78
10 5 2004 25.89 42.23 0.03 9.72
11 5 2004 27.94 37.8 0.1 8.69
12 5 2004 26.86 38.44 1.5 8.51
13 5 2004 27.12 34.94 2.32 7.52
14 5 2004 25.77 40.03 0.05 9.63
15 5 2004 25.82 39.51 0.0 9.94
16 5 2004 26.38 41.74 0.0 9.82
17 5 2004 27.7 43.85 0.0 11.79
18 5 2004 27.94 43.5 0.0 13.25
19 5 2004 24.42 41.13 0.0 12.73
20 5 2004 24.21 39.98 0.0 11.2
21 5 2004 25.23 40.86 0.0 11.5
22 5 2004 24.84 40.44 0.0 11.56
23 5 2004 25.58 40.34 0.0 10.99
24 5 2004 26.09 40.16 0.0 10.09
25 5 2004 27.07 40.95 0.0 10.68
26 5 2004 26.33 40.36 0.01 10.0
27 5 2004 26.52 42.01 0.0 10.59
28 5 2004 26.23 42.9 0.0 10.04
29 5 2004 26.53 44.8 0.0 11.16
30 5 2004 27.08 44.02 0.0 10.3
31 5 2004 28.23 44.19 0.0 11.52
1 6 2004 28.06 44.4 0.0 11.28
2 6 2004 29.18 44.64 0.0 11.04
3 6 2004 28.42 43.13 0.0 12.34
4 6 2004 27.0 43.66 0.0 12.74
5 6 2004 27.65 43.02 0.0 11.51
6 6 2004 28.39 42.89 0.04 11.51
7 6 2004 27.2 42.95 0.47 10.68
8 6 2004 28.73 39.57 0.39 8.22
9 6 2004 29.19 36.39 4.07 5.54
10 6 2004 28.79 38.94 0.13 7.44
11 6 2004 29.97 40.12 0.43 8.67
12 6 2004 28.73 42.59 0.05 7.3
13 6 2004 30.0 42.21 0.38 7.06
14 6 2004 29.88 41.87 5.5 8.46
15 6 2004 29.09 35.93 10.58 6.19
16 6 2004 26.7 36.88 13.6 5.38
17 6 2004 25.58 36.67 1.9 5.8
18 6 2004 26.25 36.14 0.52 7.57
19 6 2004 25.06 37.65 0.12 8.0
20 6 2004 25.08 36.87 0.0 7.92
21 6 2004 25.15 38.11 0.0 8.64
22 6 2004 25.13 37.83 0.0 8.68
23 6 2004 25.15 37.51 0.0 9.18
24 6 2004 25.37 37.2 0.0 8.43
25 6 2004 25.48 36.2 1.96 6.99
26 6 2004 25.12 37.39 1.61 7.45
27 6 2004 26.07 37.29 2.12 7.58
28 6 2004 25.69 35.94 5.94 6.55
29 6 2004 24.98 36.65 4.28 6.99
30 6 2004 26.19 37.9 0.04 7.58
1 7 2004 25.93 37.98 1.04 7.85
2 7 2004 26.56 35.37 0.09 6.86
3 7 2004 25.84 37.74 2.75 7.07
4 7 2004 25.8 30.96 3.18 3.76
5 7 2004 25.52 33.58 7.94 4.25
6 7 2004 25.56 35.44 7.5 4.13
7 7 2004 25.83 31.8 3.32 4.3
8 7 2004 25.01 32.38 0.57 5.37
9 7 2004 24.55 35.73 0.17 6.17
10 7 2004 24.73 35.21 0.49 6.36
11 7 2004 24.44 36.73 0.04 6.68
12 7 2004 24.85 37.51 0.0 7.55
13 7 2004 24.75 37.93 0.02 7.98
14 7 2004 25.33 38.18 0.0 8.19
15 7 2004 25.76 38.69 0.11 8.35
16 7 2004 25.98 36.01 29.73 5.67
17 7 2004 25.01 31.91 21.07 4.2
18 7 2004 24.15 34.1 4.76 5.11
19 7 2004 24.74 33.3 3.0 5.83
20 7 2004 24.98 34.99 0.41 6.41
21 7 2004 25.2 36.14 0.2 6.7
22 7 2004 24.43 36.41 0.03 6.88
23 7 2004 24.2 36.53 0.01 6.48
24 7 2004 24.57 36.79 1.51 6.29
25 7 2004 25.33 33.96 1.65 4.45
26 7 2004 24.5 31.7 4.38 4.38
27 7 2004 24.14 32.54 4.41 3.83
28 7 2004 24.53 31.35 3.43 2.81
29 7 2004 24.81 30.88 10.76 3.2
30 7 2004 25.01 31.0 103.61 3.19
31 7 2004 24.99 31.08 42.59 1.86
1 8 2004 24.28 30.19 13.38 2.56
2 8 2004 24.01 28.94 9.59 3.41
3 8 2004 24.14 31.5 11.92 3.37
4 8 2004 24.9 31.62 1.18 4.43
5 8 2004 25.24 32.17 11.09 4.8
6 8 2004 25.15 31.23 16.91 3.01
7 8 2004 25.51 30.8 15.47 2.27
8 8 2004 24.46 29.57 3.92 2.72
9 8 2004 23.99 28.34 7.27 3.1
10 8 2004 23.9 29.95 16.68 2.47
11 8 2004 24.05 28.92 16.79 1.56
12 8 2004 24.27 28.02 10.73 1.95
13 8 2004 23.22 28.05 10.8 2.9
14 8 2004 23.82 29.94 6.89 2.68
15 8 2004 24.32 27.99 27.86 2.25
16 8 2004 23.35 27.03 23.85 1.18
17 8 2004 24.01 29.14 6.14 2.62
18 8 2004 23.94 28.38 4.93 3.43
19 8 2004 23.9 30.43 2.64 4.2
20 8 2004 23.62 30.82 1.29 3.88
21 8 2004 23.94 31.02 1.7 4.11
22 8 2004 23.65 30.5 12.21 3.26
23 8 2004 23.24 27.18 21.36 1.85
24 8 2004 23.03 29.26 12.91 2.2
25 8 2004 22.95 29.77 0.55 4.25
26 8 2004 22.45 29.48 0.03 4.42
27 8 2004 22.15 28.79 0.0 3.8
28 8 2004 22.15 29.48 0.0 3.95
29 8 2004 22.35 29.21 0.0 3.9
30 8 2004 21.64 29.75 0.0 4.17
31 8 2004 21.87 29.02 0.0 4.18
1 9 2004 21.12 29.64 0.0 4.39
2 9 2004 20.94 30.53 0.0 4.19
3 9 2004 21.92 30.33 1.75 4.01
4 9 2004 22.08 30.71 5.66 4.21
5 9 2004 22.08 31.44 0.0 3.73
6 9 2004 22.06 32.28 0.02 4.82
7 9 2004 23.35 33.31 0.0 5.13
8 9 2004 22.33 32.67 0.0 5.1
9 9 2004 23.12 30.9 0.0 4.76
10 9 2004 22.23 29.84 0.01 4.24
11 9 2004 21.79 29.86 0.02 4.28
12 9 2004 21.31 30.18 0.0 4.14
13 9 2004 21.63 30.75 0.16 4.25
14 9 2004 21.86 30.65 0.91 3.42
15 9 2004 21.73 30.57 0.25 4.29
16 9 2004 21.71 30.65 0.07 4.22
17 9 2004 21.76 31.02 6.78 4.05
18 9 2004 22.44 31.76 22.61 3.99
19 9 2004 23.26 32.59 0.08 4.58
20 9 2004 24.04 31.97 1.95 4.3
21 9 2004 23.8 32.4 3.46 4.79
22 9 2004 22.7 31.63 2.99 4.24
23 9 2004 24.07 32.36 3.2 4.03
24 9 2004 23.12 32.79 0.08 4.49
25 9 2004 22.89 31.51 1.89 3.55
26 9 2004 23.39 31.89 0.07 4.05
27 9 2004 23.18 33.34 0.03 4.58
28 9 2004 23.62 33.93 0.01 4.61
29 9 2004 24.2 32.01 32.07 3.81
30 9 2004 24.05 30.52 3.7 4.22
1 10 2004 23.22 30.43 2.66 3.57
2 10 2004 23.22 30.51 6.33 3.57
3 10 2004 22.48 30.54 1.59 3.46
4 10 2004 23.23 31.08 2.43 3.56
5 10 2004 23.12 31.09 2.11 3.67
6 10 2004 23.28 32.32 0.63 4.24
7 10 2004 20.63 32.76 0.0 4.45
8 10 2004 19.2 31.5 0.01 4.18
9 10 2004 21.17 30.18 1.43 3.34
10 10 2004 22.37 30.19 0.83 3.52
11 10 2004 19.61 30.51 1.03 3.93
12 10 2004 16.1 30.44 0.0 4.14
13 10 2004 15.65 29.7 0.01 4.23
14 10 2004 16.14 31.05 0.41 4.1
15 10 2004 15.39 30.44 0.0 3.74
16 10 2004 17.36 31.03 0.0 3.9
17 10 2004 16.14 31.65 0.0 3.94
18 10 2004 18.23 32.22 0.0 4.12
19 10 2004 17.37 32.73 0.0 3.8
20 10 2004 17.84 32.05 0.0 3.87
21 10 2004 18.05 32.76 0.0 3.89
22 10 2004 18.25 32.15 0.0 3.91
23 10 2004 18.81 32.4 0.0 3.55
24 10 2004 18.47 32.09 0.0 3.86
25 10 2004 17.62 32.53 0.0 3.9
26 10 2004 15.11 32.55 0.0 4.39
27 10 2004 15.56 32.25 0.0 3.64
28 10 2004 16.94 31.81 0.0 3.53
29 10 2004 16.58 31.53 0.05 4.09
30 10 2004 15.94 31.73 0.0 3.97
31 10 2004 15.56 32.02 0.0 3.93
1 11 2004 16.09 32.11 0.0 3.71
2 11 2004 17.73 31.79 0.0 3.27
3 11 2004 16.53 31.93 0.0 3.82
4 11 2004 14.27 31.12 0.0 4.58
5 11 2004 12.82 30.87 0.0 4.39
6 11 2004 12.79 30.45 0.0 4.08
7 11 2004 14.52 31.37 0.0 4.24
8 11 2004 14.89 31.47 0.0 4.34
9 11 2004 14.28 31.98 0.0 4.64
10 11 2004 15.9 32.66 1.04 4.11
11 11 2004 17.19 32.13 1.77 3.23
12 11 2004 17.4 32.44 0.03 3.29
13 11 2004 17.51 32.83 0.0 3.44
14 11 2004 15.99 32.04 0.0 3.52
15 11 2004 17.83 33.56 0.0 3.7
16 11 2004 16.74 33.05 0.0 3.78
17 11 2004 16.4 31.67 0.0 3.36
18 11 2004 19.44 33.05 0.0 3.24
19 11 2004 15.74 33.4 0.0 3.46
20 11 2004 16.06 33.54 0.0 3.76
21 11 2004 16.43 33.63 0.0 3.53
22 11 2004 15.38 33.55 0.0 3.59
23 11 2004 15.98 32.88 0.0 3.45
24 11 2004 14.57 32.62 0.0 4.01
25 11 2004 15.19 32.44 0.0 3.55
26 11 2004 16.92 31.67 0.0 3.32
27 11 2004 17.31 32.17 0.0 2.99
28 11 2004 15.3 31.8 0.0 3.98
29 11 2004 13.76 30.9 0.0 3.73
30 11 2004 13.2 30.21 0.0 3.56
1 12 2004 14.73 29.81 0.0 3.01
2 12 2004 14.26 30.73 0.0 3.35
3 12 2004 13.39 30.65 0.0 3.34
4 12 2004 13.9 30.58 0.0 3.1
5 12 2004 13.29 31.06 0.0 3.42
6 12 2004 14.29 32.07 0.0 3.56
7 12 2004 14.19 32.15 0.0 3.61
8 12 2004 13.81 30.96 0.0 4.01
9 12 2004 14.65 32.06 0.0 4.23
10 12 2004 14.34 31.09 0.0 4.89
11 12 2004 13.85 31.51 0.0 4.91
12 12 2004 12.61 31.22 0.0 5.12
13 12 2004 11.89 31.02 0.0 4.24
14 12 2004 12.44 31.4 0.0 3.71
15 12 2004 12.17 32.37 0.0 3.84
16 12 2004 12.15 32.73 0.0 3.96
17 12 2004 12.29 32.58 0.0 4.36
18 12 2004 11.94 31.93 0.0 3.39
19 12 2004 11.93 30.19 0.0 4.59
20 12 2004 14.49 28.54 0.0 2.92
21 12 2004 11.45 28.33 0.0 3.58
22 12 2004 12.98 28.4 0.0 4.03
23 12 2004 11.55 27.77 0.0 3.45
24 12 2004 10.98 27.65 0.0 3.61
25 12 2004 11.81 26.67 0.0 4.73
26 12 2004 9.45 26.26 0.0 4.24
27 12 2004 10.16 29.41 0.0 4.32
28 12 2004 12.83 30.14 0.0 3.86
29 12 2004 14.42 27.58 0.0 2.73
30 12 2004 16.87 26.23 0.03 3.06
31 12 2004 14.33 24.26 0.05 3.23
1 1 2005 10.28 24.23 0.0 3.46
2 1 2005 10.08 26.44 0.0 3.02
3 1 2005 9.39 26.69 0.0 4.18
4 1 2005 8.7 27.5 0.0 4.79
5 1 2005 10.44 29.59 0.0 4.45
6 1 2005 9.91 27.59 0.0 4.66
7 1 2005 9.36 26.81 0.0 4.63
8 1 2005 8.85 28.46 0.0 4.26
9 1 2005 9.64 28.59 0.0 3.61
10 1 2005 9.41 27.26 0.0 4.19
11 1 2005 8.86 25.74 0.0 4.41
12 1 2005 8.27 26.51 0.0 4.02
13 1 2005 8.6 28.33 0.0 3.81
14 1 2005 9.3 29.15 0.0 3.26
15 1 2005 11.0 27.76 0.0 3.34
16 1 2005 11.12 28.27 0.0 3.86
17 1 2005 9.05 24.83 0.03 4.11
18 1 2005 8.12 23.94 0.0 3.55
19 1 2005 8.11 25.39 0.0 4.52
20 1 2005 7.73 27.04 0.0 5.08
21 1 2005 10.65 27.83 0.0 4.3
22 1 2005 12.74 28.44 0.0 4.51
23 1 2005 10.07 25.19 0.0 4.52
24 1 2005 9.85 25.95 0.0 4.75
25 1 2005 12.74 25.58 0.0 5.01
26 1 2005 11.15 26.59 0.0 4.14
27 1 2005 10.8 27.28 0.0 3.85
28 1 2005 10.89 26.31 0.0 3.98
29 1 2005 8.31 25.9 0.46 4.82
30 1 2005 9.63 25.73 0.42 4.68
31 1 2005 12.55 24.66 0.08 4.56
1 2 2005 8.78 25.87 0.0 4.58
2 2 2005 8.2 27.09 0.0 4.19
3 2 2005 8.94 28.41 0.0 4.59
4 2 2005 9.58 28.78 0.0 4.97
5 2 2005 11.23 29.63 0.0 4.17
6 2 2005 14.52 30.43 0.0 4.81
7 2 2005 15.27 28.31 0.0 3.84
8 2 2005 15.53 29.98 0.04 3.45
9 2 2005 15.24 33.9 0.0 5.18
10 2 2005 16.08 35.29 0.0 5.85
11 2 2005 15.61 33.41 0.0 5.65
12 2 2005 14.21 33.58 0.0 5.62
13 2 2005 17.15 33.29 0.0 4.67
14 2 2005 16.47 34.98 0.0 6.01
15 2 2005 16.11 32.57 0.0 6.43
16 2 2005 16.83 31.01 0.0 6.01
17 2 2005 12.59 26.93 0.0 5.89
18 2 2005 11.74 26.65 0.0 5.68
19 2 2005 6.88 24.69 0.0 4.96
20 2 2005 5.87 25.19 0.0 5.4
21 2 2005 6.6 27.06 0.0 6.33
22 2 2005 7.23 28.16 0.0 6.62
23 2 2005 8.73 30.26 0.0 5.94
24 2 2005 10.51 32.29 0.0 5.51
25 2 2005 12.99 32.83 0.0 5.84
26 2 2005 14.87 34.3 0.0 5.38
27 2 2005 16.94 36.48 0.0 6.35
28 2 2005 18.32 35.51 0.04 5.74
1 3 2005 18.78 36.12 0.04 5.94
2 3 2005 20.05 35.13 0.37 5.95
3 3 2005 19.94 35.58 0.08 6.13
4 3 2005 20.97 35.19 0.13 6.09
5 3 2005 17.62 34.43 0.0 6.34
6 3 2005 16.55 33.23 0.24 5.53
7 3 2005 19.35 29.9 0.42 4.02
8 3 2005 18.15 33.9 1.94 5.48
9 3 2005 17.46 32.72 0.06 6.02
10 3 2005 15.66 31.84 0.03 5.67
11 3 2005 15.69 32.26 0.09 6.38
12 3 2005 15.62 33.89 0.0 6.35
13 3 2005 15.59 35.8 0.0 6.44
14 3 2005 16.32 37.69 0.0 5.42
15 3 2005 18.4 38.34 0.0 6.74
16 3 2005 19.12 39.0 0.0 6.38
17 3 2005 19.1 39.68 0.0 7.11
18 3 2005 19.92 38.67 0.0 7.79
19 3 2005 21.23 39.16 0.0 8.37
20 3 2005 20.48 38.89 0.0 8.02
21 3 2005 19.42 36.94 0.0 8.38
22 3 2005 20.75 34.73 0.0 7.27
23 3 2005 17.68 34.66 0.0 7.09
24 3 2005 16.02 35.01 0.01 6.85
25 3 2005 16.17 36.65 0.0 6.94
26 3 2005 20.37 37.86 0.0 7.92
27 3 2005 20.2 36.32 0.0 8.19
28 3 2005 20.64 37.95 0.0 5.95
29 3 2005 20.7 38.18 0.0 7.94
30 3 2005 18.71 36.17 0.0 8.51
31 3 2005 18.36 36.16 0.0 9.21
1 4 2005 17.07 37.06 0.0 8.51
2 4 2005 17.44 39.09 0.0 8.17
3 4 2005 18.26 39.96 0.0 7.86
4 4 2005 18.99 41.33 0.0 7.26
5 4 2005 19.86 41.99 0.0 7.57
6 4 2005 21.84 41.9 0.0 8.41
7 4 2005 22.31 40.12 0.0 11.04
8 4 2005 20.01 37.3 0.0 9.1
9 4 2005 19.69 36.37 0.0 7.55
10 4 2005 14.85 34.46 0.0 7.82
11 4 2005 15.32 36.0 0.0 9.16
12 4 2005 16.9 38.65 0.0 8.44
13 4 2005 18.94 40.37 0.0 8.37
14 4 2005 21.92 40.62 0.0 8.34
15 4 2005 22.19 40.38 0.0 9.37
16 4 2005 22.58 40.57 0.0 8.12
17 4 2005 21.57 40.65 0.0 7.74
18 4 2005 21.98 40.53 0.0 8.0
19 4 2005 21.34 42.3 0.0 8.01
20 4 2005 21.89 43.26 0.0 7.81
21 4 2005 24.84 43.11 0.0 10.3
22 4 2005 26.6 41.88 0.0 8.66
23 4 2005 27.88 37.53 0.0 7.24
24 4 2005 26.76 37.24 0.0 8.04
25 4 2005 26.01 39.61 0.0 8.96
26 4 2005 24.17 40.73 0.0 9.04
27 4 2005 24.32 40.1 0.0 10.13
28 4 2005 23.83 37.43 0.73 9.19
29 4 2005 24.32 39.05 9.61 8.03
30 4 2005 24.3 36.76 4.72 6.46
1 5 2005 24.32 37.84 5.47 6.89
2 5 2005 22.51 38.59 0.56 7.8
3 5 2005 23.96 38.32 0.0 6.99
4 5 2005 23.93 38.05 0.19 7.03
5 5 2005 24.94 38.68 0.06 7.66
6 5 2005 23.14 40.29 0.0 8.8
7 5 2005 24.44 40.45 0.0 9.93
8 5 2005 25.93 40.69 0.0 9.84
9 5 2005 24.42 39.87 0.0 9.92
10 5 2005 22.85 40.23 0.0 9.02
11 5 2005 22.34 39.83 0.0 9.33
12 5 2005 22.02 40.85 0.0 9.76
13 5 2005 22.59 41.89 0.0 11.23
14 5 2005 23.76 42.05 0.0 10.55
15 5 2005 25.08 42.15 0.0 10.78
16 5 2005 24.56 43.35 0.0 11.25
17 5 2005 25.37 42.19 0.0 11.54
18 5 2005 25.08 41.51 0.0 10.56
19 5 2005 26.43 43.45 0.0 10.56
20 5 2005 27.25 44.84 0.0 10.68
21 5 2005 27.3 44.61 0.0 10.63
22 5 2005 27.85 43.28 0.0 11.73
23 5 2005 27.74 42.1 0.0 10.05
24 5 2005 29.61 43.55 0.01 9.39
25 5 2005 29.2 42.81 0.0 11.02
26 5 2005 27.88 40.51 0.0 9.97
27 5 2005 26.08 41.65 0.0 7.79
28 5 2005 28.87 43.62 0.09 8.97
29 5 2005 29.14 41.24 0.83 8.25
30 5 2005 30.33 41.49 0.11 7.54
31 5 2005 29.25 43.55 0.0 9.72
1 6 2005 27.99 44.0 0.0 10.56
2 6 2005 29.18 43.87 0.0 11.42
3 6 2005 27.13 42.22 0.0 11.1
4 6 2005 27.96 43.36 0.0 11.03
5 6 2005 28.12 43.95 0.0 11.47
6 6 2005 27.57 43.19 0.0 12.18
7 6 2005 27.2 42.51 0.02 11.3
8 6 2005 27.89 42.43 0.11 10.09
9 6 2005 29.41 43.76 0.67 10.6
10 6 2005 28.31 44.62 0.5 11.22
11 6 2005 28.67 43.93 1.13 11.61
12 6 2005 29.27 42.55 0.0 11.13
13 6 2005 30.47 39.84 7.15 8.84
14 6 2005 26.94 39.98 0.1 8.3
15 6 2005 27.3 41.87 0.0 9.46
16 6 2005 28.64 42.54 0.0 9.71
17 6 2005 29.59 42.2 0.8 10.32
18 6 2005 29.24 42.96 2.47 9.01
19 6 2005 29.29 40.85 0.97 6.36
20 6 2005 30.41 40.88 0.12 6.73
21 6 2005 28.8 39.68 1.9 8.58
22 6 2005 28.23 37.53 0.21 8.41
23 6 2005 27.76 37.9 1.18 8.43
24 6 2005 26.89 37.05 1.99 7.41
25 6 2005 25.98 36.83 2.87 6.85
26 6 2005 25.39 35.3 15.07 5.16
27 6 2005 25.06 33.9 11.81 4.77
28 6 2005 26.31 32.36 12.33 4.51
29 6 2005 25.0 30.1 7.81 4.14
30 6 2005 24.33 30.35 6.5 4.54
1 7 2005 24.03 33.4 5.16 3.99
2 7 2005 24.69 30.67 20.15 3.74
3 7 2005 24.79 30.16 13.6 3.88
4 7 2005 24.85 30.25 8.15 4.43
5 7 2005 24.57 31.25 4.43 4.61
6 7 2005 24.61 29.98 5.14 3.63
7 7 2005 24.38 32.42 1.87 5.17
8 7 2005 24.48 33.63 5.52 5.01
9 7 2005 24.59 33.9 4.34 5.38
10 7 2005 24.34 33.59 2.22 5.81
11 7 2005 25.15 31.1 2.79 3.2
12 7 2005 24.97 29.73 0.3 3.94
13 7 2005 24.61 31.81 1.84 4.72
14 7 2005 25.02 31.13 2.96 3.75
15 7 2005 25.04 30.89 6.37 3.43
16 7 2005 24.49 30.87 4.67 3.96
17 7 2005 24.72 31.59 9.96 3.6
18 7 2005 24.44 32.08 3.78 4.12
19 7 2005 24.86 33.55 0.02 5.79
20 7 2005 24.62 33.94 0.03 6.3
21 7 2005 24.21 34.83 0.02 5.85
22 7 2005 24.01 34.77 0.0 5.24
23 7 2005 24.07 35.47 0.0 6.03
24 7 2005 25.02 34.34 1.75 5.95
25 7 2005 24.17 32.82 4.83 5.01
26 7 2005 24.85 32.97 31.67 4.15
27 7 2005 24.89 29.37 30.67 2.97
28 7 2005 24.32 29.03 35.7 1.4
29 7 2005 24.03 29.35 2.73 2.83
30 7 2005 24.33 31.76 1.85 3.39
31 7 2005 25.4 29.67 28.52 2.99
1 8 2005 25.45 31.06 44.19 2.44
2 8 2005 25.67 31.51 35.37 2.98
3 8 2005 25.11 32.23 9.39 3.26
4 8 2005 25.3 32.08 2.35 3.36
5 8 2005 24.49 29.14 0.72 2.99
6 8 2005 23.54 28.34 0.39 2.75
7 8 2005 23.37 31.3 0.36 3.49
8 8 2005 23.51 31.36 0.2 3.32
9 8 2005 23.35 30.06 0.43 3.91
10 8 2005 23.68 30.19 0.38 4.35
11 8 2005 23.48 30.64 0.13 4.16
12 8 2005 23.48 31.03 0.09 4.26
13 8 2005 23.98 31.23 0.07 4.73
14 8 2005 23.98 31.98 0.0 4.92
15 8 2005 24.22 31.5 0.05 4.51
16 8 2005 24.24 29.52 1.0 3.1
17 8 2005 23.98 27.87 10.88 2.03
18 8 2005 24.12 30.87 5.55 3.41
19 8 2005 24.19 29.4 1.07 3.71
20 8 2005 23.69 30.54 0.13 3.98
21 8 2005 23.4 30.86 0.86 4.27
22 8 2005 22.55 31.19 0.13 4.61
23 8 2005 22.48 31.05 0.19 4.82
24 8 2005 22.56 31.08 0.03 4.97
25 8 2005 21.77 30.8 0.04 4.64
26 8 2005 21.62 31.03 0.05 4.4
27 8 2005 21.91 31.84 0.01 4.45
28 8 2005 22.37 32.51 0.05 4.74
29 8 2005 22.65 32.15 4.2 4.88
30 8 2005 22.15 32.89 0.01 5.28
31 8 2005 22.26 33.04 0.0 5.35
1 9 2005 22.39 34.2 0.0 5.43
2 9 2005 22.9 36.07 0.0 5.52
3 9 2005 23.24 37.48 0.34 5.52
4 9 2005 23.9 36.13 0.67 4.81
5 9 2005 25.13 34.13 0.42 4.35
6 9 2005 25.23 33.58 7.14 4.38
7 9 2005 25.02 31.36 12.64 2.22
8 9 2005 24.27 31.23 5.76 4.11
9 9 2005 24.95 30.86 7.13 3.53
10 9 2005 24.43 33.19 5.63 4.71
11 9 2005 23.76 31.7 9.53 3.0
12 9 2005 24.15 29.06 24.77 3.0
13 9 2005 23.79 31.92 14.4 3.59
14 9 2005 23.62 31.41 15.51 2.77
15 9 2005 24.15 30.69 20.45 2.83
16 9 2005 23.4 27.3 11.33 2.64
17 9 2005 22.58 29.4 6.39 2.4
18 9 2005 23.4 29.12 31.6 1.79
19 9 2005 23.42 30.73 9.51 3.48
20 9 2005 23.24 31.88 1.3 4.11
21 9 2005 24.38 29.8 0.69 4.18
22 9 2005 23.81 30.89 1.7 3.93
23 9 2005 23.73 28.01 49.08 1.79
24 9 2005 23.19 28.11 9.68 2.08
25 9 2005 22.63 29.15 0.33 3.44
26 9 2005 21.73 28.58 0.04 3.7
27 9 2005 20.56 29.31 0.0 3.72
28 9 2005 20.03 29.99 0.0 4.06
29 9 2005 19.86 30.66 0.68 4.06
30 9 2005 20.08 31.03 0.01 4.31
1 10 2005 20.19 31.45 0.0 4.47
2 10 2005 18.93 31.32 0.0 4.54
3 10 2005 18.68 31.19 0.0 4.54
4 10 2005 18.57 31.42 0.0 4.45
5 10 2005 19.1 32.12 0.0 4.36
6 10 2005 19.38 32.08 0.0 4.42
7 10 2005 19.69 32.0 0.0 4.49
8 10 2005 20.47 31.73 0.0 4.47
9 10 2005 20.94 31.61 0.0 4.39
10 10 2005 20.8 32.32 0.0 4.39
11 10 2005 20.53 32.44 0.0 4.38
12 10 2005 19.75 32.34 0.0 4.27
13 10 2005 18.6 32.87 0.0 4.43
14 10 2005 18.49 32.72 0.0 4.18
15 10 2005 18.36 32.04 0.0 4.4
16 10 2005 17.11 31.73 0.0 4.39
17 10 2005 16.72 32.81 0.0 4.69
18 10 2005 17.42 32.74 0.02 4.47
19 10 2005 18.22 33.12 0.0 4.16
20 10 2005 18.47 33.07 0.0 4.17
21 10 2005 16.74 32.17 0.0 4.28
22 10 2005 15.96 31.43 0.0 4.11
23 10 2005 16.23 31.46 0.0 4.02
24 10 2005 16.45 31.76 0.0 4.09
25 10 2005 17.08 32.48 0.0 4.09
26 10 2005 15.87 33.23 0.0 4.66
27 10 2005 15.18 32.88 0.0 4.23
28 10 2005 16.55 33.44 0.0 3.84
29 10 2005 15.08 32.8 0.0 4.12
30 10 2005 15.38 32.65 0.0 3.94
31 10 2005 16.65 32.4 0.0 4.0
1 11 2005 16.33 31.46 0.0 3.84
2 11 2005 15.73 31.54 0.0 3.79
3 11 2005 17.73 31.4 0.0 3.47
4 11 2005 19.84 32.07 0.0 3.53
5 11 2005 14.48 31.69 0.0 3.7
6 11 2005 14.59 31.26 0.0 3.21
7 11 2005 14.87 31.28 0.0 3.1
8 11 2005 13.69 30.91 0.0 3.76
9 11 2005 11.99 30.98 0.0 3.86
10 11 2005 12.34 31.76 0.0 3.88
11 11 2005 13.15 31.68 0.0 3.47
12 11 2005 13.11 31.95 0.0 3.43
13 11 2005 13.73 32.29 0.0 3.76
14 11 2005 12.33 32.39 0.0 3.96
15 11 2005 15.38 32.43 0.0 3.65
16 11 2005 13.47 32.51 0.0 3.86
17 11 2005 13.52 33.31 0.0 4.19
18 11 2005 12.08 32.69 0.0 4.01
19 11 2005 13.82 32.87 0.0 3.51
20 11 2005 13.55 33.4 0.0 3.86
21 11 2005 14.8 33.58 0.0 3.68
22 11 2005 12.98 33.61 0.0 3.62
23 11 2005 13.7 32.76 0.0 3.7
24 11 2005 13.98 32.67 0.0 3.81
25 11 2005 15.01 32.07 0.0 3.8
26 11 2005 14.34 31.65 0.0 3.99
27 11 2005 15.37 31.48 0.0 3.61
28 11 2005 16.09 31.62 0.0 4.01
29 11 2005 12.88 30.92 0.0 4.18
30 11 2005 12.19 29.94 0.0 3.73
1 12 2005 13.87 29.1 0.0 4.19
2 12 2005 13.32 30.15 0.0 4.99
3 12 2005 15.87 28.68 0.0 4.06
4 12 2005 13.27 30.4 0.0 4.73
5 12 2005 12.4 31.44 0.0 4.33
6 12 2005 11.67 31.4 0.0 3.45
7 12 2005 11.24 31.62 0.0 3.33
8 12 2005 11.48 31.36 0.0 4.52
9 12 2005 11.3 30.67 0.0 4.46
10 12 2005 11.54 29.98 0.0 4.69
11 12 2005 10.64 29.39 0.0 4.51
12 12 2005 10.37 29.48 0.0 4.16
13 12 2005 10.14 29.51 0.0 3.84
14 12 2005 10.95 30.35 0.0 3.98
15 12 2005 11.03 29.94 0.0 4.26
16 12 2005 11.05 30.0 0.0 4.41
17 12 2005 10.27 28.73 0.0 4.24
18 12 2005 9.65 27.94 0.0 4.05
19 12 2005 9.18 28.17 0.0 3.79
20 12 2005 10.43 28.87 0.0 3.51
21 12 2005 10.47 28.14 0.0 4.09
22 12 2005 10.36 25.87 0.0 4.11
23 12 2005 9.75 26.05 0.0 3.98
24 12 2005 7.97 26.21 0.0 4.44
25 12 2005 8.35 26.83 0.0 4.16
26 12 2005 8.68 28.01 0.0 3.43
27 12 2005 9.73 30.07 0.0 3.35
28 12 2005 11.94 29.34 0.0 2.86
29 12 2005 11.42 30.05 0.0 3.57
30 12 2005 10.48 28.76 0.0 3.87
31 12 2005 11.43 29.06 0.0 3.91
1 1 2006 11.87 30.28 0.0 4.29
2 1 2006 12.45 27.87 0.0 4.15
3 1 2006 9.08 25.54 0.0 3.58
4 1 2006 8.51 26.94 0.0 4.79
5 1 2006 9.71 26.87 0.0 5.27
6 1 2006 10.41 26.73 0.0 5.08
7 1 2006 9.97 27.93 0.0 5.27
8 1 2006 10.19 28.36 0.0 4.45
9 1 2006 9.99 29.6 0.0 4.28
10 1 2006 10.31 30.87 0.0 4.17
11 1 2006 10.39 30.57 0.0 4.64
12 1 2006 12.13 30.58 0.0 3.59
13 1 2006 10.26 30.35 0.0 3.99
14 1 2006 11.17 31.28 0.0 4.45
15 1 2006 12.63 33.17 0.0 4.46
16 1 2006 13.39 33.52 0.0 5.02
17 1 2006 13.18 31.22 0.0 5.04
18 1 2006 14.15 29.85 0.0 4.43
19 1 2006 13.57 30.04 0.0 4.06
20 1 2006 13.3 29.05 0.0 4.59
21 1 2006 12.12 27.69 0.0 4.52
22 1 2006 9.34 26.94 0.0 4.95
23 1 2006 7.88 25.4 0.0 3.76
24 1 2006 7.67 26.61 0.0 3.93
25 1 2006 8.4 27.25 0.0 4.51
26 1 2006 8.9 29.39 0.0 5.0
27 1 2006 9.67 30.48 0.0 4.89
28 1 2006 11.21 31.37 0.0 3.71
29 1 2006 12.76 31.83 0.0 3.98
30 1 2006 11.89 33.26 0.0 4.55
31 1 2006 13.26 34.6 0.0 5.5
1 2 2006 13.9 34.33 0.0 4.57
2 2 2006 15.24 33.69 0.0 4.87
3 2 2006 14.44 33.98 0.0 5.51
4 2 2006 13.88 33.67 0.0 5.0
5 2 2006 13.58 34.0 0.0 4.38
6 2 2006 15.44 34.43 0.0 4.6
7 2 2006 14.68 33.65 0.0 4.65
8 2 2006 13.86 32.54 0.0 4.82
9 2 2006 15.16 33.67 0.0 4.21
10 2 2006 14.31 33.65 0.0 5.4
11 2 2006 14.01 34.62 0.0 4.57
12 2 2006 15.31 35.56 0.0 4.56
13 2 2006 16.85 36.26 0.0 5.0
14 2 2006 17.07 35.87 0.0 6.3
15 2 2006 17.59 33.23 0.0 6.58
16 2 2006 16.05 34.05 0.0 5.28
17 2 2006 17.94 35.08 0.0 4.94
18 2 2006 17.09 36.51 0.0 4.18
19 2 2006 17.87 37.39 0.0 5.15
20 2 2006 18.35 37.8 0.0 5.4
21 2 2006 18.34 38.43 0.0 6.62
22 2 2006 18.33 37.95 0.0 6.73
23 2 2006 17.55 37.9 0.0 6.61
24 2 2006 17.67 37.99 0.0 6.27
25 2 2006 19.51 38.09 0.0 6.03
26 2 2006 21.0 37.45 0.1 6.32
27 2 2006 19.13 35.68 0.0 6.72
28 2 2006 17.61 35.48 0.02 6.78
1 3 2006 17.88 35.64 0.01 6.45
2 3 2006 18.14 35.78 0.02 6.7
3 3 2006 20.93 35.89 0.41 6.65
4 3 2006 19.7 35.53 0.93 6.52
5 3 2006 17.42 34.99 0.04 5.46
6 3 2006 18.09 35.28 0.0 6.4
7 3 2006 16.19 35.32 0.0 5.4
8 3 2006 16.93 35.68 0.06 6.78
9 3 2006 19.7 29.45 3.87 4.01
10 3 2006 18.24 25.77 7.72 3.29
11 3 2006 16.97 30.11 0.02 4.34
12 3 2006 15.68 31.99 0.0 4.98
13 3 2006 16.66 32.71 0.02 5.1
14 3 2006 19.37 32.51 1.43 4.75
15 3 2006 17.14 32.51 0.41 4.86
16 3 2006 19.01 33.84 0.83 4.8
17 3 2006 17.3 33.63 0.01 5.27
18 3 2006 17.84 34.73 0.0 5.9
19 3 2006 18.0 36.59 0.0 6.07
20 3 2006 21.59 37.8 0.0 7.32
21 3 2006 21.1 35.65 0.0 7.16
22 3 2006 16.85 35.83 0.0 7.11
23 3 2006 19.09 37.88 0.0 6.93
24 3 2006 20.51 37.51 0.0 8.34
25 3 2006 19.08 37.08 0.0 8.37
26 3 2006 17.55 34.93 0.0 7.31
27 3 2006 16.75 34.3 0.0 6.13
28 3 2006 16.26 36.44 0.0 6.83
29 3 2006 17.23 36.94 0.0 8.3
30 3 2006 16.69 39.11 0.0 7.27
31 3 2006 19.91 39.66 0.0 8.5
1 4 2006 19.42 37.27 0.0 8.68
2 4 2006 20.51 38.65 0.0 7.92
3 4 2006 20.47 39.2 0.0 7.22
4 4 2006 21.01 38.87 0.0 7.23
5 4 2006 21.65 40.44 0.0 7.58
6 4 2006 23.34 41.21 0.0 7.06
7 4 2006 22.35 41.23 0.0 8.31
8 4 2006 22.37 40.96 0.0 8.24
9 4 2006 21.81 39.73 0.0 10.03
10 4 2006 20.51 38.96 0.0 8.81
11 4 2006 23.81 40.05 0.0 7.64
12 4 2006 20.94 38.98 0.0 7.34
13 4 2006 19.24 39.07 0.0 6.93
14 4 2006 21.91 39.5 0.0 7.69
15 4 2006 24.69 39.57 0.0 9.08
16 4 2006 24.53 36.5 0.0 7.7
17 4 2006 23.21 37.89 0.3 7.71
18 4 2006 20.44 38.15 0.0 8.43
19 4 2006 20.65 39.01 0.0 8.31
20 4 2006 22.88 40.08 0.0 7.96
21 4 2006 23.62 41.11 0.0 9.21
22 4 2006 24.3 41.51 0.0 9.0
23 4 2006 24.8 40.18 0.0 8.82
24 4 2006 21.31 40.17 0.0 8.24
25 4 2006 23.9 41.87 0.0 8.92
26 4 2006 24.89 42.05 0.0 10.07
27 4 2006 24.35 41.54 0.0 9.49
28 4 2006 23.95 41.55 0.0 8.38
29 4 2006 25.19 43.26 0.0 8.73
30 4 2006 25.67 43.37 0.61 10.7
1 5 2006 24.8 43.27 0.34 9.52
2 5 2006 25.23 43.36 0.01 9.85
3 5 2006 24.5 43.01 0.0 7.82
4 5 2006 26.32 44.47 0.0 7.2
5 5 2006 27.26 45.56 0.0 8.24
6 5 2006 27.3 45.26 0.0 11.61
7 5 2006 24.63 43.96 0.0 11.99
8 5 2006 25.52 43.83 0.0 11.81
9 5 2006 24.91 43.69 0.0 10.69
10 5 2006 26.69 43.16 0.0 11.12
11 5 2006 27.72 43.47 0.0 11.35
12 5 2006 25.98 42.94 0.0 10.92
13 5 2006 26.21 42.43 0.0 10.57
14 5 2006 26.84 40.66 0.0 10.24
15 5 2006 26.83 41.19 0.0 10.09
16 5 2006 26.77 41.75 0.0 9.46
17 5 2006 28.05 42.44 9.24 8.52
18 5 2006 29.37 42.73 1.53 8.13
19 5 2006 27.49 41.38 1.6 9.87
20 5 2006 25.57 38.07 0.0 9.63
21 5 2006 26.9 39.52 0.45 9.92
22 5 2006 26.94 39.8 1.03 8.85
23 5 2006 28.16 41.08 0.39 9.78
24 5 2006 27.51 41.08 0.72 10.29
25 5 2006 27.95 42.33 0.26 10.7
26 5 2006 28.26 44.26 1.55 9.63
27 5 2006 29.26 44.61 0.19 10.36
28 5 2006 29.09 45.51 0.02 11.9
29 5 2006 28.35 44.94 0.0 12.13
30 5 2006 28.8 43.56 0.0 11.38
31 5 2006 28.71 42.75 2.0 10.23
1 6 2006 26.62 37.06 34.16 5.0
2 6 2006 25.14 28.73 24.87 2.67
3 6 2006 24.44 35.13 2.41 6.07
4 6 2006 25.03 36.4 0.02 7.19
5 6 2006 24.23 36.63 0.0 7.52
6 6 2006 23.87 36.08 0.19 7.29
7 6 2006 23.87 36.18 0.01 7.09
8 6 2006 24.22 37.37 0.0 7.63
9 6 2006 24.22 38.43 0.45 7.99
10 6 2006 24.3 38.68 0.0 8.49
11 6 2006 24.08 38.05 0.0 8.88
12 6 2006 23.54 36.97 0.54 8.84
13 6 2006 24.15 36.71 0.22 8.01
14 6 2006 23.99 37.31 0.0 8.43
15 6 2006 24.19 38.12 0.12 8.49
16 6 2006 23.72 38.33 0.0 9.36
17 6 2006 23.67 38.79 0.0 8.35
18 6 2006 23.94 40.42 0.0 8.41
19 6 2006 26.53 39.05 3.92 6.02
20 6 2006 27.01 40.76 0.88 6.74
21 6 2006 26.57 41.17 0.46 7.27
22 6 2006 28.4 42.01 0.0 7.65
23 6 2006 28.37 43.08 0.64 8.01
24 6 2006 28.67 38.13 13.46 6.84
25 6 2006 27.07 35.59 1.24 4.97
26 6 2006 28.05 36.87 2.39 6.15
27 6 2006 26.62 32.1 0.87 4.55
28 6 2006 26.23 34.94 16.45 5.4
29 6 2006 25.95 31.99 7.25 5.13
30 6 2006 25.73 34.22 9.19 4.99
1 7 2006 25.79 36.61 1.37 5.89
2 7 2006 25.84 38.43 8.25 6.28
3 7 2006 27.36 34.44 9.16 5.17
4 7 2006 27.23 39.92 5.66 7.43
5 7 2006 27.44 33.01 10.4 4.89
6 7 2006 25.4 33.76 3.89 4.13
7 7 2006 24.82 34.64 0.57 5.47
8 7 2006 25.04 34.66 0.52 5.22
9 7 2006 24.51 32.12 1.29 4.39
10 7 2006 24.41 34.69 1.24 4.71
11 7 2006 24.31 33.94 1.43 3.76
12 7 2006 24.59 34.69 0.88 4.28
13 7 2006 25.03 32.75 0.08 4.36
14 7 2006 24.53 33.97 0.0 4.68
15 7 2006 24.55 35.1 0.0 4.94
16 7 2006 24.61 34.24 0.44 5.35
17 7 2006 24.69 35.05 1.22 4.5
18 7 2006 24.9 34.37 1.81 5.45
19 7 2006 24.69 30.98 7.75 2.78
20 7 2006 24.36 30.16 15.01 2.53
21 7 2006 24.29 29.94 23.56 2.5
22 7 2006 24.42 33.31 18.29 3.55
23 7 2006 24.37 31.65 11.0 3.61
24 7 2006 23.79 31.26 4.21 3.66
25 7 2006 24.52 31.08 5.69 3.81
26 7 2006 24.54 31.55 6.61 4.75
27 7 2006 24.4 29.92 7.88 3.24
28 7 2006 23.89 30.6 22.35 2.37
29 7 2006 24.33 28.06 12.56 2.81
30 7 2006 24.38 31.82 10.43 3.5
31 7 2006 23.95 28.22 40.82 2.68
1 8 2006 23.29 28.37 32.96 2.51
2 8 2006 23.16 30.08 5.21 3.46
3 8 2006 23.29 29.99 1.39 3.65
4 8 2006 23.66 30.1 13.23 3.03
5 8 2006 24.26 32.3 5.44 4.6
6 8 2006 24.71 32.23 7.3 3.37
7 8 2006 24.37 31.06 16.06 2.97
8 8 2006 24.26 29.5 21.97 2.3
9 8 2006 24.16 28.2 30.99 2.17
10 8 2006 24.17 28.45 15.73 1.79
11 8 2006 24.97 28.33 14.38 2.39
12 8 2006 24.32 28.87 3.9 2.47
13 8 2006 24.81 31.25 3.57 3.47
14 8 2006 24.98 28.52 39.24 2.21
15 8 2006 24.01 28.78 32.48 1.43
16 8 2006 24.62 30.06 12.84 3.47
17 8 2006 24.71 29.38 7.18 3.66
18 8 2006 23.82 29.9 31.51 2.22
19 8 2006 24.07 27.79 39.23 1.65
20 8 2006 23.58 29.7 7.18 2.63
21 8 2006 23.48 29.7 2.64 2.78
22 8 2006 22.99 29.4 0.57 3.11
23 8 2006 23.0 28.55 0.53 3.51
24 8 2006 22.73 28.49 0.14 2.7
25 8 2006 21.77 28.5 0.62 3.18
26 8 2006 22.8 29.33 0.71 3.1
27 8 2006 22.52 29.55 0.65 2.85
28 8 2006 22.4 29.76 0.28 3.39
29 8 2006 22.15 29.43 0.13 3.97
30 8 2006 22.14 29.86 19.92 4.05
31 8 2006 22.32 28.29 48.31 2.38
1 9 2006 22.65 27.15 33.12 2.42
2 9 2006 22.76 29.25 1.41 3.7
3 9 2006 22.8 30.51 0.21 4.26
4 9 2006 22.66 30.3 5.03 4.49
5 9 2006 22.95 30.72 21.33 4.19
6 9 2006 23.46 29.51 30.18 2.37
7 9 2006 23.53 28.18 9.21 2.26
8 9 2006 22.87 28.86 0.55 3.54
9 9 2006 22.79 29.55 0.44 4.0
10 9 2006 22.22 31.03 0.0 4.44
11 9 2006 22.95 31.15 0.0 4.58
12 9 2006 22.91 31.09 0.0 4.25
13 9 2006 22.36 31.6 1.42 4.48
14 9 2006 22.48 31.67 0.94 4.53
15 9 2006 23.12 31.3 2.31 4.55
16 9 2006 22.3 31.48 4.22 4.23
17 9 2006 23.64 30.58 1.75 4.21
18 9 2006 23.82 32.26 0.47 3.7
19 9 2006 24.38 30.19 1.09 4.03
20 9 2006 23.48 31.18 0.99 4.04
21 9 2006 23.37 31.31 0.65 4.23
22 9 2006 23.18 30.2 6.74 3.77
23 9 2006 23.12 30.42 3.57 3.95
24 9 2006 22.62 29.8 0.5 3.54
25 9 2006 22.74 30.52 0.09 3.79
26 9 2006 22.62 30.66 0.01 4.04
27 9 2006 22.3 30.3 2.3 4.02
28 9 2006 22.52 31.54 16.74 4.02
29 9 2006 22.08 31.77 3.0 4.43
30 9 2006 21.92 31.94 1.48 4.84
1 10 2006 20.64 31.48 1.52 4.33
2 10 2006 22.48 31.45 0.07 3.88
3 10 2006 23.37 32.77 0.01 4.44
4 10 2006 21.73 33.15 0.03 4.59
5 10 2006 19.4 32.02 0.0 4.47
6 10 2006 20.59 30.24 0.0 4.21
7 10 2006 20.03 30.01 0.0 4.12
8 10 2006 20.05 30.19 0.0 4.14
9 10 2006 18.89 30.17 0.0 4.17
10 10 2006 18.47 30.25 0.0 4.06
11 10 2006 18.79 30.26 0.0 4.2
12 10 2006 17.94 29.45 0.0 4.12
13 10 2006 18.73 29.73 0.0 3.9
14 10 2006 21.65 31.29 0.0 4.03
15 10 2006 19.82 32.07 0.0 4.07
16 10 2006 20.14 32.21 0.0 4.11
17 10 2006 21.63 32.49 0.0 3.95
18 10 2006 21.11 33.08 0.0 4.2
19 10 2006 20.52 32.47 0.68 4.2
20 10 2006 19.57 31.12 0.16 3.87
21 10 2006 18.58 31.01 1.01 3.68
22 10 2006 19.42 30.85 0.06 3.64
23 10 2006 18.6 31.58 0.0 3.7
24 10 2006 19.24 31.63 0.0 3.74
25 10 2006 17.81 30.77 0.0 3.84
26 10 2006 16.78 31.05 0.0 3.69
27 10 2006 16.76 31.71 0.0 3.83
28 10 2006 15.83 30.27 0.0 4.0
29 10 2006 15.83 30.66 0.0 4.06
30 10 2006 16.23 31.56 0.0 3.9
31 10 2006 17.17 31.76 0.0 3.95
1 11 2006 16.0 31.97 0.0 4.1
2 11 2006 15.51 31.17 0.02 3.74
3 11 2006 15.71 30.83 0.01 3.69
4 11 2006 16.29 31.17 0.0 3.75
5 11 2006 16.93 31.6 0.0 3.57
6 11 2006 16.81 31.76 0.0 3.44
7 11 2006 17.71 31.82 1.51 3.27
8 11 2006 17.07 31.79 0.38 3.25
9 11 2006 15.9 31.91 0.0 3.74
10 11 2006 14.42 31.51 0.0 3.59
11 11 2006 14.68 29.94 0.0 3.5
12 11 2006 16.15 30.69 0.0 3.45
13 11 2006 15.76 31.26 0.0 3.54
14 11 2006 15.74 30.99 0.0 3.44
15 11 2006 14.85 30.94 0.0 3.51
16 11 2006 15.02 30.83 0.0 3.47
17 11 2006 14.36 30.76 0.0 3.23
18 11 2006 15.12 30.58 0.0 3.13
19 11 2006 15.51 30.8 0.0 2.95
20 11 2006 14.32 31.28 0.0 3.09
21 11 2006 15.33 31.25 0.02 3.24
22 11 2006 16.58 31.06 0.05 3.3
23 11 2006 15.6 29.93 0.0 3.37
24 11 2006 13.26 29.33 0.0 3.49
25 11 2006 11.87 28.55 0.0 3.39
26 11 2006 10.75 28.26 0.0 3.58
27 11 2006 10.13 28.97 0.0 3.7
28 11 2006 11.27 29.64 0.0 3.53
29 11 2006 12.31 28.15 0.14 3.35
30 11 2006 11.92 28.25 0.0 3.43
1 12 2006 12.07 29.26 0.0 3.46
2 12 2006 13.14 29.84 0.03 3.21
3 12 2006 15.05 30.34 0.02 3.37
4 12 2006 14.47 30.35 0.0 3.53
5 12 2006 15.29 30.02 0.0 3.24
6 12 2006 15.09 29.65 0.0 3.2
7 12 2006 13.53 28.63 0.0 3.17
8 12 2006 13.55 29.3 0.0 3.21
9 12 2006 15.3 28.34 0.0 3.05
10 12 2006 14.8 29.62 0.0 3.96
11 12 2006 10.67 27.08 0.0 3.62
12 12 2006 9.54 27.4 0.0 3.82
13 12 2006 9.58 28.9 0.0 3.88
14 12 2006 11.03 30.19 0.0 4.04
15 12 2006 12.4 31.0 0.0 3.53
16 12 2006 13.1 31.41 0.0 4.45
17 12 2006 12.83 30.92 0.0 4.85
18 12 2006 12.3 30.8 0.0 3.66
19 12 2006 11.42 31.12 0.0 3.46
20 12 2006 11.6 29.85 0.0 3.36
21 12 2006 11.4 29.42 0.0 3.12
22 12 2006 11.29 28.74 0.0 3.92
23 12 2006 11.82 29.51 0.0 3.88
24 12 2006 13.29 30.5 0.0 3.46
25 12 2006 13.55 29.55 0.0 3.24
26 12 2006 16.04 28.51 0.0 2.96
27 12 2006 14.25 27.8 0.0 3.61
28 12 2006 10.78 28.21 0.0 3.76
29 12 2006 11.75 29.67 0.0 3.89
30 12 2006 12.44 29.44 0.0 4.09
31 12 2006 10.46 27.89 0.0 4.1
1 1 2007 12.06 27.33 0.0 3.2
2 1 2007 12.21 27.79 0.0 3.6
3 1 2007 10.79 27.3 0.0 3.61
4 1 2007 10.09 27.65 0.0 3.99
5 1 2007 9.3 26.55 0.0 3.77
6 1 2007 10.3 27.83 0.0 4.16
7 1 2007 10.17 27.11 0.0 4.99
8 1 2007 10.33 29.16 0.0 4.39
9 1 2007 11.74 29.56 0.0 4.17
10 1 2007 11.9 28.83 0.0 4.27
11 1 2007 10.3 28.15 0.0 4.47
12 1 2007 10.35 27.87 0.0 4.22
13 1 2007 10.61 27.72 0.0 5.19
14 1 2007 10.11 29.15 0.0 4.45
15 1 2007 11.22 29.57 0.0 4.48
16 1 2007 11.55 28.38 0.0 4.59
17 1 2007 9.74 27.57 0.0 5.1
18 1 2007 10.31 29.58 0.0 4.25
19 1 2007 10.65 29.94 0.0 4.43
20 1 2007 11.08 28.72 0.0 4.42
21 1 2007 11.5 28.01 0.0 4.33
22 1 2007 10.31 28.83 0.0 4.99
23 1 2007 10.62 29.87 0.0 5.61
24 1 2007 11.66 31.46 0.0 6.32
25 1 2007 11.73 32.35 0.0 5.17
26 1 2007 14.12 32.85 0.0 5.88
27 1 2007 14.16 32.44 0.0 5.12
28 1 2007 15.31 32.96 0.0 4.32
29 1 2007 17.56 33.93 0.44 4.46
30 1 2007 16.09 31.46 0.85 4.05
31 1 2007 15.75 33.01 0.02 4.89
1 2 2007 13.22 32.12 0.0 4.5
2 2 2007 13.23 33.63 0.0 5.44
3 2 2007 13.86 33.22 0.0 5.39
4 2 2007 12.68 32.26 0.0 4.12
5 2 2007 13.12 32.69 0.0 4.72
6 2 2007 15.73 31.5 0.0 4.8
7 2 2007 16.16 31.55 0.03 4.05
8 2 2007 14.17 31.78 0.0 5.26
9 2 2007 15.58 30.73 1.15 4.33
10 2 2007 17.33 30.67 3.94 5.2
11 2 2007 16.71 27.59 0.64 4.86
12 2 2007 13.12 27.98 0.0 4.37
13 2 2007 14.09 26.54 1.0 4.02
14 2 2007 11.35 28.12 0.0 4.19
15 2 2007 13.51 27.54 0.0 4.27
16 2 2007 12.0 28.79 0.0 4.11
17 2 2007 12.15 28.9 0.0 4.12
18 2 2007 12.57 30.57 0.0 4.8
19 2 2007 13.37 31.61 0.0 4.84
20 2 2007 13.44 33.19 0.0 5.51
21 2 2007 15.76 34.02 0.0 6.3
22 2 2007 16.41 33.87 0.0 5.8
23 2 2007 17.07 34.17 0.05 5.39
24 2 2007 18.51 34.23 2.94 5.07
25 2 2007 17.55 32.89 0.32 5.5
26 2 2007 15.15 31.69 0.0 4.99
27 2 2007 16.77 33.43 0.0 6.01
28 2 2007 15.8 32.94 0.01 6.31
1 3 2007 16.23 29.29 1.06 5.06
2 3 2007 12.83 29.44 0.0 6.25
3 3 2007 13.05 32.74 0.0 6.28
4 3 2007 14.44 33.01 0.0 5.95
5 3 2007 14.44 33.0 0.0 6.23
6 3 2007 14.59 32.65 0.0 6.4
7 3 2007 13.83 32.68 0.0 6.79
8 3 2007 14.4 33.35 0.0 6.14
9 3 2007 16.41 33.23 0.0 5.9
10 3 2007 18.55 33.11 0.0 5.48
11 3 2007 17.58 33.89 0.04 6.0
12 3 2007 18.21 33.82 0.02 7.26
13 3 2007 18.45 31.86 0.05 6.08
14 3 2007 15.39 32.55 0.0 6.77
15 3 2007 13.9 32.73 0.0 7.36
16 3 2007 14.39 35.75 0.0 6.37
17 3 2007 16.53 37.33 0.0 6.53
18 3 2007 18.81 39.1 0.0 7.01
19 3 2007 19.95 38.69 0.0 6.68
20 3 2007 21.69 37.49 0.0 8.11
21 3 2007 21.76 36.44 0.0 7.8
22 3 2007 18.49 36.99 0.0 7.55
23 3 2007 16.84 37.01 0.0 7.56
24 3 2007 17.78 37.07 0.0 8.06
25 3 2007 17.96 36.41 0.0 7.86
26 3 2007 18.41 37.37 0.0 6.62
27 3 2007 18.83 39.04 0.0 7.13
28 3 2007 19.27 40.61 0.0 6.93
29 3 2007 19.78 40.95 0.0 6.7
30 3 2007 21.31 41.8 0.0 6.53
31 3 2007 23.23 41.62 0.0 7.17
1 4 2007 24.57 41.65 0.0 9.65
2 4 2007 22.22 39.98 0.0 9.81
3 4 2007 19.65 40.32 0.0 8.44
4 4 2007 19.74 40.73 0.0 8.15
5 4 2007 20.71 41.12 0.0 7.63
6 4 2007 21.22 42.53 0.0 8.13
7 4 2007 23.65 42.14 0.0 8.16
8 4 2007 22.2 41.28 0.02 8.94
9 4 2007 23.46 40.24 0.0 7.19
10 4 2007 22.32 41.21 0.0 7.05
11 4 2007 22.84 41.85 0.0 8.9
12 4 2007 22.94 41.58 0.0 8.25
13 4 2007 23.08 41.65 0.0 7.97
14 4 2007 22.12 42.36 0.0 7.38
15 4 2007 24.44 43.51 0.0 6.65
16 4 2007 25.36 43.9 0.0 7.66
17 4 2007 26.96 44.03 0.0 7.67
18 4 2007 26.65 43.75 0.0 6.43
19 4 2007 26.4 42.66 0.37 6.76
20 4 2007 27.18 42.15 1.06 7.1
21 4 2007 25.83 41.4 0.11 9.42
22 4 2007 23.76 40.24 0.0 9.96
23 4 2007 23.53 40.26 0.0 10.02
24 4 2007 22.87 40.33 0.03 8.5
25 4 2007 24.33 42.21 0.14 8.61
26 4 2007 24.86 43.11 0.0 8.41
27 4 2007 25.48 43.78 0.0 8.69
28 4 2007 25.8 43.33 0.0 10.34
29 4 2007 26.44 43.76 0.0 10.53
30 4 2007 26.87 44.78 0.0 10.46
1 5 2007 26.25 45.19 0.0 7.76
2 5 2007 27.01 45.93 0.0 9.32
3 5 2007 27.83 45.17 0.0 7.89
4 5 2007 27.27 44.87 0.14 7.85
5 5 2007 28.34 44.8 0.03 6.22
6 5 2007 30.4 44.63 0.06 8.25
7 5 2007 29.83 43.83 4.72 9.22
8 5 2007 27.13 42.28 0.56 10.37
9 5 2007 25.69 43.11 0.15 11.04
10 5 2007 25.55 42.62 0.0 9.58
11 5 2007 26.45 43.64 0.0 12.14
12 5 2007 26.49 41.93 0.0 11.33
13 5 2007 25.8 40.87 0.0 10.43
14 5 2007 26.75 41.79 0.0 11.25
15 5 2007 26.07 41.53 0.0 11.49
16 5 2007 25.16 41.48 0.0 11.21
17 5 2007 26.97 42.26 0.0 10.19
18 5 2007 27.6 43.4 0.76 11.44
19 5 2007 27.29 42.23 0.42 11.36
20 5 2007 28.15 40.75 0.0 11.06
21 5 2007 27.93 40.19 0.02 10.87
22 5 2007 26.87 40.56 0.09 10.87
23 5 2007 26.01 40.84 0.0 10.44
24 5 2007 25.98 40.96 0.0 10.88
25 5 2007 25.98 40.67 0.0 11.59
26 5 2007 26.32 40.26 0.0 10.58
27 5 2007 25.28 40.8 0.01 9.1
28 5 2007 26.44 41.1 1.01 9.33
29 5 2007 27.1 36.8 11.17 6.54
30 5 2007 24.75 39.4 0.05 7.33
31 5 2007 27.0 42.12 0.0 7.58
1 6 2007 27.7 44.07 0.0 8.24
2 6 2007 28.65 43.39 0.54 11.16
3 6 2007 28.62 36.02 0.73 6.68
4 6 2007 27.29 33.94 0.74 5.16
5 6 2007 27.59 37.01 6.78 7.25
6 6 2007 26.55 37.75 0.99 7.84
7 6 2007 27.95 41.76 0.0 9.86
8 6 2007 28.53 43.45 0.0 10.62
9 6 2007 29.66 42.32 0.0 11.46
10 6 2007 27.99 42.3 0.0 12.3
11 6 2007 27.23 41.52 0.0 11.57
12 6 2007 28.38 42.79 0.0 11.48
13 6 2007 30.19 40.56 0.03 10.33
14 6 2007 29.33 39.92 8.21 9.89
15 6 2007 26.69 33.38 6.71 5.33
16 6 2007 26.69 33.8 0.18 5.81
17 6 2007 26.69 35.03 0.03 6.42
18 6 2007 26.59 31.61 0.2 6.05
19 6 2007 26.55 31.2 3.25 5.46
20 6 2007 25.45 34.12 34.46 4.86
21 6 2007 26.02 34.62 13.96 4.61
22 6 2007 24.51 33.55 2.37 6.17
23 6 2007 26.43 38.87 0.24 8.6
24 6 2007 26.27 35.98 1.72 7.57
25 6 2007 25.37 34.29 1.31 5.54
26 6 2007 24.54 35.95 0.44 6.18
27 6 2007 25.43 33.01 19.55 5.57
28 6 2007 24.58 34.69 6.29 3.95
29 6 2007 25.83 31.85 6.35 4.49
30 6 2007 25.76 34.97 7.62 4.96
1 7 2007 27.19 36.18 8.56 4.97
2 7 2007 26.06 32.69 10.33 3.69
3 7 2007 25.18 29.29 33.71 2.54
4 7 2007 24.95 30.54 20.59 3.33
5 7 2007 24.98 32.35 9.9 3.46
6 7 2007 24.93 31.62 6.66 3.22
7 7 2007 25.17 30.36 17.87 2.8
8 7 2007 24.8 30.57 37.65 2.8
9 7 2007 24.82 28.83 38.7 2.78
10 7 2007 24.86 31.08 16.99 2.84
11 7 2007 25.22 28.15 6.71 2.68
12 7 2007 25.13 30.93 5.38 3.41
13 7 2007 25.45 29.73 8.68 3.99
14 7 2007 25.31 31.16 1.32 3.82
15 7 2007 25.1 32.09 0.22 4.45
16 7 2007 24.56 32.9 0.86 5.08
17 7 2007 24.32 31.61 8.43 4.9
18 7 2007 24.32 32.05 1.13 5.08
19 7 2007 24.09 31.88 0.0 5.01
20 7 2007 23.72 31.05 0.0 4.86
21 7 2007 23.98 31.01 0.02 4.76
22 7 2007 23.86 31.46 0.01 4.72
23 7 2007 23.58 31.69 0.01 5.3
24 7 2007 24.38 32.72 1.38 4.86
25 7 2007 24.74 30.63 5.43 4.31
26 7 2007 23.92 30.33 2.6 3.66
27 7 2007 24.27 31.25 0.14 4.41
28 7 2007 24.47 30.87 14.11 4.44
29 7 2007 24.17 30.9 6.5 4.3
30 7 2007 24.33 31.39 1.8 4.48
31 7 2007 24.91 29.78 0.5 4.15
1 8 2007 24.66 30.84 9.48 4.48
2 8 2007 24.42 30.08 6.64 4.05
3 8 2007 23.78 31.37 24.76 3.88
4 8 2007 23.8 30.98 13.43 3.48
5 8 2007 24.42 30.15 20.61 3.65
6 8 2007 24.12 31.23 10.88 2.38
7 8 2007 25.25 31.0 12.08 3.18
8 8 2007 25.17 30.11 25.09 2.73
9 8 2007 24.08 31.99 6.32 3.91
10 8 2007 23.62 30.92 0.76 3.43
11 8 2007 23.1 31.19 0.47 3.34
12 8 2007 24.07 30.47 2.47 3.39
13 8 2007 23.76 29.8 2.0 3.11
14 8 2007 23.62 29.66 1.97 2.75
15 8 2007 23.66 30.37 0.48 3.88
16 8 2007 23.25 29.15 0.02 3.88
17 8 2007 23.54 30.91 0.08 4.11
18 8 2007 22.62 29.94 0.11 4.19
19 8 2007 23.18 30.81 0.02 4.51
20 8 2007 23.49 29.17 10.5 2.97
21 8 2007 23.4 28.48 17.4 2.62
22 8 2007 23.44 30.46 8.89 2.63
23 8 2007 23.33 30.83 0.2 4.15
24 8 2007 22.79 31.48 0.0 3.93
25 8 2007 23.15 31.68 0.02 4.58
26 8 2007 24.47 32.08 1.18 3.93
27 8 2007 24.88 31.62 8.16 2.8
28 8 2007 23.75 33.25 12.52 4.14
29 8 2007 25.17 31.28 7.31 3.39
30 8 2007 24.41 31.49 9.94 3.92
31 8 2007 23.24 30.72 2.48 3.99
1 9 2007 24.73 30.2 6.41 3.84
2 9 2007 24.52 31.64 5.18 3.82
3 9 2007 25.15 29.98 1.15 3.73
4 9 2007 23.8 31.46 0.81 3.53
5 9 2007 24.88 30.31 1.45 3.94
6 9 2007 23.65 28.52 8.62 2.99
7 9 2007 23.19 28.77 8.47 3.74
8 9 2007 23.35 30.13 0.61 4.08
9 9 2007 21.63 30.64 0.1 4.16
10 9 2007 21.6 30.87 0.06 4.39
11 9 2007 22.23 30.86 0.01 4.16
12 9 2007 21.96 31.15 1.82 4.53
13 9 2007 21.67 31.27 0.01 4.55
14 9 2007 21.96 31.14 0.0 4.48
15 9 2007 21.55 30.87 8.1 4.28
16 9 2007 21.9 31.3 0.92 4.42
17 9 2007 22.08 32.44 0.0 4.41
18 9 2007 23.23 33.63 1.85 4.53
19 9 2007 24.08 34.01 2.68 4.73
20 9 2007 24.2 32.39 6.37 4.05
21 9 2007 24.73 31.12 3.95 4.0
22 9 2007 24.09 33.08 3.11 4.48
23 9 2007 22.98 31.64 1.64 4.21
24 9 2007 22.19 31.01 0.55 4.28
25 9 2007 21.96 29.83 3.07 2.57
26 9 2007 22.36 31.38 0.93 3.45
27 9 2007 22.64 32.2 1.33 3.89
28 9 2007 20.02 33.73 0.02 4.74
29 9 2007 19.37 34.13 0.0 4.42
30 9 2007 21.19 33.62 0.0 4.62
1 10 2007 22.03 33.86 0.0 4.59
2 10 2007 19.98 34.36 0.0 4.74
3 10 2007 17.74 34.3 0.0 5.14
4 10 2007 17.92 33.5 0.0 5.09
5 10 2007 17.7 33.91 0.0 4.84
6 10 2007 18.36 34.25 0.0 4.89
7 10 2007 17.05 34.34 0.0 5.23
8 10 2007 16.76 33.84 0.0 5.14
9 10 2007 17.2 32.62 0.0 4.81
10 10 2007 17.59 32.35 0.0 4.47
11 10 2007 19.35 33.08 0.0 4.37
12 10 2007 19.79 35.1 0.0 4.56
13 10 2007 17.0 33.88 0.0 4.73
14 10 2007 17.13 33.66 0.0 4.48
15 10 2007 17.51 33.86 0.0 4.38
16 10 2007 17.23 33.9 0.0 4.32
17 10 2007 16.4 34.35 0.0 4.22
18 10 2007 17.96 34.29 0.0 4.11
19 10 2007 18.54 34.35 0.0 3.98
20 10 2007 18.38 34.48 0.0 4.39
21 10 2007 16.98 34.58 0.0 4.52
22 10 2007 17.74 33.73 0.0 4.35
23 10 2007 17.71 34.03 0.0 4.1
24 10 2007 18.19 34.05 0.0 4.24
25 10 2007 17.6 34.31 0.0 4.6
26 10 2007 16.55 34.44 0.0 4.54
27 10 2007 16.96 34.7 0.0 4.19
28 10 2007 17.73 35.77 0.0 4.44
29 10 2007 16.86 34.83 0.0 4.33
30 10 2007 16.63 34.14 0.0 5.19
31 10 2007 16.42 34.05 0.0 5.17
1 11 2007 17.95 34.12 0.01 5.21
2 11 2007 18.25 34.26 0.0 5.32
3 11 2007 18.48 34.71 0.0 5.35
4 11 2007 19.9 35.15 0.0 4.26
5 11 2007 17.89 34.3 0.0 4.33
6 11 2007 18.56 36.21 0.0 3.98
7 11 2007 18.94 35.32 0.0 4.29
8 11 2007 20.12 35.87 0.0 4.16
9 11 2007 19.75 35.26 0.0 4.34
10 11 2007 17.77 34.3 0.0 3.9
11 11 2007 19.29 34.98 0.0 3.88
12 11 2007 19.96 34.4 0.0 4.42
13 11 2007 18.04 34.51 0.0 4.29
14 11 2007 15.62 33.93 0.0 4.19
15 11 2007 16.4 33.69 0.0 4.48
16 11 2007 14.89 34.05 0.0 4.61
17 11 2007 13.34 32.77 0.0 4.71
18 11 2007 13.25 31.96 0.0 4.03
19 11 2007 12.97 31.5 0.0 4.49
20 11 2007 13.56 31.9 0.0 4.43
21 11 2007 12.44 32.76 0.0 4.56
22 11 2007 14.18 33.15 0.0 4.28
23 11 2007 14.26 33.25 0.0 3.94
24 11 2007 13.2 33.23 0.0 4.28
25 11 2007 13.72 33.29 0.0 3.94
26 11 2007 12.77 32.65 0.0 3.81
27 11 2007 12.44 31.56 0.0 3.76
28 11 2007 15.08 31.19 0.0 3.56
29 11 2007 18.01 29.93 0.0 3.79
30 11 2007 15.37 30.41 0.0 3.6
1 12 2007 15.23 30.73 0.04 3.69
2 12 2007 16.8 26.37 0.42 2.68
3 12 2007 13.53 28.69 0.08 3.96
4 12 2007 12.83 28.6 0.0 4.3
5 12 2007 12.54 29.0 0.0 4.12
6 12 2007 14.3 27.31 0.0 3.83
7 12 2007 13.07 29.15 0.0 3.37
8 12 2007 12.19 29.62 0.0 3.45
9 12 2007 12.13 29.57 0.0 3.59
10 12 2007 12.62 30.04 0.0 3.87
11 12 2007 12.3 29.01 0.0 3.57
12 12 2007 13.34 27.55 0.4 3.97
13 12 2007 11.61 26.39 0.0 4.56
14 12 2007 11.33 24.57 0.0 5.01
15 12 2007 8.05 25.8 0.0 4.41
16 12 2007 10.48 27.08 0.0 4.65
17 12 2007 11.29 27.98 0.0 4.97
18 12 2007 11.15 29.22 0.0 3.95
19 12 2007 11.48 29.04 0.0 3.4
20 12 2007 11.75 31.1 0.0 3.67
21 12 2007 12.52 32.45 0.0 3.81
22 12 2007 12.54 32.8 0.0 4.08
23 12 2007 14.19 33.49 0.0 3.81
24 12 2007 17.04 32.48 0.01 4.07
25 12 2007 16.96 31.65 0.0 4.31
26 12 2007 14.75 30.8 0.0 4.51
27 12 2007 14.06 30.37 0.0 4.18
28 12 2007 11.48 28.85 0.0 3.81
29 12 2007 11.28 28.62 0.0 3.75
30 12 2007 9.38 28.68 0.0 4.01
31 12 2007 10.44 29.65 0.0 4.56
1 1 2008 10.63 27.98 0.0 4.02
2 1 2008 11.07 26.96 0.0 5.55
3 1 2008 9.59 27.92 0.0 5.82
4 1 2008 11.79 28.57 0.0 4.72
5 1 2008 12.12 30.18 0.0 4.5
6 1 2008 14.12 30.88 0.0 3.51
7 1 2008 14.09 31.33 0.0 4.73
8 1 2008 14.83 29.57 0.0 4.0
9 1 2008 15.21 30.65 0.0 3.89
10 1 2008 13.59 28.92 0.0 3.93
11 1 2008 11.01 25.95 0.0 4.29
12 1 2008 9.86 26.01 0.0 5.13
13 1 2008 10.93 27.73 0.0 5.36
14 1 2008 10.58 29.12 0.0 5.53
15 1 2008 13.06 28.36 0.0 5.15
16 1 2008 13.54 31.4 0.0 4.08
17 1 2008 13.6 32.51 0.0 5.07
18 1 2008 12.77 29.17 0.0 5.13
19 1 2008 7.44 25.69 0.0 4.5
20 1 2008 8.0 25.69 0.0 4.89
21 1 2008 7.02 26.0 0.0 5.29
22 1 2008 9.88 24.4 0.0 4.87
23 1 2008 7.41 25.49 0.0 4.74
24 1 2008 6.47 24.85 0.0 5.12
25 1 2008 7.71 25.21 0.0 4.45
26 1 2008 7.02 24.05 0.0 3.26
27 1 2008 7.39 25.12 0.0 4.47
28 1 2008 7.52 26.89 0.0 4.42
29 1 2008 10.37 26.27 0.0 5.01
30 1 2008 10.07 25.12 0.0 3.88
31 1 2008 7.58 24.18 0.0 4.82
1 2 2008 6.63 25.88 0.0 3.68
2 2 2008 7.98 28.69 0.0 5.42
3 2 2008 12.69 26.06 0.0 4.1
4 2 2008 7.6 24.08 0.0 3.98
5 2 2008 5.98 22.87 0.0 3.55
6 2 2008 8.55 23.48 0.0 4.48
7 2 2008 5.78 22.32 0.0 4.18
8 2 2008 6.33 22.87 0.0 5.0
9 2 2008 5.46 22.69 0.0 4.72
10 2 2008 5.73 24.98 0.0 4.73
11 2 2008 6.79 26.55 0.0 5.81
12 2 2008 6.92 26.55 0.0 6.38
13 2 2008 6.69 28.76 0.0 6.18
14 2 2008 8.19 30.52 0.0 5.45
15 2 2008 10.51 32.48 0.0 5.16
16 2 2008 12.26 33.46 0.0 5.54
17 2 2008 12.86 33.4 0.0 5.22
18 2 2008 12.91 33.64 0.0 6.11
19 2 2008 13.08 33.38 0.0 5.56
20 2 2008 12.19 33.73 0.0 5.72
21 2 2008 13.13 34.33 0.0 5.22
22 2 2008 15.98 34.48 0.0 6.63
23 2 2008 16.03 32.65 0.0 5.17
24 2 2008 15.01 31.08 0.0 5.37
25 2 2008 12.94 31.06 0.0 6.02
26 2 2008 12.09 32.68 0.0 6.47
27 2 2008 11.75 34.62 0.0 6.99
28 2 2008 13.69 36.15 0.0 6.48
29 2 2008 16.09 36.39 0.0 5.15
1 3 2008 18.48 36.22 0.0 6.26
2 3 2008 16.25 35.87 0.0 6.16
3 3 2008 16.93 35.29 0.0 5.14
4 3 2008 16.84 35.92 0.0 4.39
5 3 2008 18.31 37.26 0.0 6.26
6 3 2008 18.43 37.46 0.0 6.75
7 3 2008 18.17 37.08 0.0 7.4
8 3 2008 16.44 36.33 0.0 6.67
9 3 2008 15.9 37.08 0.0 6.2
10 3 2008 20.12 34.41 0.0 7.74
11 3 2008 20.93 32.98 0.0 7.32
12 3 2008 20.61 35.36 0.01 7.37
13 3 2008 18.11 35.49 0.11 6.01
14 3 2008 19.61 36.52 0.0 7.03
15 3 2008 19.65 36.69 0.0 6.1
16 3 2008 18.98 37.81 0.0 6.74
17 3 2008 19.9 39.18 0.0 6.59
18 3 2008 19.33 38.77 0.0 7.79
19 3 2008 19.75 37.68 0.0 7.47
20 3 2008 19.67 37.86 0.0 5.43
21 3 2008 18.14 38.58 0.0 6.82
22 3 2008 20.1 39.13 0.0 6.42
23 3 2008 20.51 39.37 0.0 5.87
24 3 2008 20.65 37.15 0.33 6.3
25 3 2008 22.31 38.3 0.0 6.18
26 3 2008 22.02 38.22 0.0 5.86
27 3 2008 23.43 38.94 0.0 5.93
28 3 2008 23.05 39.95 0.0 7.2
29 3 2008 22.73 40.19 0.0 6.63
30 3 2008 21.44 38.08 0.25 6.53
31 3 2008 22.09 37.23 0.09 8.09
1 4 2008 17.87 35.78 0.03 7.38
2 4 2008 20.34 36.5 0.0 7.68
3 4 2008 19.5 35.7 0.61 6.45
4 4 2008 19.76 31.42 4.79 5.64
5 4 2008 19.47 32.73 0.23 5.24
6 4 2008 19.67 36.05 0.01 6.78
7 4 2008 20.19 37.26 0.0 7.9
8 4 2008 21.13 38.56 0.0 7.31
9 4 2008 21.36 39.37 0.0 6.77
10 4 2008 21.53 40.85 0.0 7.6
11 4 2008 23.06 40.87 0.0 9.05
12 4 2008 21.65 41.05 0.0 8.56
13 4 2008 23.93 41.09 0.25 8.96
14 4 2008 23.05 40.6 0.13 9.17
15 4 2008 22.02 40.51 0.0 9.6
16 4 2008 22.55 39.14 0.0 8.56
17 4 2008 22.71 39.52 0.0 7.77
18 4 2008 21.26 39.97 0.0 8.3
19 4 2008 21.01 40.78 0.0 8.86
20 4 2008 21.72 41.2 0.0 8.96
21 4 2008 23.23 40.83 0.0 8.73
22 4 2008 24.83 41.85 0.0 9.41
23 4 2008 23.3 42.02 0.0 8.7
24 4 2008 23.58 42.35 0.0 9.15
25 4 2008 24.42 44.23 0.0 10.39
26 4 2008 25.47 44.25 0.0 10.16
27 4 2008 25.72 43.77 0.0 9.85
28 4 2008 24.01 43.97 0.0 7.78
29 4 2008 23.67 42.54 0.0 10.09
30 4 2008 23.69 42.72 0.0 10.9
1 5 2008 26.13 41.07 0.0 11.51
2 5 2008 23.57 41.83 0.0 10.7
3 5 2008 24.46 41.96 0.0 11.22
4 5 2008 23.96 40.92 0.0 10.87
5 5 2008 23.66 40.83 0.0 10.86
6 5 2008 24.4 39.13 0.08 9.14
7 5 2008 25.98 40.18 0.1 9.33
8 5 2008 25.99 40.73 0.89 9.87
9 5 2008 25.63 39.85 1.53 8.68
10 5 2008 25.94 38.81 4.2 9.41
11 5 2008 23.86 40.51 0.02 9.21
12 5 2008 24.09 40.43 0.0 10.31
13 5 2008 25.21 40.19 0.01 10.09
14 5 2008 25.3 41.33 0.07 11.27
15 5 2008 24.01 40.92 0.0 11.04
16 5 2008 24.6 40.36 0.0 11.46
17 5 2008 24.3 41.62 0.0 12.31
18 5 2008 24.41 40.69 0.0 12.44
19 5 2008 24.34 40.55 0.0 11.67
20 5 2008 25.32 39.9 0.0 10.55
21 5 2008 24.83 39.35 0.0 10.89
22 5 2008 25.22 40.0 0.0 10.44
23 5 2008 25.91 40.4 0.15 9.9
24 5 2008 26.4 41.11 0.52 9.49
25 5 2008 25.52 41.87 0.0 10.54
26 5 2008 25.61 41.94 0.0 10.53
27 5 2008 27.23 42.54 0.0 10.41
28 5 2008 26.99 42.19 0.12 11.81
29 5 2008 26.33 41.63 0.01 11.43
30 5 2008 26.73 41.18 0.0 10.3
31 5 2008 27.39 41.38 0.3 10.63
1 6 2008 27.46 40.87 0.18 10.68
2 6 2008 28.51 40.96 0.52 8.58
3 6 2008 29.78 40.58 3.92 8.65
4 6 2008 27.96 39.16 6.9 8.28
5 6 2008 27.33 38.18 0.01 8.75
6 6 2008 26.71 35.76 0.93 7.79
7 6 2008 26.26 36.75 2.12 7.75
8 6 2008 26.28 36.98 8.93 6.2
9 6 2008 25.89 33.8 3.43 5.85
10 6 2008 25.4 34.82 3.29 5.53
11 6 2008 25.44 35.25 5.35 6.39
12 6 2008 25.3 34.06 7.7 4.26
13 6 2008 25.09 32.41 2.51 5.54
14 6 2008 24.85 33.58 0.44 5.23
15 6 2008 25.19 34.75 0.63 6.81
16 6 2008 25.38 36.43 0.3 6.7
17 6 2008 25.56 34.63 0.75 5.67
18 6 2008 25.18 36.87 1.02 7.43
19 6 2008 25.48 35.62 2.34 6.51
20 6 2008 25.55 30.72 6.78 4.71
21 6 2008 25.23 36.68 1.1 6.87
22 6 2008 25.65 37.88 0.01 7.63
23 6 2008 26.55 37.87 0.0 7.86
24 6 2008 27.1 37.85 0.21 7.84
25 6 2008 27.25 34.88 1.49 6.48
26 6 2008 26.12 35.08 7.95 5.54
27 6 2008 25.6 34.05 8.87 5.38
28 6 2008 25.26 33.55 10.76 4.44
29 6 2008 24.89 33.38 9.96 5.42
30 6 2008 25.05 32.29 8.56 4.57
1 7 2008 24.76 34.54 3.86 5.24
2 7 2008 25.36 32.44 18.02 5.22
3 7 2008 25.08 34.08 0.73 5.07
4 7 2008 25.08 33.25 0.37 5.76
5 7 2008 24.81 34.74 0.12 5.82
6 7 2008 24.98 34.58 0.02 5.82
7 7 2008 24.95 32.21 2.47 4.29
8 7 2008 24.47 31.7 7.37 3.32
9 7 2008 24.58 30.29 16.1 3.0
10 7 2008 24.4 28.53 47.5 2.62
11 7 2008 24.45 28.89 16.17 1.8
12 7 2008 24.12 29.94 6.13 3.07
13 7 2008 24.16 31.61 3.1 3.93
14 7 2008 24.32 31.87 1.12 4.79
15 7 2008 24.7 32.91 0.2 4.85
16 7 2008 24.03 33.01 0.0 4.99
17 7 2008 24.22 33.48 0.0 4.99
18 7 2008 24.39 32.21 0.01 4.98
19 7 2008 24.23 33.18 0.24 5.08
20 7 2008 24.87 32.08 0.09 5.29
21 7 2008 24.31 34.01 0.07 5.65
22 7 2008 24.42 32.9 0.03 5.26
23 7 2008 24.25 32.01 0.0 5.14
24 7 2008 24.13 33.25 0.5 4.88
25 7 2008 24.69 32.69 0.11 4.72
26 7 2008 24.76 34.03 4.5 4.41
27 7 2008 24.23 29.51 11.06 2.1
28 7 2008 24.73 30.91 37.81 3.73
29 7 2008 24.3 32.26 7.63 3.6
30 7 2008 23.9 31.93 4.17 3.72
31 7 2008 23.64 27.84 1.61 2.65
1 8 2008 24.33 27.98 6.95 2.28
2 8 2008 23.91 31.58 6.97 3.7
3 8 2008 24.75 30.55 5.22 4.17
4 8 2008 24.2 29.97 17.39 2.76
5 8 2008 24.0 30.61 28.83 3.3
6 8 2008 24.29 30.73 3.32 3.27
7 8 2008 23.71 30.75 1.91 3.72
8 8 2008 23.43 30.69 1.2 3.18
9 8 2008 23.81 31.01 2.17 3.65
10 8 2008 23.91 29.95 4.39 2.77
11 8 2008 25.01 31.48 16.15 3.53
12 8 2008 24.94 29.32 33.29 2.49
13 8 2008 23.9 31.49 8.49 3.19
14 8 2008 24.21 29.43 6.15 2.59
15 8 2008 23.41 30.62 1.07 3.86
16 8 2008 23.99 30.65 0.05 3.98
17 8 2008 23.82 31.14 0.0 3.95
18 8 2008 23.48 31.01 0.01 4.38
19 8 2008 22.9 30.37 0.02 4.27
20 8 2008 22.3 29.87 0.01 3.81
21 8 2008 22.57 29.9 0.01 4.11
22 8 2008 21.15 29.66 0.0 4.45
23 8 2008 21.76 30.48 0.01 4.14
24 8 2008 22.88 30.99 4.65 3.38
25 8 2008 23.84 30.58 9.35 2.07
26 8 2008 23.97 29.99 4.91 2.75
27 8 2008 23.84 29.24 0.63 2.68
28 8 2008 23.26 28.91 0.1 3.16
29 8 2008 23.14 31.23 0.0 4.14
30 8 2008 22.28 31.3 0.0 4.52
31 8 2008 22.43 31.07 0.0 4.09
1 9 2008 21.66 32.26 0.0 4.84
2 9 2008 22.9 33.23 1.33 4.9
3 9 2008 23.48 33.57 3.2 4.9
4 9 2008 23.91 32.38 1.4 4.73
5 9 2008 24.29 31.44 1.54 4.35
6 9 2008 23.73 30.94 8.44 4.25
7 9 2008 22.48 31.77 2.27 3.82
8 9 2008 24.59 33.08 1.11 4.86
9 9 2008 23.6 32.21 3.08 3.16
10 9 2008 23.71 32.05 0.66 4.31
11 9 2008 24.07 30.48 10.26 3.09
12 9 2008 24.43 30.33 8.43 4.11
13 9 2008 23.77 31.06 10.36 4.13
14 9 2008 23.98 31.25 3.35 3.9
15 9 2008 24.01 28.19 17.49 2.96
16 9 2008 23.53 30.08 15.26 3.09
17 9 2008 23.57 30.58 11.67 3.43
18 9 2008 23.96 29.38 6.02 3.35
19 9 2008 23.35 29.06 4.49 3.11
20 9 2008 22.15 31.92 0.42 4.51
21 9 2008 22.64 30.96 0.06 4.4
22 9 2008 21.33 30.7 0.0 4.22
23 9 2008 19.98 30.46 0.0 4.2
24 9 2008 20.04 30.84 0.0 4.36
25 9 2008 20.01 31.19 0.0 4.58
26 9 2008 20.48 30.83 0.0 4.6
27 9 2008 20.73 30.57 0.0 4.55
28 9 2008 19.9 30.58 0.0 4.47
29 9 2008 19.76 30.83 0.0 4.47
30 9 2008 19.18 31.37 0.0 4.22
1 10 2008 20.52 33.14 0.04 4.07
2 10 2008 22.26 34.2 0.63 4.27
3 10 2008 22.7 34.56 0.05 4.26
4 10 2008 23.58 35.6 0.0 4.22
5 10 2008 22.83 35.53 0.02 4.91
6 10 2008 22.16 34.62 0.0 4.69
7 10 2008 22.77 32.0 1.82 4.18
8 10 2008 20.62 33.63 0.31 4.2
9 10 2008 21.49 34.34 0.0 4.31
10 10 2008 22.74 36.23 0.0 4.52
11 10 2008 21.78 36.65 0.0 4.85
12 10 2008 20.54 37.06 0.0 4.56
13 10 2008 22.05 37.51 0.0 4.44
14 10 2008 20.07 36.81 0.0 4.51
15 10 2008 19.8 36.33 0.0 4.15
16 10 2008 20.28 35.69 0.0 4.64
17 10 2008 20.92 35.43 0.0 4.69
18 10 2008 20.15 35.71 0.0 4.72
19 10 2008 17.9 35.38 0.0 4.53
20 10 2008 16.82 34.34 0.0 4.44
21 10 2008 16.19 35.18 0.0 4.72
22 10 2008 16.37 35.3 0.0 4.65
23 10 2008 17.15 35.57 0.0 4.65
24 10 2008 18.09 35.11 0.0 3.76
25 10 2008 18.58 35.58 0.0 3.77
26 10 2008 18.26 36.23 0.0 4.14
27 10 2008 16.91 36.6 0.0 5.15
28 10 2008 17.81 35.5 0.0 4.54
29 10 2008 18.75 35.26 0.0 4.64
30 10 2008 18.06 35.26 0.0 4.54
31 10 2008 17.65 35.47 0.0 4.74
1 11 2008 17.12 35.68 0.0 4.77
2 11 2008 17.27 36.15 0.0 4.59
3 11 2008 17.29 36.69 0.0 4.6
4 11 2008 17.98 36.93 0.0 5.58
5 11 2008 16.01 35.98 0.0 5.22
6 11 2008 16.4 35.68 0.0 4.76
7 11 2008 16.19 35.81 0.0 5.03
8 11 2008 16.02 35.55 0.0 4.67
9 11 2008 15.83 35.55 0.0 4.67
10 11 2008 15.96 34.43 0.0 4.82
11 11 2008 16.44 34.24 0.0 4.04
12 11 2008 17.08 33.3 0.0 4.08
13 11 2008 19.6 33.34 0.0 3.95
14 11 2008 16.19 32.65 0.0 3.68
15 11 2008 15.51 33.47 0.0 3.75
16 11 2008 16.23 32.84 0.0 4.14
17 11 2008 16.36 32.36 0.0 5.25
18 11 2008 20.01 28.22 2.74 3.89
19 11 2008 18.87 27.56 1.36 3.18
20 11 2008 16.53 32.46 0.03 4.49
21 11 2008 12.15 30.87 0.0 5.88
22 11 2008 11.93 30.67 0.0 4.82
23 11 2008 12.09 31.72 0.0 4.95
24 11 2008 12.69 33.48 0.0 4.59
25 11 2008 13.02 34.04 0.0 4.21
26 11 2008 13.05 33.38 0.0 4.37
27 11 2008 13.1 32.77 0.0 5.48
28 11 2008 12.92 32.04 0.0 5.83
29 11 2008 13.57 32.62 0.0 4.97
30 11 2008 15.31 27.9 0.42 4.07
1 12 2008 16.88 25.77 0.45 3.35
2 12 2008 15.9 32.08 0.25 3.8
3 12 2008 16.15 33.3 0.0 4.3
4 12 2008 18.16 33.97 0.0 3.59
5 12 2008 18.69 33.87 0.0 3.83
6 12 2008 19.05 31.29 0.01 3.78
7 12 2008 19.31 30.93 0.0 4.15
8 12 2008 16.24 33.79 0.0 4.47
9 12 2008 15.91 33.37 0.0 3.56
10 12 2008 15.39 32.02 0.0 4.82
11 12 2008 15.12 30.9 0.0 4.21
12 12 2008 14.96 30.15 0.0 4.43
13 12 2008 15.33 31.98 0.0 3.87
14 12 2008 16.32 31.73 0.0 3.9
15 12 2008 15.92 32.33 0.0 3.71
16 12 2008 16.27 31.67 0.01 4.09
17 12 2008 17.64 33.01 0.0 4.26
18 12 2008 17.82 32.65 0.0 5.02
19 12 2008 18.05 31.48 0.0 4.34
20 12 2008 17.28 33.16 0.0 3.78
21 12 2008 17.58 27.55 0.0 3.66
22 12 2008 14.68 30.03 0.0 4.65
23 12 2008 12.01 30.24 0.0 4.74
24 12 2008 10.93 30.48 0.0 3.78
25 12 2008 11.16 31.51 0.0 4.11
26 12 2008 11.66 31.09 0.0 4.66
27 12 2008 12.23 29.32 0.0 3.79
28 12 2008 10.89 28.75 0.0 3.44
29 12 2008 10.86 29.39 0.0 3.56
30 12 2008 11.46 30.12 0.0 3.81
31 12 2008 11.62 29.23 0.0 5.22
1 1 2009 10.24 27.75 0.0 4.89
2 1 2009 9.72 28.97 0.0 3.96
3 1 2009 11.16 30.33 0.0 4.21
4 1 2009 10.73 29.48 0.0 4.0
5 1 2009 12.86 27.16 0.0 3.5
6 1 2009 10.55 26.43 0.0 3.68
7 1 2009 10.19 26.44 0.0 4.36
8 1 2009 11.11 24.84 0.05 4.28
9 1 2009 13.89 23.54 0.7 2.75
10 1 2009 11.58 27.12 0.11 2.78
11 1 2009 13.34 28.25 0.0 3.31
12 1 2009 14.93 28.69 0.0 4.04
13 1 2009 14.98 30.3 0.0 3.33
14 1 2009 16.43 31.14 0.0 3.42
15 1 2009 16.76 31.26 0.0 3.57
16 1 2009 16.64 32.4 0.0 4.33
17 1 2009 17.04 31.33 0.0 3.93
18 1 2009 16.22 30.87 0.0 3.72
19 1 2009 14.47 29.66 0.0 4.49
20 1 2009 14.78 28.43 0.0 4.06
21 1 2009 16.21 22.73 0.0 3.78
22 1 2009 12.67 31.28 0.0 3.99
23 1 2009 13.05 32.78 0.0 5.36
24 1 2009 15.97 29.68 0.0 5.02
25 1 2009 16.65 31.96 0.0 5.25
26 1 2009 13.84 30.49 0.0 4.77
27 1 2009 11.12 30.18 0.0 4.56
28 1 2009 11.01 30.62 0.0 4.82
29 1 2009 11.14 29.97 0.0 4.48
30 1 2009 11.33 31.81 0.0 5.96
31 1 2009 10.84 30.07 0.0 6.32
1 2 2009 11.4 31.1 0.0 5.32
2 2 2009 11.08 31.95 0.0 4.82
3 2 2009 11.98 32.21 0.0 5.01
4 2 2009 12.4 31.74 0.0 5.37
5 2 2009 13.73 30.53 0.0 4.6
6 2 2009 13.22 29.93 0.0 4.26
7 2 2009 12.45 30.83 0.0 5.77
8 2 2009 12.11 32.26 0.0 5.48
9 2 2009 13.17 33.05 0.0 6.0
10 2 2009 14.1 29.15 0.0 5.92
11 2 2009 11.17 27.44 0.0 5.04
12 2 2009 10.43 28.67 0.0 4.26
13 2 2009 12.19 30.54 0.0 4.77
14 2 2009 14.32 31.5 0.0 4.35
15 2 2009 14.01 30.68 0.0 5.16
16 2 2009 12.49 31.91 0.0 5.25
17 2 2009 13.91 33.32 0.0 5.61
18 2 2009 13.56 33.47 0.0 5.71
19 2 2009 14.79 34.17 0.0 6.4
20 2 2009 15.78 34.85 0.0 5.63
21 2 2009 16.53 36.28 0.0 5.22
22 2 2009 17.27 35.42 0.0 6.26
23 2 2009 18.68 34.64 0.0 6.49
24 2 2009 16.79 35.27 0.0 6.39
25 2 2009 19.16 36.37 0.0 5.22
26 2 2009 21.62 37.23 0.0 6.95
27 2 2009 18.36 36.86 0.0 6.61
28 2 2009 18.05 36.74 0.0 6.17
1 3 2009 17.4 38.94 0.0 6.9
2 3 2009 20.37 40.07 0.0 7.37
3 3 2009 19.74 38.67 0.0 7.4
4 3 2009 18.5 37.28 0.0 7.5
5 3 2009 18.48 36.5 0.0 6.48
6 3 2009 16.73 36.31 0.0 7.13
7 3 2009 16.13 34.77 0.0 6.91
8 3 2009 16.22 35.02 0.0 6.25
9 3 2009 17.28 35.83 0.01 5.96
10 3 2009 17.37 36.71 0.0 5.89
11 3 2009 16.8 36.17 0.0 7.43
12 3 2009 17.1 35.74 0.0 5.66
13 3 2009 17.05 37.73 0.0 6.08
14 3 2009 20.49 37.72 0.01 5.85
15 3 2009 18.04 37.24 0.0 6.73
16 3 2009 17.14 37.19 0.0 7.18
17 3 2009 19.05 36.95 0.0 6.75
18 3 2009 20.26 37.27 0.0 7.56
19 3 2009 19.74 37.33 0.0 7.07
20 3 2009 20.65 37.17 2.69 6.43
21 3 2009 21.01 33.3 11.64 5.08
22 3 2009 18.8 34.63 1.5 5.22
23 3 2009 18.72 35.05 0.18 5.74
24 3 2009 18.09 35.73 0.0 6.06
25 3 2009 19.57 35.95 0.0 7.15
26 3 2009 17.1 35.42 0.0 6.22
27 3 2009 19.84 31.76 0.01 5.01
28 3 2009 18.8 34.83 0.0 6.65
29 3 2009 21.12 37.47 0.0 7.08
30 3 2009 19.99 38.33 0.0 7.59
31 3 2009 21.07 38.41 0.0 7.24
1 4 2009 22.52 39.73 0.0 8.02
2 4 2009 24.14 40.68 0.0 7.97
3 4 2009 23.85 39.65 0.0 8.65
4 4 2009 21.3 39.52 0.0 8.14
5 4 2009 23.15 36.8 0.0 8.65
6 4 2009 23.19 38.41 0.06 8.01
7 4 2009 21.42 37.4 0.0 8.88
8 4 2009 19.63 34.73 0.27 8.24
9 4 2009 19.81 35.17 0.02 7.69
10 4 2009 18.19 37.17 0.0 9.21
11 4 2009 18.92 39.67 0.0 7.86
12 4 2009 20.54 41.23 0.0 7.33
13 4 2009 21.13 41.92 0.0 8.63
14 4 2009 21.69 41.98 0.0 9.86
15 4 2009 23.03 40.26 0.0 8.07
16 4 2009 23.4 40.57 0.0 8.31
17 4 2009 22.79 41.0 0.0 8.13
18 4 2009 21.58 41.74 0.0 8.32
19 4 2009 22.65 43.77 0.0 7.38
20 4 2009 24.07 43.65 0.0 11.08
21 4 2009 23.28 40.7 0.0 11.27
22 4 2009 22.12 40.31 0.0 8.84
23 4 2009 21.07 40.37 0.0 8.01
24 4 2009 22.89 40.66 0.0 8.81
25 4 2009 22.83 41.52 0.0 8.46
26 4 2009 22.95 42.58 0.0 8.99
27 4 2009 22.33 43.64 0.0 8.04
28 4 2009 24.37 45.2 0.0 9.4
29 4 2009 26.0 46.1 0.0 10.67
30 4 2009 26.14 45.08 0.0 10.81
1 5 2009 25.96 44.23 0.0 11.2
2 5 2009 25.38 43.72 0.0 10.34
3 5 2009 24.65 43.46 0.0 9.88
4 5 2009 25.37 41.62 0.0 10.25
5 5 2009 24.65 40.65 0.0 10.53
6 5 2009 25.85 40.43 0.01 7.87
7 5 2009 24.36 40.11 11.5 8.11
8 5 2009 23.66 40.86 0.0 8.77
9 5 2009 22.75 41.78 0.0 10.28
10 5 2009 23.25 41.61 0.0 10.97
11 5 2009 24.95 41.32 0.0 10.21
12 5 2009 26.83 42.32 0.0 9.62
13 5 2009 27.28 43.52 0.0 10.44
14 5 2009 27.08 44.83 0.0 12.39
15 5 2009 26.6 43.87 0.03 11.75
16 5 2009 26.86 44.12 0.02 11.11
17 5 2009 27.33 45.13 1.67 11.03
18 5 2009 27.65 44.22 2.65 10.58
19 5 2009 27.99 42.07 0.16 9.64
20 5 2009 28.91 41.94 0.74 10.78
21 5 2009 28.13 44.21 0.0 10.17
22 5 2009 30.12 45.0 0.0 10.34
23 5 2009 29.95 40.07 0.0 8.21
24 5 2009 29.31 43.09 0.53 10.23
25 5 2009 26.56 41.95 3.4 11.21
26 5 2009 25.75 42.08 0.0 11.99
27 5 2009 26.28 42.12 0.0 10.98
28 5 2009 27.68 43.08 0.0 11.43
29 5 2009 27.56 42.7 0.0 11.53
30 5 2009 26.61 40.48 0.17 10.17
31 5 2009 28.26 41.43 0.02 10.82
1 6 2009 28.24 40.32 0.12 10.18
2 6 2009 28.45 40.55 0.06 11.3
3 6 2009 28.01 40.33 0.0 10.91
4 6 2009 28.19 42.54 0.0 11.44
5 6 2009 27.8 42.08 0.0 11.43
6 6 2009 27.83 41.54 0.0 11.29
7 6 2009 27.65 41.36 0.0 11.44
8 6 2009 27.08 40.91 0.0 11.06
9 6 2009 27.8 41.67 0.0 11.04
10 6 2009 27.54 42.0 0.0 10.55
11 6 2009 28.04 41.8 0.0 11.35
12 6 2009 28.43 40.92 0.0 10.97
13 6 2009 27.93 41.07 0.07 10.16
14 6 2009 28.48 39.94 9.4 9.58
15 6 2009 26.3 39.36 1.83 9.08
16 6 2009 26.46 36.33 11.67 7.6
17 6 2009 25.47 37.12 5.36 6.93
18 6 2009 26.03 39.42 0.0 7.24
19 6 2009 26.22 40.15 0.0 7.2
20 6 2009 27.05 41.54 0.0 7.84
21 6 2009 26.84 41.31 0.0 9.1
22 6 2009 27.08 39.13 1.59 7.75
23 6 2009 27.37 39.46 11.16 7.0
24 6 2009 25.63 35.53 2.79 6.47
25 6 2009 25.51 37.26 3.64 6.87
26 6 2009 26.3 37.28 3.05 6.41
27 6 2009 26.43 36.24 2.92 5.54
28 6 2009 26.08 32.86 9.63 4.53
29 6 2009 25.69 34.35 0.81 4.4
30 6 2009 26.76 36.65 0.27 6.44
1 7 2009 26.43 36.37 1.18 6.78
2 7 2009 25.76 32.28 16.71 5.42
3 7 2009 25.52 33.05 3.48 5.21
4 7 2009 25.88 36.32 0.01 6.38
5 7 2009 25.65 40.17 0.0 6.95
6 7 2009 26.03 41.53 0.03 7.39
7 7 2009 27.32 40.84 0.16 7.99
8 7 2009 27.19 39.4 0.94 7.37
9 7 2009 27.08 33.5 23.58 3.89
10 7 2009 26.23 32.57 32.54 3.75
11 7 2009 25.45 30.93 4.07 4.28
12 7 2009 24.8 34.94 0.32 5.74
13 7 2009 25.95 32.38 6.92 4.42
14 7 2009 25.69 31.43 9.52 3.41
15 7 2009 25.23 34.12 7.26 4.41
16 7 2009 26.32 33.39 23.48 4.24
17 7 2009 24.69 32.71 32.04 2.48
18 7 2009 25.51 31.26 7.38 3.26
19 7 2009 24.58 32.26 0.37 4.57
20 7 2009 24.77 30.8 2.58 3.63
21 7 2009 24.98 30.8 31.66 2.94
22 7 2009 25.07 30.18 61.54 3.62
23 7 2009 25.36 32.54 23.99 2.47
24 7 2009 25.03 31.74 4.0 3.64
25 7 2009 25.32 31.4 2.62 3.47
26 7 2009 24.88 32.04 10.78 2.82
27 7 2009 24.38 31.82 2.33 3.72
28 7 2009 23.7 30.74 0.21 4.04
29 7 2009 24.08 32.13 0.07 3.73
30 7 2009 24.48 31.36 0.01 3.89
31 7 2009 24.1 31.31 0.0 4.13
1 8 2009 23.62 31.37 0.0 4.47
2 8 2009 24.38 32.31 0.0 4.19
3 8 2009 24.26 32.12 0.0 4.76
4 8 2009 24.43 31.83 0.21 4.36
5 8 2009 23.12 31.51 0.36 4.03
6 8 2009 23.74 31.87 0.57 4.33
7 8 2009 24.0 32.27 0.31 4.28
8 8 2009 24.41 32.29 0.04 4.53
9 8 2009 24.8 32.35 0.04 4.26
10 8 2009 24.68 32.61 0.01 4.7
11 8 2009 24.84 30.7 0.32 4.4
12 8 2009 24.49 29.75 3.68 2.99
13 8 2009 24.17 28.75 32.93 1.62
14 8 2009 23.91 27.62 13.39 3.14
15 8 2009 23.69 29.98 2.77 3.06
16 8 2009 24.37 28.94 2.69 2.8
17 8 2009 24.19 29.47 1.39 3.74
18 8 2009 23.94 28.62 0.08 4.27
19 8 2009 22.96 31.44 0.0 4.77
20 8 2009 22.55 32.15 0.0 4.77
21 8 2009 23.67 32.04 0.0 4.92
22 8 2009 23.37 32.35 0.0 4.66
23 8 2009 23.01 32.69 0.0 4.83
24 8 2009 23.48 33.33 0.16 5.08
25 8 2009 23.77 33.26 0.71 4.44
26 8 2009 24.42 30.27 18.44 3.47
27 8 2009 23.56 29.94 8.46 3.58
28 8 2009 24.12 30.1 13.43 3.25
29 8 2009 24.41 30.62 34.07 2.37
30 8 2009 24.24 28.86 7.75 2.79
31 8 2009 23.58 30.85 0.2 3.52
1 9 2009 24.02 31.28 0.09 3.97
2 9 2009 24.8 29.92 18.81 4.24
3 9 2009 24.33 31.68 11.95 4.03
4 9 2009 23.75 32.27 4.41 3.74
5 9 2009 23.34 32.32 3.23 4.25
6 9 2009 23.39 32.05 1.76 4.52
7 9 2009 22.69 32.92 0.05 4.91
8 9 2009 21.76 33.39 0.02 5.04
9 9 2009 21.56 31.3 1.47 4.58
10 9 2009 22.92 31.83 1.0 4.45
11 9 2009 22.9 31.08 0.39 4.77
12 9 2009 21.55 32.53 0.0 4.76
13 9 2009 21.37 33.52 0.0 5.13
14 9 2009 20.89 32.78 1.77 5.13
15 9 2009 20.12 31.19 0.05 4.73
16 9 2009 19.55 31.02 0.0 4.67
17 9 2009 19.68 32.91 0.0 5.0
18 9 2009 20.49 34.17 0.0 5.04
19 9 2009 21.47 34.76 0.0 5.25
20 9 2009 21.54 34.3 0.0 5.44
21 9 2009 21.29 35.31 0.0 5.52
22 9 2009 20.61 35.99 0.0 5.66
23 9 2009 21.44 36.27 0.0 5.83
24 9 2009 22.79 36.65 0.0 5.9
25 9 2009 21.8 36.09 0.0 5.67
26 9 2009 21.71 35.83 0.0 5.56
27 9 2009 21.31 36.7 0.0 5.36
28 9 2009 22.44 37.15 0.0 5.87
29 9 2009 21.78 37.86 0.0 5.92
30 9 2009 23.14 38.69 0.0 5.84
1 10 2009 22.2 38.86 0.0 6.33
2 10 2009 23.47 37.41 0.11 6.56
3 10 2009 23.75 34.86 6.68 3.74
4 10 2009 23.6 33.78 10.95 3.05
5 10 2009 23.96 32.31 7.95 3.11
6 10 2009 22.32 35.69 0.21 4.78
7 10 2009 21.28 35.12 0.0 5.37
8 10 2009 20.95 33.1 0.0 5.21
9 10 2009 20.76 33.09 0.0 4.83
10 10 2009 18.9 33.33 0.0 4.76
11 10 2009 20.2 34.11 0.0 4.65
12 10 2009 21.84 34.73 0.0 4.53
13 10 2009 21.67 35.0 0.0 4.76
14 10 2009 21.19 34.98 0.0 4.98
15 10 2009 20.29 35.58 0.0 4.86
16 10 2009 20.29 35.33 0.01 4.83
17 10 2009 18.27 35.95 0.01 4.96
18 10 2009 18.98 35.3 0.0 4.7
19 10 2009 19.13 35.08 0.0 5.15
20 10 2009 19.0 34.92 0.0 5.2
21 10 2009 17.43 34.97 0.0 4.8
22 10 2009 16.19 36.07 0.0 5.35
23 10 2009 15.44 35.59 0.0 5.82
24 10 2009 14.61 35.23 0.0 5.38
25 10 2009 14.27 34.91 0.0 4.43
26 10 2009 14.83 35.14 0.0 4.32
27 10 2009 16.33 34.96 0.0 4.58
28 10 2009 16.3 35.17 0.0 4.39
29 10 2009 17.26 36.23 0.0 4.3
30 10 2009 17.03 36.66 0.0 4.9
31 10 2009 17.18 36.6 0.0 4.06
1 11 2009 18.26 36.11 0.0 3.71
2 11 2009 17.57 35.96 0.0 4.12
3 11 2009 17.26 35.69 0.0 4.51
4 11 2009 16.33 34.87 0.0 4.22
5 11 2009 16.63 34.02 0.0 4.86
6 11 2009 16.51 34.44 0.0 4.38
7 11 2009 17.25 35.08 0.0 4.24
8 11 2009 17.62 34.51 0.0 3.94
9 11 2009 18.62 34.94 0.0 4.59
10 11 2009 19.77 32.84 0.15 3.41
11 11 2009 19.8 29.75 5.92 3.8
12 11 2009 18.22 24.37 12.55 1.89
13 11 2009 17.79 29.82 2.91 2.15
14 11 2009 19.86 29.12 6.87 2.69
15 11 2009 18.32 29.87 6.13 2.79
16 11 2009 17.25 29.74 2.98 2.93
17 11 2009 13.51 29.61 0.44 3.53
18 11 2009 13.85 29.08 0.0 3.13
19 11 2009 13.82 29.1 0.0 3.56
20 11 2009 10.71 28.99 0.0 3.41
21 11 2009 10.28 28.8 0.0 3.35
22 11 2009 9.63 28.98 0.0 3.51
23 11 2009 10.55 28.77 0.0 3.41
24 11 2009 12.12 29.4 0.0 3.23
25 11 2009 13.83 30.11 0.0 3.26
26 11 2009 11.19 30.17 0.0 3.34
27 11 2009 11.36 30.34 0.0 3.31
28 11 2009 13.05 30.45 0.0 2.95
29 11 2009 12.31 30.12 0.0 3.2
30 11 2009 12.8 30.02 0.0 3.11
1 12 2009 13.63 29.08 0.0 3.15
2 12 2009 12.92 30.28 0.0 3.45
3 12 2009 12.56 29.86 0.0 3.3
4 12 2009 13.05 30.33 0.0 3.26
5 12 2009 14.23 30.13 0.0 3.42
6 12 2009 12.94 30.13 0.0 3.5
7 12 2009 12.37 29.04 0.0 3.04
8 12 2009 12.85 29.94 0.0 3.06
9 12 2009 14.63 31.19 0.0 3.53
10 12 2009 14.34 30.52 0.0 3.57
11 12 2009 13.42 31.21 0.0 3.59
12 12 2009 15.33 31.27 0.0 3.6
13 12 2009 15.13 30.03 0.0 3.32
14 12 2009 14.55 30.67 0.0 3.61
15 12 2009 15.05 30.68 0.0 3.42
16 12 2009 14.86 28.68 9.9 2.75
17 12 2009 13.7 26.55 0.3 2.7
18 12 2009 12.76 27.08 0.0 3.36
19 12 2009 11.12 27.04 0.0 3.29
20 12 2009 13.24 28.37 0.0 2.67
21 12 2009 14.8 28.42 0.0 2.67
22 12 2009 13.65 27.83 0.0 2.7
23 12 2009 15.75 27.84 0.0 2.65
24 12 2009 13.28 27.8 0.0 3.06
25 12 2009 10.15 27.66 0.0 3.31
26 12 2009 11.64 27.58 0.0 3.1
27 12 2009 11.03 27.37 0.0 3.25
28 12 2009 10.48 27.05 0.0 3.23
29 12 2009 12.73 27.62 0.0 2.81
30 12 2009 13.38 27.69 0.0 3.45
31 12 2009 9.36 26.55 0.0 3.12
1 1 2010 9.81 27.87 0.0 4.16
2 1 2010 10.3 29.32 0.01 3.9
3 1 2010 16.17 23.63 1.12 2.26
4 1 2010 11.76 26.8 0.0 3.36
5 1 2010 8.94 27.41 0.0 3.75
6 1 2010 8.87 27.48 0.0 4.11
7 1 2010 8.65 28.33 0.0 4.03
8 1 2010 9.96 28.16 0.0 3.42
9 1 2010 10.33 28.11 0.0 3.65
10 1 2010 10.78 28.54 0.0 4.06
11 1 2010 12.53 29.66 0.03 3.4
12 1 2010 15.3 27.94 0.07 3.14
13 1 2010 10.49 25.74 0.0 4.54
14 1 2010 8.59 25.08 0.0 4.15
15 1 2010 8.61 27.22 0.0 4.12
16 1 2010 9.45 28.43 0.0 4.28
17 1 2010 9.98 29.69 0.0 4.28
18 1 2010 9.56 29.26 0.0 3.78
19 1 2010 9.68 29.97 0.0 3.46
20 1 2010 9.98 30.48 0.0 3.68
21 1 2010 10.79 29.78 0.0 3.35
22 1 2010 13.15 30.96 0.0 4.05
23 1 2010 11.67 30.55 0.0 4.26
24 1 2010 11.73 29.51 0.0 4.52
25 1 2010 10.87 29.67 0.0 4.26
26 1 2010 10.8 30.28 0.0 3.96
27 1 2010 13.51 29.76 0.0 4.16
28 1 2010 12.17 29.12 0.0 3.94
29 1 2010 13.67 29.49 0.0 3.54
30 1 2010 12.55 30.09 0.0 4.23
31 1 2010 13.74 29.7 0.0 4.61
1 2 2010 11.15 28.33 0.0 4.28
2 2 2010 10.66 29.45 0.0 3.84
3 2 2010 12.61 29.85 0.38 5.36
4 2 2010 16.15 30.69 0.14 5.59
5 2 2010 15.57 30.71 0.0 4.4
6 2 2010 16.26 32.8 0.0 4.48
7 2 2010 16.45 32.87 0.0 4.73
8 2 2010 17.22 31.98 0.0 5.22
9 2 2010 15.33 29.85 0.0 5.79
10 2 2010 10.3 28.73 0.0 5.85
11 2 2010 10.1 29.23 0.7 5.09
12 2 2010 13.81 30.61 0.05 3.44
13 2 2010 12.69 30.25 0.0 3.69
14 2 2010 12.31 30.18 0.0 4.05
15 2 2010 12.9 30.2 0.0 4.9
16 2 2010 10.77 30.07 0.0 5.4
17 2 2010 10.36 29.44 0.0 6.32
18 2 2010 8.71 30.66 0.0 5.87
19 2 2010 10.04 32.91 0.0 6.2
20 2 2010 12.79 34.58 0.0 7.01
21 2 2010 15.68 35.08 0.0 6.52
22 2 2010 19.13 35.01 0.51 6.78
23 2 2010 16.4 32.04 0.01 5.85
24 2 2010 14.65 31.73 0.0 4.33
25 2 2010 14.74 32.93 0.0 4.88
26 2 2010 14.94 35.06 0.0 5.18
27 2 2010 16.17 35.98 0.0 5.98
28 2 2010 17.45 36.58 0.0 7.05
1 3 2010 19.4 36.51 0.0 6.67
2 3 2010 18.73 36.98 0.0 7.01
3 3 2010 20.44 34.86 0.0 7.08
4 3 2010 19.02 32.44 0.0 6.45
5 3 2010 19.41 34.21 0.0 5.44
6 3 2010 20.58 32.83 0.0 5.84
7 3 2010 16.83 32.15 0.0 5.43
8 3 2010 15.98 34.2 0.0 5.97
9 3 2010 16.27 35.56 0.0 7.36
10 3 2010 17.5 36.6 0.0 8.04
11 3 2010 17.99 37.62 0.05 7.11
12 3 2010 18.55 38.05 0.01 8.24
13 3 2010 17.78 38.51 0.0 6.34
14 3 2010 18.55 38.74 0.0 7.39
15 3 2010 19.73 38.8 0.0 7.89
16 3 2010 21.81 38.9 0.0 5.15
17 3 2010 22.32 40.19 0.0 5.56
18 3 2010 20.83 41.3 0.0 6.67
19 3 2010 21.91 41.15 0.0 7.65
20 3 2010 21.69 41.78 0.0 6.27
21 3 2010 21.69 42.03 0.0 7.49
22 3 2010 22.33 40.82 0.0 9.32
23 3 2010 20.8 39.09 0.0 8.46
24 3 2010 20.23 36.49 0.0 7.64
25 3 2010 20.59 38.3 0.0 7.89
26 3 2010 20.41 38.8 0.0 7.79
27 3 2010 22.14 39.48 0.0 7.79
28 3 2010 21.19 40.29 0.0 8.39
29 3 2010 21.94 41.12 0.0 9.17
30 3 2010 19.39 38.62 0.0 9.08
31 3 2010 22.03 37.83 0.0 9.39
1 4 2010 20.66 37.55 0.0 8.05
2 4 2010 21.0 38.2 0.0 8.62
3 4 2010 19.79 37.66 0.0 7.73
4 4 2010 20.98 39.82 0.0 6.35
5 4 2010 22.48 41.26 0.0 7.71
6 4 2010 22.48 41.66 0.0 8.62
7 4 2010 22.31 42.4 0.0 8.13
8 4 2010 24.78 41.69 0.0 7.07
9 4 2010 27.12 39.37 0.0 8.75
10 4 2010 22.76 41.44 0.0 10.63
11 4 2010 21.58 40.62 0.0 9.19
12 4 2010 24.14 41.87 0.0 9.21
13 4 2010 24.98 42.41 0.0 5.54
14 4 2010 24.87 43.12 0.0 6.32
15 4 2010 26.74 44.36 0.0 6.07
16 4 2010 25.69 45.88 0.0 8.77
17 4 2010 26.71 44.68 0.0 10.65
18 4 2010 24.27 43.4 0.0 12.17
19 4 2010 24.01 42.38 0.0 12.38
20 4 2010 23.4 40.71 0.0 11.59
21 4 2010 24.35 40.69 0.0 11.3
22 4 2010 26.4 41.03 0.0 10.4
23 4 2010 25.37 41.86 0.0 9.2
24 4 2010 24.89 41.76 0.0 9.83
25 4 2010 22.73 42.44 0.0 9.74
26 4 2010 25.76 42.51 0.0 8.79
27 4 2010 26.12 43.29 0.0 8.74
28 4 2010 26.55 42.64 0.0 9.01
29 4 2010 26.11 43.01 0.0 9.03
30 4 2010 27.27 41.65 0.37 9.15
1 5 2010 26.38 41.01 0.0 7.37
2 5 2010 26.23 43.16 0.0 9.94
3 5 2010 25.92 43.87 0.97 9.15
4 5 2010 26.69 43.83 0.02 10.94
5 5 2010 27.83 43.03 0.0 11.37
6 5 2010 26.51 42.23 0.0 10.59
7 5 2010 26.76 43.27 0.0 10.53
8 5 2010 27.06 42.94 0.0 9.98
9 5 2010 28.17 42.89 0.0 10.83
10 5 2010 26.94 42.57 0.0 10.92
11 5 2010 25.37 43.35 0.0 8.93
12 5 2010 28.01 44.95 0.0 8.01
13 5 2010 27.84 45.24 0.0 9.41
14 5 2010 27.27 43.53 0.0 11.33
15 5 2010 26.29 42.6 0.0 10.4
16 5 2010 27.07 43.45 0.0 10.38
17 5 2010 28.19 44.15 0.0 11.56
18 5 2010 27.49 44.78 0.0 11.24
19 5 2010 27.43 44.82 0.0 8.54
20 5 2010 30.77 46.17 0.0 11.3
21 5 2010 28.69 46.87 0.0 8.72
22 5 2010 28.48 47.68 0.0 10.17
23 5 2010 28.2 47.4 0.0 11.63
24 5 2010 29.58 46.33 0.0 14.67
25 5 2010 28.18 45.58 0.0 14.12
26 5 2010 26.94 43.72 0.0 13.08
27 5 2010 26.99 42.8 0.0 12.7
28 5 2010 27.35 42.81 0.0 12.52
29 5 2010 26.81 42.72 0.0 12.1
30 5 2010 27.25 40.66 0.0 10.28
31 5 2010 28.25 42.34 0.0 11.32
1 6 2010 27.64 42.11 0.0 11.86
2 6 2010 28.9 39.83 0.01 10.61
3 6 2010 28.9 36.26 0.05 9.04
4 6 2010 28.14 40.05 0.0 11.16
5 6 2010 27.83 40.74 0.0 11.63
6 6 2010 28.37 39.63 1.11 10.19
7 6 2010 26.76 35.95 3.53 7.77
8 6 2010 25.72 37.76 0.0 8.56
9 6 2010 26.12 40.57 0.0 7.73
10 6 2010 28.94 40.42 0.0 6.95
11 6 2010 31.44 44.26 0.0 9.08
12 6 2010 29.4 46.05 0.0 8.64
13 6 2010 30.64 46.38 0.0 9.52
14 6 2010 30.69 43.97 0.58 10.46
15 6 2010 27.81 34.68 11.96 5.14
16 6 2010 26.62 35.28 5.1 4.18
17 6 2010 25.62 41.06 0.94 7.21
18 6 2010 27.76 43.18 0.0 7.98
19 6 2010 28.21 44.44 0.0 7.49
20 6 2010 27.94 41.89 1.88 10.03
21 6 2010 27.59 41.82 0.29 10.68
22 6 2010 28.14 41.32 0.03 10.75
23 6 2010 28.05 40.85 0.09 10.15
24 6 2010 28.38 39.82 1.33 9.23
25 6 2010 28.82 38.1 4.1 8.35
26 6 2010 27.12 37.94 12.23 6.28
27 6 2010 27.05 37.93 11.95 7.1
28 6 2010 26.98 37.73 2.01 7.69
29 6 2010 26.07 38.09 0.62 7.33
30 6 2010 26.43 39.67 0.13 8.28
1 7 2010 27.02 37.57 0.44 7.11
2 7 2010 26.76 33.1 12.95 4.24
3 7 2010 26.05 35.29 34.52 5.01
4 7 2010 26.24 31.89 24.84 3.24
5 7 2010 25.16 30.83 22.52 3.83
6 7 2010 24.44 33.62 2.23 4.63
7 7 2010 25.69 30.83 5.12 5.13
8 7 2010 24.85 32.99 0.98 4.32
9 7 2010 25.3 34.28 0.5 5.46
10 7 2010 25.9 33.84 1.15 5.3
11 7 2010 25.58 31.03 0.16 4.77
12 7 2010 25.06 33.6 0.04 4.81
13 7 2010 24.6 34.25 0.01 5.19
14 7 2010 25.55 33.51 2.4 5.31
15 7 2010 25.19 34.99 4.33 4.94
16 7 2010 25.83 34.62 2.85 4.52
17 7 2010 26.62 35.05 2.71 5.3
18 7 2010 25.89 34.26 0.29 4.97
19 7 2010 26.09 32.63 0.03 4.1
20 7 2010 26.05 32.02 1.01 4.89
21 7 2010 25.81 33.91 6.55 4.72
22 7 2010 25.33 35.26 4.14 4.76
23 7 2010 24.5 31.42 3.83 4.43
24 7 2010 24.17 31.92 4.81 4.41
25 7 2010 24.94 28.12 34.21 2.79
26 7 2010 24.64 28.89 31.04 1.49
27 7 2010 23.62 28.88 17.72 3.59
28 7 2010 24.35 31.67 0.85 4.39
29 7 2010 23.94 31.39 0.01 4.93
30 7 2010 24.15 31.64 17.46 3.87
31 7 2010 24.09 28.94 12.21 3.13
1 8 2010 24.34 30.11 12.32 3.89
2 8 2010 24.51 30.43 15.14 3.65
3 8 2010 24.4 31.1 8.68 3.83
4 8 2010 24.15 30.07 7.02 3.24
5 8 2010 23.9 30.91 2.1 3.11
6 8 2010 24.34 30.24 48.91 3.06
7 8 2010 24.76 32.75 40.9 3.75
8 8 2010 24.57 30.66 53.48 4.1
9 8 2010 23.58 29.28 8.92 3.12
10 8 2010 23.58 27.89 3.25 3.21
11 8 2010 24.55 31.14 3.46 4.03
12 8 2010 24.83 29.8 5.24 2.19
13 8 2010 24.51 30.26 8.92 3.14
14 8 2010 24.59 27.04 5.22 3.32
15 8 2010 23.72 30.25 1.29 3.87
16 8 2010 23.95 30.83 3.58 2.81
17 8 2010 24.23 30.1 1.15 3.53
18 8 2010 24.19 29.95 16.37 3.44
19 8 2010 24.92 29.15 12.23 2.68
20 8 2010 24.28 29.0 9.73 2.66
21 8 2010 24.16 29.9 5.53 3.02
22 8 2010 24.12 29.62 1.47 3.63
23 8 2010 23.9 31.08 0.98 4.04
24 8 2010 24.42 30.62 8.44 3.84
25 8 2010 24.77 30.73 18.95 4.2
26 8 2010 24.1 31.04 6.39 3.96
27 8 2010 24.02 31.95 1.5 4.71
28 8 2010 25.3 32.91 0.08 4.71
29 8 2010 25.77 31.44 5.34 3.47
30 8 2010 25.42 30.6 28.14 3.11
31 8 2010 24.94 28.21 16.16 2.21
1 9 2010 23.58 30.68 0.77 3.0
2 9 2010 23.67 30.14 0.09 3.22
3 9 2010 24.42 30.61 0.96 3.19
4 9 2010 24.42 29.87 5.68 3.54
5 9 2010 24.14 28.16 31.85 2.2
6 9 2010 23.49 29.3 18.69 2.65
7 9 2010 23.62 30.71 17.09 2.92
8 9 2010 24.5 29.7 11.22 3.56
9 9 2010 24.56 27.8 9.38 2.93
10 9 2010 24.3 28.85 4.31 2.44
11 9 2010 23.21 28.78 1.49 2.9
12 9 2010 23.18 30.19 0.63 2.84
13 9 2010 24.54 28.3 12.71 2.5
14 9 2010 23.71 27.37 14.65 2.63
15 9 2010 23.31 30.05 3.0 3.83
16 9 2010 21.99 31.01 0.59 4.36
17 9 2010 22.43 31.12 0.03 4.56
18 9 2010 20.21 30.61 0.0 4.37
19 9 2010 20.39 29.4 0.61 4.27
20 9 2010 20.34 29.27 2.14 4.34
21 9 2010 17.69 29.91 0.01 4.3
22 9 2010 20.15 30.6 0.0 4.23
23 9 2010 20.36 30.45 0.0 4.41
24 9 2010 22.18 30.3 0.0 4.46
25 9 2010 20.1 30.95 0.0 4.39
26 9 2010 21.24 31.28 0.0 4.45
27 9 2010 19.99 31.36 0.0 4.68
28 9 2010 19.4 31.67 0.0 4.59
29 9 2010 20.6 31.62 0.0 4.59
30 9 2010 21.27 30.82 0.0 4.38
1 10 2010 20.0 31.34 0.0 4.52
2 10 2010 20.13 31.77 0.0 4.42
3 10 2010 20.0 31.81 0.0 4.3
4 10 2010 20.12 32.38 0.0 4.28
5 10 2010 21.32 32.94 0.0 4.36
6 10 2010 19.96 31.56 0.0 4.48
7 10 2010 18.54 31.43 0.0 4.28
8 10 2010 19.07 31.87 0.0 4.15
9 10 2010 18.93 32.23 0.0 4.36
10 10 2010 18.08 30.75 0.08 4.27
11 10 2010 19.48 29.65 1.12 3.58
12 10 2010 21.19 29.54 1.22 2.77
13 10 2010 21.53 31.33 0.52 3.8
14 10 2010 19.94 32.03 0.02 4.1
15 10 2010 19.68 32.76 0.0 4.48
16 10 2010 19.26 31.33 0.03 4.3
17 10 2010 20.3 31.33 0.06 3.87
18 10 2010 22.73 31.16 0.1 3.83
19 10 2010 22.59 31.54 0.63 3.62
20 10 2010 23.15 31.13 0.93 3.67
21 10 2010 21.31 32.42 0.13 4.23
22 10 2010 19.36 32.08 0.0 3.84
23 10 2010 18.94 31.86 0.0 3.86
24 10 2010 18.39 31.5 0.0 3.7
25 10 2010 19.09 31.87 0.09 3.64
26 10 2010 19.18 31.88 0.02 3.7
27 10 2010 19.42 32.86 0.0 3.59
28 10 2010 20.3 33.12 0.0 3.76
29 10 2010 19.07 32.52 0.0 3.22
30 10 2010 19.84 31.21 0.47 3.48
31 10 2010 18.66 31.43 0.03 4.45
1 11 2010 16.3 30.99 0.0 3.99
2 11 2010 15.19 29.93 0.0 3.87
3 11 2010 14.25 30.8 0.0 4.21
4 11 2010 15.43 31.71 0.0 4.36
5 11 2010 15.18 32.4 0.0 4.08
6 11 2010 14.9 31.92 0.0 3.89
7 11 2010 15.07 30.76 0.0 3.87
8 11 2010 16.37 31.01 0.59 3.92
9 11 2010 20.78 31.24 0.2 3.37
10 11 2010 21.54 29.41 1.03 2.9
11 11 2010 21.87 27.92 11.8 2.02
12 11 2010 21.38 29.18 4.47 2.42
13 11 2010 20.98 30.77 0.69 2.55
14 11 2010 20.32 31.76 0.07 2.98
15 11 2010 21.73 30.92 7.68 2.7
16 11 2010 22.4 28.8 14.01 2.92
17 11 2010 21.39 27.38 15.54 2.14
18 11 2010 19.02 28.08 1.47 2.94
19 11 2010 16.46 29.44 0.0 3.2
20 11 2010 13.94 28.62 0.0 3.27
21 11 2010 14.38 28.43 0.0 3.18
22 11 2010 16.91 24.55 4.92 1.59
23 11 2010 15.45 24.3 4.77 1.63
24 11 2010 18.01 26.49 3.12 1.9
25 11 2010 18.79 28.48 0.21 2.18
26 11 2010 19.4 28.25 0.01 2.27
27 11 2010 18.12 28.15 0.14 2.37
28 11 2010 17.48 28.5 0.72 2.85
29 11 2010 16.73 28.71 0.03 2.96
30 11 2010 14.93 28.87 0.0 3.13
1 12 2010 13.94 28.47 0.01 3.1
2 12 2010 14.85 28.08 0.03 3.43
3 12 2010 13.06 27.85 0.01 3.22
4 12 2010 11.85 26.76 0.0 3.18
5 12 2010 12.45 27.43 0.0 3.17
6 12 2010 12.51 27.67 0.0 3.19
7 12 2010 10.67 26.08 0.0 3.68
8 12 2010 10.98 26.9 0.0 2.97
9 12 2010 13.51 27.5 0.0 2.7
10 12 2010 11.58 25.87 0.0 2.83
11 12 2010 8.76 24.71 0.0 3.07
12 12 2010 7.25 24.15 0.0 2.63
13 12 2010 11.0 24.04 0.0 2.55
14 12 2010 8.83 25.46 0.0 2.83
15 12 2010 8.28 25.82 0.0 2.98
16 12 2010 8.5 26.58 0.0 2.86
17 12 2010 9.11 27.03 0.0 2.76
18 12 2010 10.16 27.3 0.0 3.03
19 12 2010 8.9 27.3 0.0 3.94
20 12 2010 8.01 25.87 0.0 3.3
21 12 2010 8.39 26.65 0.0 2.73
22 12 2010 11.46 26.62 0.0 3.21
23 12 2010 10.95 25.9 0.0 2.72
24 12 2010 10.84 26.62 0.0 2.74
25 12 2010 8.52 26.75 0.0 3.25
26 12 2010 8.7 26.88 0.0 2.81
27 12 2010 10.36 28.19 0.0 2.92
28 12 2010 14.06 27.34 0.21 2.93
29 12 2010 14.73 24.09 1.44 1.99
30 12 2010 11.91 25.05 0.14 2.32
31 12 2010 7.65 22.63 0.0 2.93
1 1 2011 6.02 24.07 0.0 3.26
2 1 2011 5.29 23.59 0.0 3.11
3 1 2011 5.51 23.7 0.0 3.62
4 1 2011 5.82 24.56 0.0 3.38
5 1 2011 5.89 24.69 0.0 3.45
6 1 2011 4.77 25.2 0.0 3.43
7 1 2011 5.87 26.05 0.0 3.1
8 1 2011 7.2 26.42 0.0 3.43
9 1 2011 5.55 25.65 0.0 4.3
10 1 2011 4.89 24.98 0.0 3.79
11 1 2011 5.68 26.29 0.0 3.06
12 1 2011 8.38 28.27 0.0 3.5
13 1 2011 10.53 27.92 0.0 3.39
14 1 2011 13.02 27.33 0.0 3.5
15 1 2011 10.24 25.94 0.0 3.71
16 1 2011 4.76 24.31 0.0 4.63
17 1 2011 6.79 27.27 0.0 4.29
18 1 2011 9.61 28.07 0.0 4.03
19 1 2011 8.37 27.13 0.0 4.59
20 1 2011 8.39 28.15 0.0 4.29
21 1 2011 8.7 29.36 0.0 4.24
22 1 2011 10.99 30.05 0.0 4.12
23 1 2011 11.76 29.23 0.0 3.93
24 1 2011 12.17 29.39 0.0 3.71
25 1 2011 11.51 28.56 0.0 4.4
26 1 2011 9.48 27.66 0.0 5.3
27 1 2011 9.29 28.9 0.0 5.27
28 1 2011 10.79 29.78 0.0 4.36
29 1 2011 11.03 29.55 0.0 4.61
30 1 2011 11.67 28.38 0.0 3.95
31 1 2011 11.29 28.93 0.0 5.04
1 2 2011 11.76 30.26 0.0 5.06
2 2 2011 12.0 31.74 0.0 4.84
3 2 2011 12.1 32.8 0.0 4.78
4 2 2011 13.15 33.78 0.0 4.94
5 2 2011 13.17 33.55 0.0 5.18
6 2 2011 14.69 32.01 0.0 5.33
7 2 2011 12.42 30.28 0.0 4.86
8 2 2011 14.58 29.9 0.0 4.28
9 2 2011 13.39 30.74 0.0 4.5
10 2 2011 12.55 31.98 0.0 4.6
11 2 2011 14.15 33.32 0.0 5.11
12 2 2011 15.45 33.65 0.0 5.5
13 2 2011 16.91 32.46 0.0 5.84
14 2 2011 15.63 31.76 0.13 5.32
15 2 2011 14.96 28.33 1.64 4.35
16 2 2011 13.38 27.34 0.02 4.33
17 2 2011 11.34 26.9 0.0 4.18
18 2 2011 12.24 28.13 0.0 4.76
19 2 2011 11.55 29.76 0.0 4.31
20 2 2011 11.85 29.9 0.0 4.57
21 2 2011 11.94 28.64 0.0 5.51
22 2 2011 11.67 29.9 0.0 4.88
23 2 2011 12.13 32.09 0.0 5.76
24 2 2011 13.26 31.51 0.0 5.79
25 2 2011 13.22 30.05 0.0 5.25
26 2 2011 13.44 31.26 0.0 4.8
27 2 2011 13.85 30.65 0.0 6.25
28 2 2011 14.06 32.32 0.01 6.15
1 3 2011 15.36 33.98 0.01 5.57
2 3 2011 16.51 34.73 0.0 6.26
3 3 2011 17.5 35.1 0.0 6.19
4 3 2011 17.5 34.07 0.0 5.8
5 3 2011 16.09 33.76 0.0 5.99
6 3 2011 15.49 35.08 0.0 6.11
7 3 2011 17.08 37.19 0.0 6.94
8 3 2011 17.0 36.53 0.0 7.52
9 3 2011 16.5 33.33 0.0 6.01
10 3 2011 15.16 32.74 0.0 7.99
11 3 2011 13.75 32.56 0.0 7.71
12 3 2011 13.66 33.87 0.0 6.75
13 3 2011 15.61 37.3 0.0 5.76
14 3 2011 16.69 38.57 0.0 6.6
15 3 2011 17.57 39.01 0.0 6.72
16 3 2011 18.1 39.51 0.0 5.85
17 3 2011 19.49 40.29 0.0 6.64
18 3 2011 21.17 40.03 0.0 9.12
19 3 2011 19.16 37.52 0.0 9.88
20 3 2011 18.63 36.8 0.0 7.61
21 3 2011 18.48 37.17 0.0 7.08
22 3 2011 17.74 36.2 0.0 7.74
23 3 2011 20.23 36.36 0.0 6.83
24 3 2011 18.45 36.59 0.0 6.32
25 3 2011 18.44 37.3 0.0 5.81
26 3 2011 18.73 38.6 0.0 6.9
27 3 2011 21.1 39.66 0.0 6.67
28 3 2011 20.66 39.51 0.0 9.42
29 3 2011 19.45 37.79 0.0 8.3
30 3 2011 20.69 38.26 0.0 7.82
31 3 2011 20.69 36.62 0.0 7.82
1 4 2011 20.98 37.66 0.0 7.18
2 4 2011 20.92 37.55 0.0 6.98
3 4 2011 19.56 36.48 0.0 8.34
4 4 2011 19.01 36.0 0.0 9.45
5 4 2011 19.06 37.8 0.0 6.92
6 4 2011 19.05 38.01 0.0 7.47
7 4 2011 21.66 38.71 0.01 7.42
8 4 2011 20.44 39.23 0.0 7.93
9 4 2011 21.03 39.23 0.0 6.6
10 4 2011 24.51 40.33 0.0 6.8
11 4 2011 23.73 38.9 0.0 7.53
12 4 2011 23.23 40.23 0.0 8.12
13 4 2011 23.16 38.98 0.0 6.91
14 4 2011 26.04 39.47 0.0 8.19
15 4 2011 23.68 40.36 0.0 7.59
16 4 2011 23.96 41.23 0.0 7.53
17 4 2011 25.58 40.24 0.0 9.19
18 4 2011 24.76 38.62 0.0 8.04
19 4 2011 21.35 39.63 0.0 8.56
20 4 2011 21.07 39.49 0.0 8.42
21 4 2011 22.03 40.23 0.0 7.56
22 4 2011 22.73 40.37 0.0 7.39
23 4 2011 23.37 41.31 0.0 7.96
24 4 2011 21.84 42.45 0.0 8.19
25 4 2011 23.3 43.12 0.0 9.16
26 4 2011 23.22 44.02 0.0 8.62
27 4 2011 24.29 44.03 0.0 9.48
28 4 2011 24.64 43.55 0.0 7.64
29 4 2011 27.1 43.62 0.0 9.87
30 4 2011 27.7 42.35 0.08 8.42
1 5 2011 26.69 42.91 0.12 8.16
2 5 2011 26.2 41.67 0.0 11.45
3 5 2011 25.63 41.32 0.0 11.05
4 5 2011 24.79 39.11 0.0 10.21
5 5 2011 25.51 39.9 0.0 9.92
6 5 2011 25.33 39.95 0.0 10.2
7 5 2011 24.15 40.74 0.0 7.65
8 5 2011 25.55 42.36 0.0 9.27
9 5 2011 26.83 42.82 0.0 11.25
10 5 2011 25.05 41.73 0.0 11.7
11 5 2011 25.35 42.12 0.0 11.12
12 5 2011 25.23 41.66 0.0 11.11
13 5 2011 26.15 41.13 0.0 10.17
14 5 2011 26.31 42.22 0.0 10.66
15 5 2011 26.43 42.99 0.0 10.04
16 5 2011 28.01 42.28 0.01 9.44
17 5 2011 28.19 44.01 0.0 9.55
18 5 2011 29.23 44.17 0.0 11.49
19 5 2011 27.97 42.67 0.0 12.42
20 5 2011 26.23 41.63 0.0 12.56
21 5 2011 26.36 40.74 0.0 11.41
22 5 2011 26.9 40.15 0.0 10.22
23 5 2011 26.87 40.16 0.05 9.82
24 5 2011 26.81 40.78 0.01 10.05
25 5 2011 27.23 42.1 0.0 10.7
26 5 2011 28.16 42.17 0.0 11.02
27 5 2011 28.14 43.04 1.31 10.75
28 5 2011 27.94 43.23 0.79 10.14
29 5 2011 28.6 43.8 0.0 10.81
30 5 2011 28.69 43.3 0.0 12.22
31 5 2011 27.58 41.98 0.0 11.76
1 6 2011 27.05 41.36 0.0 11.39
2 6 2011 28.95 40.78 0.2 9.68
3 6 2011 29.39 42.04 1.81 7.71
4 6 2011 28.33 42.69 0.17 9.36
5 6 2011 29.05 44.23 0.01 8.32
6 6 2011 30.51 45.62 0.0 8.67
7 6 2011 30.69 45.0 0.18 10.83
8 6 2011 30.32 43.7 0.12 11.32
9 6 2011 31.15 43.94 0.01 10.83
10 6 2011 30.09 43.64 0.0 10.52
11 6 2011 30.07 42.51 0.01 11.36
12 6 2011 27.39 42.0 0.0 10.25
13 6 2011 27.54 40.88 0.16 10.28
14 6 2011 28.49 41.32 15.61 9.52
15 6 2011 26.98 38.23 1.62 8.7
16 6 2011 26.84 38.63 0.06 8.37
17 6 2011 26.7 39.05 0.02 9.2
18 6 2011 27.01 38.36 0.0 8.78
19 6 2011 28.15 38.97 0.52 8.8
20 6 2011 28.34 40.19 1.18 9.92
21 6 2011 27.81 38.3 2.37 7.77
22 6 2011 28.17 35.89 19.31 5.14
23 6 2011 25.15 29.73 29.66 2.41
24 6 2011 24.97 33.76 11.38 4.1
25 6 2011 25.66 36.07 2.38 6.67
26 6 2011 25.83 33.48 0.13 5.28
27 6 2011 26.28 32.76 1.3 4.63
28 6 2011 26.24 32.98 24.57 4.0
29 6 2011 25.35 33.87 4.45 5.56
30 6 2011 25.33 35.86 0.08 6.51
1 7 2011 25.69 36.76 0.0 6.87
2 7 2011 25.83 36.01 0.19 6.28
3 7 2011 26.01 35.38 0.09 6.4
4 7 2011 25.62 35.77 1.59 5.81
5 7 2011 25.5 34.11 4.91 4.96
6 7 2011 25.77 33.4 5.23 4.4
7 7 2011 25.9 35.74 6.35 4.52
8 7 2011 25.37 32.3 15.03 3.9
9 7 2011 24.29 28.28 13.42 2.78
10 7 2011 23.92 31.48 18.8 4.05
11 7 2011 24.26 33.02 5.59 4.64
12 7 2011 24.28 34.66 1.81 4.3
13 7 2011 25.03 31.23 12.7 4.37
14 7 2011 24.95 32.26 9.89 4.13
15 7 2011 25.55 31.01 9.34 2.76
16 7 2011 24.86 30.0 5.5 3.44
17 7 2011 24.73 32.01 3.25 3.77
18 7 2011 24.83 33.07 3.89 4.8
19 7 2011 24.48 32.51 6.78 4.47
20 7 2011 24.71 32.53 6.65 4.23
21 7 2011 24.16 31.99 0.3 4.66
22 7 2011 24.19 30.75 5.85 3.45
23 7 2011 24.45 29.05 21.79 1.8
24 7 2011 24.56 30.83 19.95 2.82
25 7 2011 24.59 30.01 7.49 2.61
26 7 2011 24.08 33.15 0.27 4.54
27 7 2011 25.57 33.43 0.45 5.14
28 7 2011 25.01 30.51 12.88 4.25
29 7 2011 25.36 31.62 14.2 3.08
30 7 2011 24.7 29.35 3.55 2.86
31 7 2011 24.27 30.9 2.7 3.83
1 8 2011 24.48 31.15 17.53 3.72
2 8 2011 24.83 29.65 3.29 3.87
3 8 2011 24.22 31.19 13.72 4.28
4 8 2011 24.33 30.03 3.02 3.11
5 8 2011 24.4 29.55 2.71 3.67
6 8 2011 24.35 29.44 5.08 3.3
7 8 2011 24.5 31.28 6.94 3.2
8 8 2011 24.37 26.99 29.21 1.31
9 8 2011 24.19 28.97 34.22 1.51
10 8 2011 23.81 28.65 3.53 2.73
11 8 2011 23.56 29.64 3.2 3.04
12 8 2011 24.05 29.48 10.78 2.57
13 8 2011 23.55 28.63 13.8 2.59
14 8 2011 24.08 29.65 5.76 3.15
15 8 2011 23.87 27.91 11.51 2.38
16 8 2011 24.6 30.32 6.48 2.91
17 8 2011 24.05 30.17 1.6 4.29
18 8 2011 23.73 30.65 0.3 4.07
19 8 2011 23.34 31.11 1.32 3.23
20 8 2011 23.81 31.0 8.31 3.01
21 8 2011 23.65 30.65 2.93 3.36
22 8 2011 23.48 31.62 0.11 4.56
23 8 2011 24.5 30.79 21.96 4.52
24 8 2011 24.83 28.36 34.02 2.67
25 8 2011 23.83 29.69 32.29 3.19
26 8 2011 23.71 30.09 26.41 3.08
27 8 2011 23.71 30.69 12.85 3.97
28 8 2011 24.83 31.09 8.64 4.58
29 8 2011 24.83 28.69 17.51 2.61
30 8 2011 25.0 29.47 8.99 3.9
31 8 2011 24.65 29.86 7.21 3.7
1 9 2011 24.48 29.75 10.14 3.23
2 9 2011 24.12 29.64 7.02 3.15
3 9 2011 23.55 30.48 14.18 2.92
4 9 2011 24.47 29.65 13.18 2.96
5 9 2011 24.01 29.83 7.44 2.75
6 9 2011 23.61 27.66 8.31 2.49
7 9 2011 23.69 28.92 2.22 1.93
8 9 2011 23.26 28.3 1.33 3.13
9 9 2011 23.31 29.48 1.32 3.74
10 9 2011 23.36 29.73 6.89 3.32
11 9 2011 23.66 29.16 37.63 2.15
12 9 2011 23.45 29.43 24.22 2.96
13 9 2011 23.11 30.24 0.12 3.01
14 9 2011 22.83 30.46 1.98 3.84
15 9 2011 23.99 29.81 2.79 3.98
16 9 2011 23.8 28.83 2.39 3.38
17 9 2011 23.23 29.25 0.93 3.16
18 9 2011 22.65 29.23 2.3 2.42
19 9 2011 22.49 29.78 1.42 3.34
20 9 2011 21.48 29.64 4.89 3.73
21 9 2011 21.37 29.28 2.41 3.96
22 9 2011 20.65 29.07 1.15 3.61
23 9 2011 20.98 30.29 0.32 3.9
24 9 2011 20.96 30.44 0.23 4.21
25 9 2011 21.01 29.85 0.03 4.24
26 9 2011 20.82 29.48 0.0 4.09
27 9 2011 19.33 29.39 0.0 4.08
28 9 2011 19.05 29.61 0.0 4.21
29 9 2011 19.65 30.2 0.0 4.27
30 9 2011 20.11 30.61 0.03 4.34
1 10 2011 19.98 30.38 0.0 4.26
2 10 2011 18.32 29.75 0.0 4.27
3 10 2011 18.24 29.07 0.0 4.2
4 10 2011 17.55 28.85 0.0 4.09
5 10 2011 18.42 30.21 0.0 4.1
6 10 2011 19.6 31.17 0.0 4.11
7 10 2011 20.47 31.28 0.0 4.13
8 10 2011 21.11 31.65 0.0 4.38
9 10 2011 20.07 31.89 0.0 4.41
10 10 2011 19.65 31.53 0.0 4.09
11 10 2011 20.65 31.65 0.0 4.19
12 10 2011 20.37 31.12 0.0 4.17
13 10 2011 21.33 31.66 0.0 3.87
14 10 2011 21.82 32.18 0.0 3.61
15 10 2011 20.33 31.83 0.0 4.33
16 10 2011 20.87 33.12 0.0 4.13
17 10 2011 19.93 32.12 0.49 3.95
18 10 2011 20.18 32.41 0.07 4.22
19 10 2011 18.75 30.94 0.0 3.88
20 10 2011 19.4 31.44 0.0 3.76
21 10 2011 21.89 32.07 0.0 3.77
22 10 2011 17.33 31.45 0.0 3.89
23 10 2011 16.57 31.59 0.0 3.77
24 10 2011 18.24 31.58 0.0 3.32
25 10 2011 19.0 31.94 0.0 3.38
26 10 2011 16.94 31.99 0.0 4.06
27 10 2011 16.44 31.99 0.0 3.95
28 10 2011 15.79 31.15 0.0 3.99
29 10 2011 15.49 30.93 0.0 4.1
30 10 2011 14.58 30.48 0.0 4.0
31 10 2011 14.45 30.23 0.0 3.72
1 11 2011 15.53 31.09 0.0 3.92
2 11 2011 15.12 31.34 0.0 4.06
3 11 2011 15.94 31.19 0.0 3.51
4 11 2011 16.62 31.44 0.0 3.67
5 11 2011 17.03 32.51 0.0 3.57
6 11 2011 17.99 32.87 0.0 3.39
7 11 2011 18.79 33.11 0.0 3.33
8 11 2011 19.4 32.76 0.0 3.27
9 11 2011 17.8 32.2 0.0 3.18
10 11 2011 17.13 32.65 0.0 3.37
11 11 2011 17.33 33.09 0.0 3.75
12 11 2011 17.29 32.79 0.0 3.83
13 11 2011 17.15 32.93 0.0 3.81
14 11 2011 16.66 32.41 0.0 3.83
15 11 2011 15.82 32.33 0.0 3.7
16 11 2011 16.69 32.19 0.0 3.16
17 11 2011 15.73 32.33 0.0 3.11
18 11 2011 15.82 32.8 0.0 3.28
19 11 2011 16.24 33.05 0.0 3.31
20 11 2011 14.99 33.07 0.0 4.0
21 11 2011 14.33 32.48 0.0 4.08
22 11 2011 14.19 30.92 0.0 3.84
23 11 2011 13.58 29.57 0.0 3.83
24 11 2011 14.09 29.49 0.0 3.41
25 11 2011 14.27 29.53 0.0 3.39
26 11 2011 14.34 30.05 0.0 3.32
27 11 2011 15.27 30.52 0.0 3.65
28 11 2011 16.94 30.02 0.0 3.32
29 11 2011 16.4 30.69 0.0 3.89
30 11 2011 15.01 32.17 0.0 3.9
1 12 2011 14.46 31.58 0.0 4.14
2 12 2011 13.23 30.85 0.0 4.11
3 12 2011 14.08 32.05 0.0 3.29
4 12 2011 16.44 32.72 0.0 3.08
5 12 2011 16.76 32.27 0.0 3.56
6 12 2011 16.63 32.19 0.0 3.8
7 12 2011 14.7 31.73 0.0 3.88
8 12 2011 13.3 31.8 0.0 4.48
9 12 2011 13.46 29.99 0.0 3.78
10 12 2011 12.62 28.98 0.0 4.41
11 12 2011 8.57 27.85 0.0 4.67
12 12 2011 8.72 28.87 0.0 4.74
13 12 2011 8.82 28.55 0.0 4.1
14 12 2011 9.64 29.7 0.0 3.77
15 12 2011 10.15 29.71 0.0 3.86
16 12 2011 10.08 29.51 0.0 4.0
17 12 2011 10.42 30.05 0.0 3.98
18 12 2011 10.58 29.19 0.0 3.71
19 12 2011 10.23 28.51 0.0 3.68
20 12 2011 10.33 28.98 0.0 4.04
21 12 2011 10.1 28.25 0.0 4.12
22 12 2011 10.97 28.7 0.0 3.79
23 12 2011 11.72 29.14 0.0 3.78
24 12 2011 10.94 30.07 0.0 3.81
25 12 2011 11.08 29.52 0.0 3.82
26 12 2011 10.6 28.98 0.0 3.84
27 12 2011 9.51 28.07 0.0 3.54
28 12 2011 9.62 28.1 0.0 4.2
29 12 2011 9.67 26.83 0.0 4.71
30 12 2011 10.24 27.2 0.0 4.02
31 12 2011 10.84 27.65 0.44 4.36
1 1 2012 11.92 24.77 0.42 3.03
2 1 2012 9.81 25.85 0.01 3.66
3 1 2012 10.22 27.42 0.0 3.63
4 1 2012 9.95 28.15 0.0 4.08
5 1 2012 13.0 26.96 0.0 3.69
6 1 2012 14.76 27.62 0.0 3.45
7 1 2012 10.55 25.83 0.0 3.77
8 1 2012 7.44 24.42 0.0 4.34
9 1 2012 5.97 24.58 0.0 4.55
10 1 2012 7.16 24.62 0.0 4.17
11 1 2012 6.43 25.45 0.0 4.13
12 1 2012 7.66 26.4 0.0 4.2
13 1 2012 8.22 27.38 0.0 3.1
14 1 2012 8.65 28.06 0.0 3.99
15 1 2012 12.4 28.61 0.0 4.55
16 1 2012 11.12 26.95 0.0 3.75
17 1 2012 10.77 25.8 0.0 3.19
18 1 2012 7.42 24.12 0.0 3.64
19 1 2012 6.29 23.34 0.0 3.2
20 1 2012 6.42 23.37 0.0 3.52
21 1 2012 7.15 26.23 0.0 4.71
22 1 2012 7.88 27.31 0.0 4.48
23 1 2012 9.66 27.44 0.0 3.73
24 1 2012 10.21 27.0 0.0 3.92
25 1 2012 10.02 27.89 0.0 4.03
26 1 2012 11.13 27.24 0.0 4.14
27 1 2012 10.56 27.37 0.0 4.07
28 1 2012 9.9 26.55 0.0 3.79
29 1 2012 10.57 25.51 0.0 5.21
30 1 2012 9.99 26.98 0.0 4.86
31 1 2012 10.64 26.96 0.0 5.16
1 2 2012 7.65 26.64 0.0 5.21
2 2 2012 8.68 29.03 0.0 4.35
3 2 2012 10.26 30.55 0.0 5.21
4 2 2012 14.1 28.15 0.0 5.1
5 2 2012 13.26 28.12 0.0 3.88
6 2 2012 10.76 28.74 0.0 4.42
7 2 2012 8.75 27.46 0.0 5.19
8 2 2012 4.84 23.72 0.0 5.53
9 2 2012 4.23 24.85 0.0 5.3
10 2 2012 6.02 27.51 0.0 5.53
11 2 2012 8.4 30.71 0.0 4.96
12 2 2012 11.0 30.3 0.0 5.63
13 2 2012 14.19 30.29 0.0 4.89
14 2 2012 12.25 29.42 0.0 5.35
15 2 2012 11.44 29.23 0.0 5.24
16 2 2012 8.76 26.57 0.0 5.54
17 2 2012 11.08 28.98 0.0 5.87
18 2 2012 11.43 31.3 0.0 5.71
19 2 2012 12.91 32.97 0.0 5.49
20 2 2012 14.87 34.63 0.0 6.16
21 2 2012 15.37 33.89 0.0 6.92
22 2 2012 16.06 33.51 0.0 6.1
23 2 2012 13.66 33.09 0.0 6.68
24 2 2012 11.83 31.75 0.0 6.33
25 2 2012 10.65 32.74 0.0 6.72
26 2 2012 11.48 33.45 0.0 6.55
27 2 2012 13.75 34.19 0.0 5.68
28 2 2012 12.98 32.57 0.0 6.92
29 2 2012 12.55 32.48 0.0 5.67
1 3 2012 13.29 31.68 0.0 6.01
2 3 2012 15.37 32.88 0.0 5.12
3 3 2012 15.91 34.08 0.0 5.58
4 3 2012 16.25 35.59 0.0 6.75
5 3 2012 16.43 35.32 0.0 7.61
6 3 2012 15.49 31.96 0.0 7.22
7 3 2012 13.95 31.82 0.0 6.26
8 3 2012 11.69 31.07 0.0 7.29
9 3 2012 9.34 29.22 0.0 6.03
10 3 2012 9.8 30.58 0.0 5.76
11 3 2012 11.43 33.82 0.0 7.62
12 3 2012 13.76 33.53 0.0 7.68
13 3 2012 14.08 32.33 0.0 6.77
14 3 2012 13.25 33.78 0.0 6.01
15 3 2012 14.8 36.55 0.0 6.86
16 3 2012 16.89 38.57 0.0 7.89
17 3 2012 18.46 37.95 0.0 8.03
18 3 2012 19.14 37.75 0.0 7.66
19 3 2012 18.73 39.39 0.0 7.54
20 3 2012 18.55 39.57 0.0 8.75
21 3 2012 15.98 35.14 0.0 7.68
22 3 2012 14.21 36.44 0.0 7.76
23 3 2012 15.44 38.51 0.0 6.72
24 3 2012 15.83 38.9 0.0 6.32
25 3 2012 18.27 38.78 0.0 6.35
26 3 2012 18.19 39.37 0.0 7.28
27 3 2012 23.44 39.5 0.0 7.7
28 3 2012 21.12 39.92 0.0 7.19
29 3 2012 21.8 39.26 0.0 7.8
30 3 2012 20.35 39.49 0.0 6.55
31 3 2012 24.24 40.83 0.0 5.83
1 4 2012 24.86 41.72 0.0 8.23
2 4 2012 24.42 42.05 0.0 8.17
3 4 2012 24.98 41.67 0.0 8.47
4 4 2012 25.15 41.26 0.15 7.46
5 4 2012 25.92 41.04 0.62 7.63
6 4 2012 23.06 40.79 0.76 7.92
7 4 2012 23.01 40.62 0.0 7.41
8 4 2012 24.86 41.33 0.0 8.02
9 4 2012 25.61 42.12 0.0 8.98
10 4 2012 23.44 42.6 0.0 9.47
11 4 2012 24.05 40.78 1.11 9.71
12 4 2012 24.15 37.57 0.03 9.18
13 4 2012 22.3 37.96 1.22 9.69
14 4 2012 22.0 37.46 0.2 8.49
15 4 2012 22.75 39.24 0.12 7.99
16 4 2012 23.2 39.4 0.0 8.34
17 4 2012 24.53 38.35 0.0 8.2
18 4 2012 24.7 36.76 0.02 7.89
19 4 2012 24.87 37.69 0.0 6.34
20 4 2012 24.44 36.79 1.85 4.48
21 4 2012 23.33 37.87 0.08 7.5
22 4 2012 22.81 38.24 0.0 8.8
23 4 2012 22.15 38.94 0.0 7.9
24 4 2012 23.19 38.71 0.0 8.49
25 4 2012 23.3 39.01 0.0 7.05
26 4 2012 24.72 40.64 0.0 8.19
27 4 2012 23.89 39.26 0.0 8.82
28 4 2012 24.31 40.64 0.0 9.71
29 4 2012 24.18 40.44 0.0 11.18
30 4 2012 22.8 40.13 0.0 10.88
1 5 2012 22.97 40.09 0.0 8.37
2 5 2012 21.76 40.58 0.0 7.9
3 5 2012 23.0 41.83 1.01 8.48
4 5 2012 24.23 40.65 0.43 9.56
5 5 2012 24.4 40.68 4.95 8.31
6 5 2012 24.2 39.63 2.29 8.71
7 5 2012 24.05 39.69 2.36 7.34
8 5 2012 25.36 40.6 2.9 7.03
9 5 2012 25.52 40.73 1.77 6.84
10 5 2012 27.15 42.05 1.08 7.47
11 5 2012 26.52 41.1 0.01 9.18
12 5 2012 26.38 40.73 0.0 9.95
13 5 2012 26.33 38.87 0.0 9.34
14 5 2012 26.36 39.98 0.0 9.02
15 5 2012 26.17 41.48 0.0 9.76
16 5 2012 25.85 41.42 0.0 11.38
17 5 2012 24.69 41.48 0.0 10.7
18 5 2012 26.4 42.73 0.51 9.59
19 5 2012 27.62 42.65 0.06 7.74
20 5 2012 27.85 43.65 0.11 9.73
21 5 2012 27.39 43.01 0.4 10.57
22 5 2012 27.54 42.62 0.03 10.62
23 5 2012 27.3 43.22 0.07 10.67
24 5 2012 27.61 43.87 0.0 11.96
25 5 2012 27.92 42.77 0.0 12.46
26 5 2012 27.37 42.69 0.0 11.86
27 5 2012 27.69 42.34 0.0 10.53
28 5 2012 28.4 43.28 0.0 11.25
29 5 2012 27.48 43.83 0.0 11.47
30 5 2012 27.85 44.23 0.0 12.32
31 5 2012 27.48 43.79 0.0 11.86
1 6 2012 27.11 43.06 0.0 12.19
2 6 2012 27.19 41.19 0.0 11.36
3 6 2012 27.0 40.14 0.0 11.58
4 6 2012 26.29 40.3 0.14 11.21
5 6 2012 27.73 41.81 1.57 11.25
6 6 2012 28.17 40.1 1.31 8.96
7 6 2012 27.4 35.4 3.32 6.75
8 6 2012 26.69 40.2 0.77 8.74
9 6 2012 26.92 39.31 1.86 9.56
10 6 2012 27.11 39.62 0.01 10.17
11 6 2012 26.7 38.54 0.68 8.5
12 6 2012 28.33 39.9 0.25 7.46
13 6 2012 29.43 42.08 0.13 6.02
14 6 2012 30.16 40.08 0.45 7.95
15 6 2012 29.4 38.66 2.05 8.91
16 6 2012 28.2 36.76 4.26 7.86
17 6 2012 26.39 36.78 0.87 7.91
18 6 2012 26.09 38.03 0.95 8.76
19 6 2012 26.33 39.08 0.07 9.32
20 6 2012 26.38 39.37 0.0 10.17
21 6 2012 26.58 39.5 0.0 10.34
22 6 2012 26.65 40.19 0.28 10.37
23 6 2012 27.32 39.44 0.15 10.05
24 6 2012 27.32 40.12 0.0 10.17
25 6 2012 27.76 40.01 0.0 10.63
26 6 2012 27.02 39.11 0.02 10.8
27 6 2012 27.12 39.8 0.0 10.23
28 6 2012 27.96 40.77 0.04 9.89
29 6 2012 28.88 41.13 0.09 9.9
30 6 2012 28.33 40.75 0.01 9.2
1 7 2012 27.92 38.48 11.86 7.77
2 7 2012 26.12 35.44 18.87 5.96
3 7 2012 26.22 38.83 8.33 6.31
4 7 2012 25.55 32.64 5.9 4.97
5 7 2012 25.07 33.94 5.88 3.57
6 7 2012 25.05 33.12 10.11 4.68
7 7 2012 25.1 31.12 2.75 4.66
8 7 2012 24.85 34.29 1.08 5.69
9 7 2012 25.4 30.83 21.01 4.34
10 7 2012 25.37 28.3 93.51 1.43
11 7 2012 24.93 31.91 16.94 3.26
12 7 2012 24.73 32.4 0.19 4.0
13 7 2012 25.24 31.43 0.04 3.85
14 7 2012 24.44 32.96 0.28 5.0
15 7 2012 24.47 32.87 0.11 4.68
16 7 2012 24.34 33.01 0.84 4.69
17 7 2012 24.4 32.17 0.27 4.79
18 7 2012 24.71 34.08 0.0 5.75
19 7 2012 24.4 34.34 0.0 5.14
20 7 2012 24.65 32.97 0.0 4.41
21 7 2012 25.37 33.79 4.86 4.9
22 7 2012 25.29 33.76 4.63 4.11
23 7 2012 24.65 33.47 2.42 4.42
24 7 2012 24.23 30.52 0.8 4.55
25 7 2012 24.28 33.47 0.06 4.75
26 7 2012 24.41 33.49 2.51 4.56
27 7 2012 24.63 31.33 9.63 3.82
28 7 2012 24.44 31.54 32.41 3.3
29 7 2012 23.87 29.47 5.55 2.24
30 7 2012 23.4 29.3 2.82 2.74
31 7 2012 23.24 30.51 4.12 2.74
1 8 2012 23.49 32.48 0.81 4.08
2 8 2012 24.02 31.95 0.02 4.72
3 8 2012 23.67 32.58 0.0 4.76
4 8 2012 24.23 33.87 0.0 5.18
5 8 2012 24.19 33.44 0.47 4.98
6 8 2012 24.65 33.22 8.52 4.14
7 8 2012 24.83 31.31 18.33 2.61
8 8 2012 24.44 29.39 12.45 2.46
9 8 2012 24.18 29.03 9.76 2.59
10 8 2012 23.42 30.0 13.47 2.84
11 8 2012 23.84 28.26 25.53 1.73
12 8 2012 24.24 28.38 35.26 1.86
13 8 2012 24.18 28.08 14.85 1.24
14 8 2012 23.48 28.59 10.89 2.18
15 8 2012 22.64 30.06 8.04 2.32
16 8 2012 23.26 29.97 2.71 2.69
17 8 2012 22.98 29.66 0.47 3.01
18 8 2012 22.91 30.78 0.41 3.76
19 8 2012 23.21 30.52 0.08 3.88
20 8 2012 23.49 31.21 5.83 3.19
21 8 2012 23.82 29.75 8.66 2.63
22 8 2012 23.52 26.83 2.53 2.37
23 8 2012 23.43 29.79 0.39 3.65
24 8 2012 23.31 30.06 1.1 3.68
25 8 2012 23.21 30.27 1.36 4.1
26 8 2012 23.26 29.66 34.62 3.1
27 8 2012 24.06 27.84 37.82 2.54
28 8 2012 23.55 31.15 17.43 3.42
29 8 2012 24.74 29.41 6.3 3.72
30 8 2012 24.42 30.12 0.93 3.82
31 8 2012 24.71 31.73 2.86 3.95
1 9 2012 24.91 30.96 7.97 3.83
2 9 2012 24.83 30.68 9.03 3.78
3 9 2012 24.75 28.75 17.58 2.31
4 9 2012 24.15 30.45 9.71 3.05
5 9 2012 23.73 28.95 17.07 3.49
6 9 2012 23.78 31.57 35.91 2.27
7 9 2012 23.23 29.22 24.37 2.1
8 9 2012 23.45 29.36 10.37 2.56
9 9 2012 22.93 30.58 1.73 3.99
10 9 2012 23.2 30.05 5.71 3.54
11 9 2012 24.45 28.73 31.89 2.54
12 9 2012 23.83 26.65 21.67 1.54
13 9 2012 23.65 29.42 3.52 2.81
14 9 2012 23.26 29.77 1.84 2.59
15 9 2012 23.64 28.59 0.78 2.9
16 9 2012 22.92 29.29 0.23 3.29
17 9 2012 22.53 29.14 2.38 2.85
18 9 2012 21.4 28.78 0.53 3.21
19 9 2012 21.31 29.48 0.42 3.61
20 9 2012 21.87 30.45 5.69 3.46
21 9 2012 22.94 30.6 0.5 4.02
22 9 2012 22.41 31.16 15.01 3.7
23 9 2012 23.83 30.75 3.26 4.29
24 9 2012 22.38 30.48 0.17 4.03
25 9 2012 20.26 29.33 2.08 3.95
26 9 2012 19.42 29.24 1.5 4.11
27 9 2012 19.98 29.74 1.08 4.21
28 9 2012 19.44 30.46 0.01 4.32
29 9 2012 20.0 30.85 0.0 4.43
30 9 2012 20.17 31.3 0.0 4.55
1 10 2012 18.88 31.8 0.0 4.64
2 10 2012 19.44 32.41 0.0 4.63
3 10 2012 19.64 32.42 0.01 4.6
4 10 2012 21.75 32.13 0.0 4.3
5 10 2012 21.24 31.87 0.0 4.26
6 10 2012 20.81 32.27 0.02 4.22
7 10 2012 20.08 31.29 0.0 4.06
8 10 2012 20.26 31.04 0.0 4.29
9 10 2012 19.67 31.78 0.19 4.11
10 10 2012 19.96 31.58 0.08 4.19
11 10 2012 18.94 31.12 0.0 4.46
12 10 2012 18.83 31.5 0.0 4.26
13 10 2012 19.47 31.79 0.0 4.12
14 10 2012 18.13 31.83 0.0 4.0
15 10 2012 20.59 31.31 0.0 3.85
16 10 2012 18.4 31.05 0.0 4.03
17 10 2012 17.83 31.11 0.0 3.87
18 10 2012 18.18 31.23 0.0 3.69
19 10 2012 19.48 31.7 0.0 3.8
20 10 2012 19.18 31.71 0.0 3.62
21 10 2012 19.48 31.13 0.0 3.58
22 10 2012 20.4 30.36 0.0 3.46
23 10 2012 18.9 31.19 0.0 3.64
24 10 2012 17.76 30.27 0.0 3.64
25 10 2012 15.16 29.62 0.0 4.11
26 10 2012 14.08 29.76 0.0 4.17
27 10 2012 13.54 30.05 0.0 4.22
28 10 2012 13.93 30.59 0.0 4.07
29 10 2012 13.89 30.79 0.0 3.89
30 10 2012 14.17 30.31 0.0 4.12
31 10 2012 14.39 29.75 0.0 4.02
1 11 2012 14.58 29.26 0.0 4.35
2 11 2012 14.18 29.33 0.0 4.55
3 11 2012 13.28 28.42 0.0 4.15
4 11 2012 12.2 28.38 0.0 4.0
5 11 2012 13.33 27.99 0.0 3.48
6 11 2012 13.34 28.73 0.0 3.55
7 11 2012 13.04 28.6 0.0 3.51
8 11 2012 14.03 29.84 0.0 3.29
9 11 2012 14.71 30.19 0.0 3.28
10 11 2012 13.7 30.26 0.0 3.57
11 11 2012 13.89 31.0 0.0 3.38
12 11 2012 15.94 31.3 0.0 3.56
13 11 2012 15.69 30.64 0.0 3.15
14 11 2012 14.62 30.7 0.0 3.74
15 11 2012 13.87 29.99 0.0 3.98
16 11 2012 11.89 29.52 0.0 4.05
17 11 2012 11.62 29.25 0.0 4.15
18 11 2012 11.26 29.65 0.0 3.76
19 11 2012 11.51 29.58 0.0 3.59
20 11 2012 12.38 28.89 0.0 3.95
21 11 2012 11.78 28.51 0.0 3.37
22 11 2012 11.65 29.23 0.0 3.41
23 11 2012 11.88 29.45 0.0 3.48
24 11 2012 11.46 29.22 0.0 3.46
25 11 2012 12.42 29.83 0.0 3.78
26 11 2012 12.01 29.9 0.0 3.98
27 11 2012 12.4 29.97 0.0 3.92
28 11 2012 11.74 30.06 0.0 3.4
29 11 2012 12.07 30.0 0.0 3.42
30 11 2012 11.53 28.44 0.0 4.28
1 12 2012 10.33 27.76 0.0 4.61
2 12 2012 10.66 29.17 0.0 4.62
3 12 2012 11.89 30.05 0.0 4.3
4 12 2012 12.87 30.48 0.0 4.38
5 12 2012 14.65 28.01 0.0 3.9
6 12 2012 13.53 30.5 0.0 4.13
7 12 2012 14.01 31.96 0.0 3.63
8 12 2012 14.73 31.9 0.0 3.87
9 12 2012 14.08 30.59 0.0 3.44
10 12 2012 13.33 29.43 0.0 3.47
11 12 2012 12.73 28.93 0.0 3.61
12 12 2012 11.01 28.58 0.0 3.52
13 12 2012 10.69 28.03 0.0 3.65
14 12 2012 13.51 28.08 0.0 3.11
15 12 2012 14.38 29.04 0.0 3.1
16 12 2012 13.44 30.12 0.0 3.55
17 12 2012 13.38 28.67 0.0 3.96
18 12 2012 13.44 28.8 0.0 3.44
19 12 2012 12.56 28.74 0.0 4.4
20 12 2012 11.58 27.85 0.0 4.6
21 12 2012 9.02 28.64 0.0 4.93
22 12 2012 9.78 29.99 0.0 5.28
23 12 2012 10.85 29.89 0.0 5.56
24 12 2012 10.44 29.26 0.0 5.11
25 12 2012 8.69 27.84 0.0 4.8
26 12 2012 8.94 28.05 0.0 4.57
27 12 2012 8.96 28.69 0.0 3.7
28 12 2012 9.67 28.92 0.0 4.24
29 12 2012 10.01 27.85 0.0 3.37
30 12 2012 9.61 27.7 0.0 4.46
31 12 2012 10.1 27.09 0.0 4.64
1 1 2013 10.22 28.27 0.0 3.98
2 1 2013 7.77 24.92 0.0 4.17
3 1 2013 5.47 25.26 0.0 4.35
4 1 2013 6.47 26.66 0.0 4.05
5 1 2013 5.9 25.23 0.0 4.29
6 1 2013 5.95 24.08 0.0 4.9
7 1 2013 5.1 24.32 0.0 5.08
8 1 2013 5.26 25.81 0.0 5.03
9 1 2013 7.19 27.04 0.0 4.64
10 1 2013 8.74 28.16 0.0 4.54
11 1 2013 9.85 29.77 0.0 4.36
12 1 2013 12.2 30.66 0.0 4.17
13 1 2013 13.9 31.48 0.0 4.23
14 1 2013 12.7 29.73 0.0 3.68
15 1 2013 14.35 30.19 0.0 4.05
16 1 2013 13.99 27.68 0.0 3.8
17 1 2013 13.98 30.12 0.06 4.45
18 1 2013 10.8 24.33 0.22 3.7
19 1 2013 8.03 23.85 0.0 4.34
20 1 2013 6.5 24.1 0.0 5.24
21 1 2013 5.91 25.04 0.0 5.34
22 1 2013 7.51 25.69 0.0 5.78
23 1 2013 8.58 27.02 0.0 6.27
24 1 2013 8.65 26.93 0.0 6.27
25 1 2013 8.07 25.92 0.0 5.54
26 1 2013 7.92 27.17 0.0 5.46
27 1 2013 10.37 28.19 0.0 5.05
28 1 2013 10.87 29.3 0.0 5.36
29 1 2013 11.75 29.13 0.0 5.42
30 1 2013 10.93 28.37 0.0 4.93
31 1 2013 14.37 28.51 0.0 5.72
1 2 2013 12.17 31.26 0.0 4.46
2 2 2013 15.11 31.65 0.0 5.16
3 2 2013 14.65 32.06 0.0 5.24
4 2 2013 15.44 26.73 0.65 4.0
5 2 2013 14.73 26.84 1.64 4.39
6 2 2013 10.8 27.31 0.01 4.25
7 2 2013 9.23 27.13 0.0 6.06
8 2 2013 8.65 27.2 0.0 5.82
9 2 2013 8.38 29.74 0.0 5.63
10 2 2013 12.05 32.17 0.0 5.72
11 2 2013 14.01 32.14 1.24 5.33
12 2 2013 16.13 32.06 1.13 5.18
13 2 2013 15.71 32.61 0.04 4.43
14 2 2013 17.47 33.12 0.98 5.37
15 2 2013 18.27 31.3 1.81 4.87
16 2 2013 13.64 24.05 0.77 4.45
17 2 2013 10.3 26.26 0.0 3.79
18 2 2013 10.49 28.02 0.0 4.81
19 2 2013 12.45 29.58 0.0 4.91
20 2 2013 11.94 30.2 0.0 5.84
21 2 2013 13.36 33.05 0.0 5.89
22 2 2013 15.66 34.25 0.22 5.46
23 2 2013 16.51 32.34 0.03 6.02
24 2 2013 13.47 29.13 0.01 5.65
25 2 2013 13.23 31.87 0.0 5.8
26 2 2013 13.37 34.58 0.0 6.72
27 2 2013 14.64 31.6 0.0 5.54
28 2 2013 12.6 31.35 0.0 6.69
1 3 2013 11.11 32.64 0.0 7.34
2 3 2013 11.8 34.51 0.0 6.69
3 3 2013 12.63 35.12 0.0 6.17
4 3 2013 13.31 35.71 0.0 5.71
5 3 2013 14.0 35.9 0.0 5.69
6 3 2013 15.51 35.72 0.0 6.31
7 3 2013 15.26 36.08 0.0 6.14
8 3 2013 15.91 36.65 0.0 5.42
9 3 2013 20.16 37.08 0.0 6.68
10 3 2013 17.15 35.93 0.0 7.48
11 3 2013 16.49 35.59 0.0 5.9
12 3 2013 18.83 36.71 0.0 6.71
13 3 2013 16.66 36.29 0.0 7.01
14 3 2013 17.55 34.62 0.0 6.0
15 3 2013 17.2 34.53 0.0 6.8
16 3 2013 18.84 34.59 3.22 6.55
17 3 2013 17.44 34.12 0.03 5.98
18 3 2013 18.23 35.76 0.0 5.13
19 3 2013 19.83 36.98 0.0 6.26
20 3 2013 20.75 37.45 0.0 6.73
21 3 2013 17.48 36.64 0.04 5.98
22 3 2013 19.31 34.32 0.0 5.77
23 3 2013 19.08 36.82 0.0 7.28
24 3 2013 19.14 35.82 0.0 7.0
25 3 2013 17.17 36.05 0.0 7.26
26 3 2013 18.31 35.55 0.0 7.16
27 3 2013 19.71 35.57 0.0 6.66
28 3 2013 19.43 34.76 0.1 7.21
29 3 2013 18.69 34.21 0.0 7.17
30 3 2013 18.36 35.3 0.0 7.21
31 3 2013 21.13 36.92 0.0 6.78
1 4 2013 19.78 38.6 0.0 7.27
2 4 2013 21.08 38.99 0.0 8.66
3 4 2013 20.97 36.63 0.0 6.72
4 4 2013 20.56 37.08 0.0 7.69
5 4 2013 20.54 38.3 0.0 7.23
6 4 2013 19.51 40.46 0.0 7.67
7 4 2013 20.5 39.84 0.0 8.43
8 4 2013 20.95 39.37 0.0 8.59
9 4 2013 21.27 39.38 0.07 7.63
10 4 2013 24.11 38.06 0.0 8.8
11 4 2013 21.06 37.19 0.0 8.67
12 4 2013 20.94 38.29 0.0 7.79
13 4 2013 22.15 40.15 0.0 8.61
14 4 2013 22.66 40.51 0.0 8.45
15 4 2013 22.67 41.12 0.0 9.32
16 4 2013 22.36 39.65 0.0 10.43
17 4 2013 22.26 38.77 0.0 9.69
18 4 2013 23.32 36.23 0.41 7.21
19 4 2013 21.79 38.12 0.44 7.84
20 4 2013 21.75 36.7 2.47 7.67
21 4 2013 21.45 36.0 4.05 6.21
22 4 2013 23.11 37.1 0.04 5.61
23 4 2013 23.05 37.98 0.0 6.28
24 4 2013 25.48 37.98 0.0 6.77
25 4 2013 25.77 40.02 0.12 7.56
26 4 2013 25.69 40.94 0.01 8.83
27 4 2013 24.51 41.53 0.0 8.28
28 4 2013 25.41 41.98 0.0 8.89
29 4 2013 25.2 42.51 0.0 9.26
30 4 2013 26.4 42.77 0.0 9.52
1 5 2013 25.7 43.14 0.0 10.31
2 5 2013 23.58 42.15 0.0 10.99
3 5 2013 23.0 41.69 0.0 10.76
4 5 2013 25.24 41.91 0.0 10.79
5 5 2013 25.12 41.4 0.0 10.98
6 5 2013 23.58 41.02 0.0 9.7
7 5 2013 25.34 43.14 0.0 9.64
8 5 2013 26.55 42.73 0.0 11.16
9 5 2013 24.85 41.27 0.0 11.69
10 5 2013 25.14 40.43 0.0 11.12
11 5 2013 25.69 40.01 0.0 10.7
12 5 2013 27.04 39.9 0.08 9.59
13 5 2013 26.62 41.11 0.06 5.89
14 5 2013 27.95 42.87 0.01 8.08
15 5 2013 27.54 44.61 0.0 8.78
16 5 2013 27.67 45.36 0.0 11.42
17 5 2013 27.46 44.6 0.0 11.79
18 5 2013 26.97 45.22 0.0 11.45
19 5 2013 26.61 45.9 0.0 11.64
20 5 2013 28.51 45.63 0.0 12.26
21 5 2013 29.06 45.51 0.0 13.26
22 5 2013 28.09 43.23 0.0 12.62
23 5 2013 26.58 42.87 0.0 11.8
24 5 2013 28.01 43.15 0.0 12.56
25 5 2013 27.41 41.75 0.0 12.06
26 5 2013 27.45 38.98 0.0 10.56
27 5 2013 27.3 40.71 0.0 10.58
28 5 2013 29.49 41.11 0.0 10.67
29 5 2013 28.55 42.03 0.0 11.05
30 5 2013 27.94 43.87 6.57 10.24
31 5 2013 28.24 43.79 0.61 9.72
1 6 2013 28.93 43.56 0.0 7.78
2 6 2013 29.08 42.92 0.0 8.27
3 6 2013 29.26 42.61 0.06 8.17
4 6 2013 29.11 41.55 7.87 10.0
5 6 2013 27.17 40.48 2.26 8.58
6 6 2013 28.13 42.24 2.71 8.97
7 6 2013 27.9 37.1 0.97 8.04
8 6 2013 27.29 34.62 18.59 5.51
9 6 2013 25.87 32.62 10.06 5.2
10 6 2013 25.76 34.38 2.46 6.08
11 6 2013 25.71 32.26 3.86 5.03
12 6 2013 25.34 32.5 8.5 3.91
13 6 2013 25.11 35.91 3.86 5.33
14 6 2013 26.36 36.32 4.59 5.57
15 6 2013 26.5 38.41 2.49 6.02
16 6 2013 26.55 36.77 13.36 5.09
17 6 2013 25.72 30.32 9.57 4.15
18 6 2013 25.44 31.12 2.3 2.99
19 6 2013 24.73 35.26 2.27 6.02
20 6 2013 24.26 37.07 1.23 7.07
21 6 2013 25.33 37.19 0.49 6.94
22 6 2013 25.63 37.32 0.91 7.0
23 6 2013 26.31 35.93 0.47 6.67
24 6 2013 25.81 34.64 1.61 5.71
25 6 2013 25.46 32.01 12.79 4.23
26 6 2013 25.24 29.15 14.81 3.05
27 6 2013 25.11 31.9 1.14 5.08
28 6 2013 24.98 35.69 0.11 5.66
29 6 2013 25.22 34.77 0.02 5.78
30 6 2013 25.19 35.42 0.01 6.45
1 7 2013 25.62 34.08 4.35 6.14
2 7 2013 25.89 31.4 6.69 4.21
3 7 2013 25.12 31.33 41.0 2.49
4 7 2013 25.65 32.81 21.2 3.04
5 7 2013 24.98 31.53 28.02 3.07
6 7 2013 24.79 30.93 8.86 3.58
7 7 2013 25.11 29.58 7.43 3.72
8 7 2013 24.73 31.18 1.67 3.35
9 7 2013 24.83 29.29 2.23 3.87
10 7 2013 24.58 30.57 4.34 3.91
11 7 2013 24.11 30.69 30.28 2.72
12 7 2013 24.9 31.4 16.1 4.47
13 7 2013 25.17 30.83 10.76 2.07
14 7 2013 24.96 30.6 2.08 2.52
15 7 2013 24.33 29.6 8.01 2.86
16 7 2013 24.41 31.88 8.27 3.03
17 7 2013 24.99 31.48 41.85 3.2
18 7 2013 25.15 30.29 7.22 3.47
19 7 2013 24.87 30.29 5.33 3.28
20 7 2013 24.68 30.09 2.31 2.62
21 7 2013 24.73 30.3 5.9 2.54
22 7 2013 25.07 30.91 20.22 3.02
23 7 2013 25.55 31.44 13.45 3.61
24 7 2013 25.27 32.51 13.16 3.92
25 7 2013 24.33 30.02 18.01 2.21
26 7 2013 24.81 28.62 30.38 1.86
27 7 2013 24.54 28.92 20.13 1.71
28 7 2013 24.48 29.01 25.82 1.76
29 7 2013 23.87 27.7 10.08 2.13
30 7 2013 23.05 30.48 4.59 3.08
31 7 2013 23.65 28.25 8.79 1.48
1 8 2013 24.4 28.45 36.38 2.6
2 8 2013 24.79 30.94 16.34 4.03
3 8 2013 23.8 26.53 3.85 2.11
4 8 2013 23.2 29.31 0.04 2.94
5 8 2013 23.78 29.34 1.32 2.96
6 8 2013 24.05 27.76 2.43 2.47
7 8 2013 23.55 29.19 1.44 2.8
8 8 2013 23.84 30.3 2.45 2.94
9 8 2013 24.12 28.49 10.97 2.09
10 8 2013 23.8 28.67 7.55 2.07
11 8 2013 23.9 30.15 1.3 3.32
12 8 2013 24.5 29.61 4.66 2.85
13 8 2013 24.77 27.57 12.74 1.62
14 8 2013 23.87 26.33 8.3 2.59
15 8 2013 23.4 29.73 1.03 3.42
16 8 2013 23.75 29.86 0.91 2.81
17 8 2013 23.87 29.05 1.98 3.57
18 8 2013 23.65 29.61 0.94 3.95
19 8 2013 23.37 30.08 5.55 3.4
20 8 2013 22.83 29.19 9.13 2.53
21 8 2013 23.33 28.96 2.44 2.7
22 8 2013 23.06 30.28 4.73 3.16
23 8 2013 23.65 29.17 22.73 2.3
24 8 2013 23.87 30.62 7.47 3.3
25 8 2013 24.88 32.17 1.06 3.21
26 8 2013 23.77 30.13 0.01 3.74
27 8 2013 23.08 29.76 0.0 3.88
28 8 2013 23.08 29.83 0.05 3.31
29 8 2013 22.9 29.56 0.24 3.49
30 8 2013 22.79 30.21 0.05 3.5
31 8 2013 23.03 31.21 0.84 4.06
1 9 2013 23.08 30.94 0.19 4.19
2 9 2013 23.08 31.22 0.0 3.89
3 9 2013 23.04 30.21 0.0 4.07
4 9 2013 22.69 29.81 0.0 4.07
5 9 2013 22.43 29.67 0.01 4.27
6 9 2013 21.29 29.65 0.55 4.13
7 9 2013 21.78 30.92 1.3 4.2
8 9 2013 22.51 31.3 0.18 4.52
9 9 2013 22.09 31.14 0.0 4.54
10 9 2013 21.55 32.24 0.02 4.8
11 9 2013 21.85 32.36 1.62 4.69
12 9 2013 23.23 31.74 0.35 3.84
13 9 2013 24.33 32.37 0.0 4.31
14 9 2013 24.22 32.74 0.01 4.48
15 9 2013 23.2 34.42 0.02 4.51
16 9 2013 23.63 32.52 0.01 3.46
17 9 2013 24.2 32.51 0.0 4.79
18 9 2013 22.46 33.18 0.0 4.57
19 9 2013 21.9 34.65 0.0 5.06
20 9 2013 20.27 33.9 6.02 4.93
21 9 2013 23.88 29.41 20.63 2.72
22 9 2013 24.33 27.9 10.64 2.65
23 9 2013 23.23 30.77 13.5 2.82
24 9 2013 23.51 31.07 9.78 2.51
25 9 2013 22.44 26.7 11.75 1.93
26 9 2013 21.78 28.6 0.74 2.99
27 9 2013 21.99 29.78 0.15 3.58
28 9 2013 22.52 29.49 10.22 2.77
29 9 2013 22.78 29.43 4.63 2.32
30 9 2013 22.87 29.12 14.16 2.62
1 10 2013 23.12 28.12 2.78 3.06
2 10 2013 22.58 30.65 0.35 3.65
3 10 2013 22.48 30.96 0.63 3.57
4 10 2013 21.58 30.39 1.33 3.25
5 10 2013 21.19 30.69 1.39 3.43
6 10 2013 21.58 30.67 5.39 3.65
7 10 2013 22.8 31.55 0.6 3.86
8 10 2013 23.29 30.27 38.85 3.05
9 10 2013 22.45 28.51 4.65 2.97
10 10 2013 22.66 29.45 0.67 3.41
11 10 2013 20.69 30.31 0.05 3.88
12 10 2013 20.9 30.38 1.56 3.89
13 10 2013 19.65 30.31 4.0 3.36
14 10 2013 20.73 31.39 0.0 3.83
15 10 2013 19.75 31.67 0.0 3.99
16 10 2013 19.59 31.47 0.0 3.99
17 10 2013 19.88 32.37 0.0 3.95
18 10 2013 18.81 32.18 0.0 4.02
19 10 2013 19.44 32.94 0.0 4.16
20 10 2013 18.9 32.36 0.0 4.07
21 10 2013 17.69 31.12 0.0 4.02
22 10 2013 15.79 30.38 0.0 4.26
23 10 2013 15.18 30.2 0.0 4.09
24 10 2013 15.98 29.33 0.0 3.84
25 10 2013 19.55 29.93 0.0 3.74
26 10 2013 18.51 30.23 0.0 3.91
27 10 2013 16.43 29.55 0.0 3.51
28 10 2013 16.44 30.61 0.0 3.38
29 10 2013 17.7 30.77 0.0 3.67
30 10 2013 16.73 29.63 0.0 3.53
31 10 2013 16.55 29.39 0.0 3.53
1 11 2013 17.64 29.97 0.0 3.38
2 11 2013 17.98 30.75 0.0 3.17
3 11 2013 17.99 30.2 0.0 3.13
4 11 2013 16.24 29.77 0.0 3.15
5 11 2013 15.69 29.02 0.0 3.09
6 11 2013 18.38 29.37 0.13 3.07
7 11 2013 17.82 28.2 0.29 2.47
8 11 2013 17.54 28.51 0.08 2.75
9 11 2013 14.5 28.02 0.0 2.92
10 11 2013 15.06 28.23 0.0 3.44
11 11 2013 13.48 28.19 0.0 3.09
12 11 2013 13.21 28.03 0.0 2.85
13 11 2013 13.53 28.32 0.0 3.0
14 11 2013 13.33 27.53 0.0 3.23
15 11 2013 11.22 27.3 0.0 3.6
16 11 2013 9.88 26.65 0.0 3.52
17 11 2013 10.29 27.26 0.0 3.42
18 11 2013 10.98 28.76 0.0 3.55
19 11 2013 10.91 29.05 0.0 3.46
20 11 2013 11.43 29.75 0.0 3.44
21 11 2013 11.77 29.87 0.0 3.57
22 11 2013 11.9 28.67 0.0 3.68
23 11 2013 12.09 28.66 0.0 3.56
24 11 2013 12.75 28.73 0.0 3.2
25 11 2013 13.68 29.93 0.0 3.13
26 11 2013 13.46 30.48 0.0 3.67
27 11 2013 15.1 30.05 0.0 3.49
28 11 2013 15.1 29.09 0.0 4.02
29 11 2013 11.83 28.57 0.0 3.83
30 11 2013 11.55 29.44 0.0 3.62
1 12 2013 12.19 29.64 0.0 3.27
2 12 2013 13.21 30.25 0.0 3.33
3 12 2013 12.05 29.03 0.0 3.11
4 12 2013 14.29 28.99 1.65 2.9
5 12 2013 13.78 29.0 0.0 3.33
6 12 2013 10.72 28.41 0.0 3.43
7 12 2013 10.74 28.48 0.0 3.22
8 12 2013 11.57 28.62 0.0 2.9
9 12 2013 11.18 28.14 0.0 2.95
10 12 2013 10.08 28.65 0.0 3.44
11 12 2013 10.51 28.68 0.0 3.05
12 12 2013 10.62 28.19 0.0 2.76
13 12 2013 10.19 29.05 0.0 3.14
14 12 2013 10.76 30.04 0.0 3.07
15 12 2013 13.98 29.65 0.0 2.97
16 12 2013 10.96 28.16 0.0 3.14
17 12 2013 10.81 27.45 0.0 2.84
18 12 2013 13.47 28.6 0.0 2.97
19 12 2013 11.76 28.83 0.0 3.91
20 12 2013 8.37 25.87 0.0 3.66
21 12 2013 8.37 24.95 0.0 3.01
22 12 2013 7.8 25.29 0.0 2.99
23 12 2013 8.51 24.78 0.0 3.41
24 12 2013 10.98 25.47 0.0 3.3
25 12 2013 11.51 26.58 0.0 2.82
26 12 2013 12.62 24.91 0.65 2.84
27 12 2013 13.01 26.15 0.15 2.44
28 12 2013 9.51 24.41 0.05 2.62
29 12 2013 9.5 25.19 0.15 2.82
30 12 2013 12.9 25.03 2.43 2.64
31 12 2013 11.69 25.88 0.01 3.09
1 1 2014 8.45 24.48 0.0 3.18
2 1 2014 11.12 26.09 0.0 2.74
3 1 2014 12.65 25.83 0.0 2.49
4 1 2014 13.14 25.13 1.11 2.45
5 1 2014 8.65 25.95 0.04 2.83
6 1 2014 7.51 24.47 0.0 3.45
7 1 2014 8.56 25.51 0.0 3.79
8 1 2014 9.33 29.23 0.0 4.1
9 1 2014 10.83 27.31 0.0 3.58
10 1 2014 8.35 25.28 0.0 3.26
11 1 2014 7.39 21.98 0.0 3.77
12 1 2014 6.81 24.02 0.0 3.68
13 1 2014 8.46 26.37 0.0 3.16
14 1 2014 11.91 27.69 0.0 3.29
15 1 2014 9.42 26.12 0.0 3.35
16 1 2014 9.62 25.55 0.0 3.21
17 1 2014 9.12 25.67 0.0 3.52
18 1 2014 7.19 25.09 0.0 3.02
19 1 2014 7.73 25.4 0.0 4.24
20 1 2014 9.78 28.9 0.12 3.86
21 1 2014 15.88 22.85 11.12 1.37
22 1 2014 12.65 24.37 6.21 1.88
23 1 2014 9.63 24.56 1.74 2.46
24 1 2014 11.74 25.0 0.27 2.32
25 1 2014 10.91 25.51 0.0 2.71
26 1 2014 10.1 26.38 0.0 3.12
27 1 2014 8.76 26.98 0.0 4.03
28 1 2014 8.76 26.89 0.0 3.67
29 1 2014 8.94 28.03 0.0 3.52
30 1 2014 9.39 27.54 0.0 3.97
31 1 2014 10.19 27.1 0.0 4.1
1 2 2014 9.95 28.91 0.0 4.01
2 2 2014 12.73 29.08 0.0 3.52
3 2 2014 13.75 29.88 0.0 4.2
4 2 2014 12.73 30.15 0.0 4.08
5 2 2014 14.09 32.05 0.0 4.38
6 2 2014 14.01 32.65 0.0 5.09
7 2 2014 14.95 31.23 0.0 5.39
8 2 2014 11.69 28.81 0.0 5.24
9 2 2014 8.55 26.4 0.0 4.2
10 2 2014 7.14 26.08 0.0 4.73
11 2 2014 10.33 26.12 0.0 3.5
12 2 2014 10.27 28.62 0.0 5.1
13 2 2014 11.06 26.47 0.03 4.74
14 2 2014 11.38 26.21 0.0 4.45
15 2 2014 10.89 25.62 0.29 3.13
16 2 2014 11.51 25.26 0.16 3.68
17 2 2014 9.45 27.17 0.0 4.35
18 2 2014 9.19 29.19 0.0 4.3
19 2 2014 9.94 30.61 0.0 5.36
20 2 2014 12.26 31.06 0.0 5.18
21 2 2014 18.58 29.06 0.04 4.07
22 2 2014 14.48 29.79 0.0 4.35
23 2 2014 12.15 28.45 0.0 4.45
24 2 2014 13.75 29.25 0.06 4.41
25 2 2014 16.76 30.58 3.24 4.42
26 2 2014 17.4 30.83 5.49 4.19
27 2 2014 14.72 30.13 2.04 4.63
28 2 2014 12.48 29.33 0.21 4.54
1 3 2014 11.74 27.01 0.02 4.08
2 3 2014 10.58 27.43 0.0 4.44
3 3 2014 11.59 28.33 0.0 5.27
4 3 2014 13.15 30.56 0.0 5.17
5 3 2014 12.51 31.09 0.0 4.85
6 3 2014 15.12 31.98 0.0 4.48
7 3 2014 15.53 32.59 0.0 6.06
8 3 2014 16.37 33.26 0.0 7.06
9 3 2014 16.48 32.08 0.02 5.06
10 3 2014 17.76 33.13 0.32 4.78
11 3 2014 18.57 33.55 0.0 6.59
12 3 2014 15.08 33.03 0.0 6.51
13 3 2014 15.88 34.71 0.0 6.61
14 3 2014 16.64 35.66 0.0 6.43
15 3 2014 17.28 37.09 0.0 6.11
16 3 2014 17.99 38.27 0.0 6.71
17 3 2014 20.28 37.82 0.0 8.22
18 3 2014 20.23 36.05 0.0 6.74
19 3 2014 15.9 36.76 0.0 7.34
20 3 2014 15.98 37.22 0.0 7.42
21 3 2014 17.51 35.37 0.0 8.28
22 3 2014 18.15 36.94 0.0 6.82
23 3 2014 20.81 38.05 0.0 6.72
24 3 2014 20.81 38.15 0.0 7.5
25 3 2014 19.68 36.85 0.02 7.16
26 3 2014 19.64 37.24 0.0 7.16
27 3 2014 21.29 39.14 0.0 7.08
28 3 2014 21.28 39.37 0.0 8.26
29 3 2014 20.22 38.62 0.0 8.18
30 3 2014 21.19 38.51 0.0 7.83
31 3 2014 20.55 38.23 0.0 7.82
1 4 2014 20.67 38.61 0.0 8.52
2 4 2014 21.09 37.63 0.0 9.12
3 4 2014 21.19 38.19 0.0 5.8
4 4 2014 21.24 39.9 0.0 6.36
5 4 2014 22.15 40.9 0.0 9.0
6 4 2014 22.0 40.36 0.0 9.41
7 4 2014 23.15 39.33 0.0 8.75
8 4 2014 19.9 38.01 0.0 8.4
9 4 2014 18.75 38.56 0.0 8.74
10 4 2014 18.37 38.38 0.0 7.64
11 4 2014 19.05 39.64 0.0 8.25
12 4 2014 21.19 40.12 0.0 7.68
13 4 2014 21.78 40.8 0.0 8.55
14 4 2014 23.33 40.75 0.0 7.23
15 4 2014 23.91 41.97 0.0 7.97
16 4 2014 24.48 42.62 0.02 7.44
17 4 2014 24.55 41.37 0.07 8.84
18 4 2014 24.97 39.31 0.09 8.93
19 4 2014 24.76 36.94 0.01 6.27
20 4 2014 24.26 38.94 0.19 6.37
21 4 2014 23.24 38.77 0.67 7.15
22 4 2014 24.17 40.86 0.66 7.87
23 4 2014 23.49 39.94 0.8 8.32
24 4 2014 23.31 40.98 0.0 8.49
25 4 2014 24.53 41.89 0.0 8.49
26 4 2014 25.49 42.86 0.0 9.38
27 4 2014 26.2 43.05 0.0 8.72
28 4 2014 25.63 43.37 0.0 7.92
29 4 2014 25.73 44.32 0.0 8.95
30 4 2014 26.79 44.25 0.0 10.76
1 5 2014 25.33 43.19 0.0 10.99
2 5 2014 25.39 42.37 0.0 10.82
3 5 2014 23.8 40.62 0.0 9.87
4 5 2014 25.26 40.05 0.0 9.39
5 5 2014 25.8 41.33 0.0 7.32
6 5 2014 27.35 41.93 0.16 7.67
7 5 2014 27.9 42.9 0.05 8.98
8 5 2014 27.65 44.11 0.02 10.68
9 5 2014 26.6 42.59 0.0 10.94
10 5 2014 25.86 40.08 0.0 11.4
11 5 2014 25.19 39.66 0.18 10.05
12 5 2014 26.03 39.37 0.18 10.05
13 5 2014 25.49 37.72 0.6 9.37
14 5 2014 24.88 39.29 0.02 9.09
15 5 2014 26.4 38.9 0.0 9.06
16 5 2014 25.26 36.1 1.38 7.85
17 5 2014 26.42 40.24 0.54 7.5
18 5 2014 26.84 41.28 0.0 8.22
19 5 2014 28.44 42.42 0.0 10.15
20 5 2014 28.01 43.01 0.0 11.12
21 5 2014 26.06 43.3 0.0 10.65
22 5 2014 27.44 43.53 0.0 11.5
23 5 2014 27.4 43.24 0.0 12.37
24 5 2014 26.47 43.67 0.02 10.81
25 5 2014 27.75 43.32 0.07 8.64
26 5 2014 28.97 44.41 0.19 7.65
27 5 2014 29.67 44.34 0.0 8.93
28 5 2014 30.23 45.52 0.0 9.97
29 5 2014 29.19 45.17 0.0 13.39
30 5 2014 27.84 43.94 0.0 12.87
31 5 2014 28.26 43.16 0.0 11.52
1 6 2014 28.58 44.01 5.33 8.9
2 6 2014 29.22 44.3 0.46 9.02
3 6 2014 29.55 45.15 0.0 10.22
4 6 2014 30.12 45.78 0.0 9.05
5 6 2014 31.16 45.4 0.04 10.68
6 6 2014 29.71 45.08 0.01 11.08
7 6 2014 29.29 45.71 0.0 12.21
8 6 2014 28.49 44.37 0.0 12.57
9 6 2014 28.24 44.65 0.0 12.82
10 6 2014 28.05 43.77 0.0 12.08
11 6 2014 29.02 40.85 1.94 10.86
12 6 2014 26.73 40.12 0.28 9.89
13 6 2014 26.77 40.33 0.0 11.04
14 6 2014 27.57 40.12 0.0 10.79
15 6 2014 27.44 40.23 0.01 10.14
16 6 2014 27.55 40.8 0.01 9.94
17 6 2014 27.97 39.03 0.25 9.7
18 6 2014 27.23 39.47 0.04 9.66
19 6 2014 27.68 41.04 0.01 9.54
20 6 2014 27.99 40.14 0.0 10.35
21 6 2014 28.26 40.19 0.0 11.36
22 6 2014 27.34 40.14 0.0 11.25
23 6 2014 27.14 39.81 0.72 11.35
24 6 2014 26.81 40.12 0.19 11.2
25 6 2014 26.98 39.58 0.0 10.71
26 6 2014 27.12 39.67 0.0 9.98
27 6 2014 27.82 39.83 1.42 10.27
28 6 2014 27.9 40.86 0.32 10.71
29 6 2014 26.39 39.87 0.0 11.3
30 6 2014 25.98 40.08 0.0 11.15
1 7 2014 27.19 40.01 0.0 11.23
2 7 2014 27.33 39.01 0.01 9.63
3 7 2014 27.27 38.37 0.0 9.22
4 7 2014 27.14 39.16 0.0 9.45
5 7 2014 27.46 40.08 0.2 9.43
6 7 2014 27.87 40.9 0.13 9.67
7 7 2014 29.0 40.99 0.0 10.49
8 7 2014 28.16 40.73 0.48 10.46
9 7 2014 28.42 39.98 1.91 10.21
10 7 2014 27.4 39.13 2.7 8.61
11 7 2014 27.05 39.05 1.98 7.46
12 7 2014 27.58 34.25 5.72 5.28
13 7 2014 26.3 34.43 4.16 4.21
14 7 2014 25.99 33.19 3.07 4.1
15 7 2014 25.98 33.75 13.06 4.57
16 7 2014 25.43 32.46 22.89 3.71
17 7 2014 25.33 32.23 9.46 3.47
18 7 2014 25.69 31.97 9.3 2.92
19 7 2014 24.82 33.23 2.5 4.68
20 7 2014 24.37 34.59 0.74 5.81
21 7 2014 24.2 35.43 0.46 5.62
22 7 2014 24.15 33.08 8.47 3.75
23 7 2014 24.84 30.12 37.02 3.02
24 7 2014 23.85 31.51 13.43 3.2
25 7 2014 23.47 29.26 9.2 2.5
26 7 2014 24.01 30.33 31.46 2.93
27 7 2014 24.7 30.69 16.15 3.03
28 7 2014 24.73 29.63 25.03 1.67
29 7 2014 24.83 28.13 31.6 3.22
30 7 2014 24.62 29.76 14.55 3.92
31 7 2014 24.94 30.54 5.24 3.28
1 8 2014 24.59 30.17 3.07 3.16
2 8 2014 24.12 31.46 1.86 4.32
3 8 2014 24.07 30.55 2.82 3.31
4 8 2014 24.13 29.41 6.5 3.18
5 8 2014 24.34 27.99 13.36 2.17
6 8 2014 24.27 26.88 40.15 1.23
7 8 2014 24.05 29.26 12.53 2.46
8 8 2014 23.87 28.76 3.8 2.59
9 8 2014 23.79 29.67 0.86 3.39
10 8 2014 23.76 30.14 13.45 2.62
11 8 2014 24.15 28.3 14.82 1.9
12 8 2014 23.69 29.9 12.11 3.25
13 8 2014 23.26 29.1 5.82 3.27
14 8 2014 22.93 29.97 0.21 3.52
15 8 2014 23.07 29.52 0.1 3.23
16 8 2014 22.76 29.76 0.53 3.45
17 8 2014 22.24 29.67 2.74 4.1
18 8 2014 22.43 30.48 0.39 4.07
19 8 2014 23.22 31.77 0.15 4.62
20 8 2014 23.14 32.01 0.0 5.01
21 8 2014 23.28 31.87 0.0 4.94
22 8 2014 23.63 32.42 0.18 4.61
23 8 2014 24.62 31.23 9.66 4.22
24 8 2014 24.26 29.15 1.79 3.75
25 8 2014 23.58 30.23 0.19 4.81
26 8 2014 23.05 30.98 0.05 4.07
27 8 2014 22.58 30.49 1.49 4.2
28 8 2014 22.5 31.85 2.96 4.69
29 8 2014 22.82 31.88 1.95 4.48
30 8 2014 23.59 30.62 6.32 3.3
31 8 2014 23.8 30.87 10.42 4.07
1 9 2014 24.94 29.6 5.72 3.76
2 9 2014 23.76 29.01 13.77 2.57
3 9 2014 24.34 28.58 13.74 2.11
4 9 2014 23.61 28.44 10.67 2.21
5 9 2014 23.21 30.03 2.21 4.17
6 9 2014 21.69 29.8 0.22 3.96
7 9 2014 21.38 29.49 28.5 3.05
8 9 2014 23.01 30.27 23.63 3.2
9 9 2014 23.95 28.8 39.55 2.0
10 9 2014 23.22 28.53 19.09 2.23
11 9 2014 23.21 29.44 23.95 2.01
12 9 2014 22.65 29.25 9.11 3.07
13 9 2014 22.75 29.98 1.24 3.78
14 9 2014 22.13 29.65 0.53 3.76
15 9 2014 21.25 30.14 0.05 3.61
16 9 2014 21.72 30.27 0.0 4.15
17 9 2014 21.4 30.09 1.8 4.31
18 9 2014 20.31 30.33 0.03 4.46
19 9 2014 19.92 30.73 0.0 4.45
20 9 2014 20.94 30.4 0.0 4.62
21 9 2014 19.75 30.0 0.0 4.47
22 9 2014 19.93 30.16 0.0 4.32
23 9 2014 20.59 29.97 0.0 4.3
24 9 2014 19.78 29.58 0.0 4.21
25 9 2014 20.11 29.83 0.0 4.04
26 9 2014 21.21 30.3 1.32 4.26
27 9 2014 20.71 30.48 0.11 4.39
28 9 2014 22.01 31.05 0.0 4.32
29 9 2014 21.75 31.45 0.01 4.44
30 9 2014 22.31 31.41 0.02 4.32
1 10 2014 21.23 31.45 0.0 3.98
2 10 2014 21.44 32.08 0.0 4.24
3 10 2014 21.27 32.23 0.88 4.33
4 10 2014 20.66 32.45 0.45 4.38
5 10 2014 19.95 32.35 0.0 4.1
6 10 2014 19.9 32.09 0.0 4.5
7 10 2014 19.33 32.45 0.69 4.56
8 10 2014 20.85 32.34 0.2 3.89
9 10 2014 20.96 31.8 0.15 3.96
10 10 2014 20.44 32.31 0.36 4.29
11 10 2014 20.47 33.33 0.0 4.19
12 10 2014 18.76 33.26 0.0 4.63
13 10 2014 16.66 31.58 0.0 4.88
14 10 2014 20.15 31.48 0.0 3.87
15 10 2014 19.19 31.8 0.01 3.98
16 10 2014 19.03 31.71 0.0 3.9
17 10 2014 18.44 31.8 0.0 3.98
18 10 2014 18.69 31.62 0.08 3.77
19 10 2014 18.96 31.9 0.71 3.59
20 10 2014 19.71 32.62 0.16 3.83
21 10 2014 17.94 32.93 0.0 4.5
22 10 2014 18.61 33.18 0.0 4.19
23 10 2014 19.96 33.58 0.0 3.39
24 10 2014 22.54 33.21 0.0 3.04
25 10 2014 19.58 32.83 0.0 3.57
26 10 2014 18.95 31.33 0.0 3.63
27 10 2014 17.46 31.04 0.0 3.65
28 10 2014 18.58 32.61 0.0 3.42
29 10 2014 19.49 32.52 0.0 3.43
30 10 2014 20.85 32.34 0.01 3.26
31 10 2014 19.21 29.48 0.0 3.08
1 11 2014 19.92 32.09 0.0 3.77
2 11 2014 17.72 32.5 0.0 3.72
3 11 2014 17.99 32.6 0.0 3.49
4 11 2014 18.71 32.75 0.0 3.9
5 11 2014 18.68 32.69 0.0 4.19
6 11 2014 16.56 32.62 0.0 3.98
7 11 2014 17.01 32.4 0.0 3.89
8 11 2014 15.61 32.42 0.0 3.56
9 11 2014 17.08 32.08 0.0 3.92
10 11 2014 15.92 31.67 0.0 3.77
11 11 2014 16.73 31.87 0.0 4.4
12 11 2014 16.44 32.52 0.0 4.38
13 11 2014 19.15 31.73 0.3 3.64
14 11 2014 20.3 31.51 0.12 2.89
15 11 2014 21.19 29.98 0.16 2.3
16 11 2014 20.91 28.9 0.01 2.73
17 11 2014 18.4 31.23 0.0 3.23
18 11 2014 15.83 31.23 0.0 3.67
19 11 2014 14.34 31.5 0.0 3.48
20 11 2014 15.46 32.08 0.0 3.45
21 11 2014 15.77 31.79 0.0 3.56
22 11 2014 15.52 31.34 0.0 3.53
23 11 2014 15.08 31.64 0.0 3.26
24 11 2014 13.67 31.73 0.0 3.43
25 11 2014 13.65 31.89 0.0 3.33
26 11 2014 14.58 32.21 0.0 3.32
27 11 2014 15.03 32.26 0.0 3.34
28 11 2014 14.41 33.05 0.0 3.94
29 11 2014 15.84 32.08 0.0 3.49
30 11 2014 14.97 32.02 0.0 3.61
1 12 2014 14.99 31.35 0.0 3.58
2 12 2014 14.01 31.19 0.0 3.37
3 12 2014 13.81 31.14 0.0 3.66
4 12 2014 13.23 31.21 0.0 3.76
5 12 2014 14.02 30.93 0.0 4.31
6 12 2014 13.7 29.76 0.0 4.34
7 12 2014 13.62 30.9 0.0 4.02
8 12 2014 13.19 30.06 0.0 3.39
9 12 2014 12.75 31.08 0.0 3.76
10 12 2014 12.51 30.18 0.0 4.84
11 12 2014 13.75 30.17 0.03 5.12
12 12 2014 16.28 29.74 6.74 3.25
13 12 2014 12.65 27.09 1.25 3.19
14 12 2014 9.62 24.55 0.06 2.94
15 12 2014 7.01 23.9 0.0 3.19
16 12 2014 7.38 24.28 0.0 3.56
17 12 2014 5.83 24.94 0.0 3.43
18 12 2014 7.2 25.55 0.0 3.41
19 12 2014 8.76 23.32 0.0 3.29
20 12 2014 9.85 24.7 0.0 3.27
21 12 2014 6.92 27.14 0.0 3.44
22 12 2014 7.9 28.25 0.0 4.09
23 12 2014 9.23 27.54 0.0 3.59
24 12 2014 8.93 26.91 0.0 3.93
25 12 2014 9.05 26.3 0.0 4.0
26 12 2014 8.44 26.22 0.0 4.6
27 12 2014 6.26 25.15 0.0 3.44
28 12 2014 6.51 25.09 0.0 4.17
29 12 2014 6.97 25.46 0.0 4.22
30 12 2014 7.26 26.51 0.0 4.39
31 12 2014 9.65 26.27 0.1 4.15
1 1 2015 12.3 20.65 6.13 2.09
2 1 2015 11.41 23.64 0.28 2.08
3 1 2015 10.63 25.11 0.12 2.14
4 1 2015 9.59 25.29 0.01 2.92
5 1 2015 7.79 26.26 0.0 3.17
6 1 2015 10.98 27.65 0.0 3.46
7 1 2015 9.54 27.76 0.0 3.48
8 1 2015 8.23 26.53 0.0 3.51
9 1 2015 7.97 27.26 0.0 3.22
10 1 2015 10.02 28.19 0.0 3.3
11 1 2015 9.12 29.82 0.0 3.52
12 1 2015 9.79 30.4 0.0 3.27
13 1 2015 9.57 28.76 0.0 3.87
14 1 2015 13.19 27.52 0.0 4.17
15 1 2015 9.05 24.95 0.0 4.2
16 1 2015 8.53 25.55 0.0 4.08
17 1 2015 7.05 25.51 0.0 3.97
18 1 2015 7.58 26.67 0.0 3.91
19 1 2015 8.33 27.87 0.0 4.27
20 1 2015 10.23 27.87 0.0 4.53
21 1 2015 11.59 26.94 4.3 2.97
22 1 2015 13.9 24.23 2.73 2.25
23 1 2015 12.91 23.99 0.0 2.38
24 1 2015 10.19 25.01 0.0 2.67
25 1 2015 12.24 20.94 4.68 1.74
26 1 2015 10.71 24.23 0.02 2.16
27 1 2015 9.7 23.8 0.0 2.63
28 1 2015 8.4 23.88 0.0 3.2
29 1 2015 7.4 25.55 0.0 4.03
30 1 2015 6.78 25.8 0.0 4.28
31 1 2015 7.74 28.92 0.0 3.81
1 2 2015 9.15 29.58 0.0 4.75
2 2 2015 12.12 29.35 0.0 4.43
3 2 2015 13.57 29.83 0.0 4.23
4 2 2015 11.03 28.34 0.0 4.76
5 2 2015 10.92 28.91 0.0 4.18
6 2 2015 12.84 30.2 0.0 4.42
7 2 2015 12.11 30.19 0.0 5.03
8 2 2015 12.58 30.23 0.09 4.36
9 2 2015 12.98 28.99 0.04 4.5
10 2 2015 12.6 29.72 0.0 4.96
11 2 2015 14.04 29.87 0.29 4.42
12 2 2015 12.15 30.8 0.0 5.1
13 2 2015 11.19 32.51 0.0 4.87
14 2 2015 15.54 33.36 0.0 5.42
15 2 2015 15.05 34.7 0.0 4.1
16 2 2015 14.94 34.22 0.0 6.28
17 2 2015 15.83 34.07 0.0 5.51
18 2 2015 14.85 33.43 0.0 5.18
19 2 2015 15.85 33.56 0.0 5.77
20 2 2015 17.42 33.7 0.0 4.85
21 2 2015 15.93 34.62 0.0 5.0
22 2 2015 16.41 36.48 0.0 5.28
23 2 2015 17.04 36.15 0.0 5.13
24 2 2015 19.14 34.44 0.0 5.69
25 2 2015 17.55 31.65 0.0 6.54
26 2 2015 13.1 30.48 0.0 6.42
27 2 2015 10.79 30.28 0.0 4.87
28 2 2015 13.73 30.85 0.0 5.02
1 3 2015 15.38 27.37 7.16 3.75
2 3 2015 14.26 27.23 1.19 4.37
3 3 2015 12.07 26.69 0.0 4.11
4 3 2015 12.19 28.43 0.0 4.41
5 3 2015 14.17 30.47 0.0 4.87
6 3 2015 14.13 31.76 0.0 4.75
7 3 2015 15.49 32.56 0.0 5.66
8 3 2015 18.19 32.71 0.0 5.92
9 3 2015 13.05 30.69 0.0 8.23
10 3 2015 10.2 32.52 0.0 6.87
11 3 2015 15.22 35.46 0.04 6.64
12 3 2015 19.14 35.49 1.43 6.2
13 3 2015 20.01 33.46 7.35 6.01
14 3 2015 19.05 28.08 10.98 3.67
15 3 2015 17.09 29.03 4.3 3.91
16 3 2015 13.89 29.98 0.0 4.76
17 3 2015 13.99 30.42 0.0 5.19
18 3 2015 12.84 31.54 0.0 6.05
19 3 2015 13.45 32.98 0.0 5.56
20 3 2015 15.0 35.48 0.0 5.64
21 3 2015 17.64 36.65 0.0 5.42
22 3 2015 20.74 38.66 0.0 6.15
23 3 2015 19.86 38.68 0.0 6.51
24 3 2015 20.41 40.08 0.0 5.89
25 3 2015 20.49 40.58 0.0 6.23
26 3 2015 22.7 38.44 0.0 6.36
27 3 2015 23.59 40.27 0.0 6.2
28 3 2015 22.51 41.05 0.0 6.57
29 3 2015 25.19 36.32 0.11 6.33
30 3 2015 22.7 36.44 0.0 8.56
31 3 2015 20.03 37.33 0.0 7.28
1 4 2015 19.87 38.35 0.0 8.19
2 4 2015 20.54 37.94 0.0 8.99
3 4 2015 20.71 37.65 0.0 9.11
4 4 2015 19.86 34.23 0.06 7.2
5 4 2015 20.95 35.33 0.0 4.99
6 4 2015 22.47 36.01 2.6 4.05
7 4 2015 21.07 36.89 0.41 5.91
8 4 2015 22.02 38.16 0.04 7.51
9 4 2015 21.37 39.07 0.23 7.3
10 4 2015 21.76 40.24 0.0 7.59
11 4 2015 24.59 38.73 0.09 9.31
12 4 2015 21.2 32.42 9.98 5.48
13 4 2015 19.8 31.58 0.29 4.89
14 4 2015 19.08 32.72 0.41 5.16
15 4 2015 19.78 34.52 0.04 5.63
16 4 2015 21.78 38.64 0.0 7.54
17 4 2015 22.15 41.08 0.0 8.41
18 4 2015 25.26 42.86 0.0 10.97
19 4 2015 23.65 43.3 0.0 9.58
20 4 2015 24.35 42.91 0.0 10.95
21 4 2015 24.48 42.89 0.0 10.56
22 4 2015 23.16 42.02 0.0 10.16
23 4 2015 22.05 41.46 0.0 9.83
24 4 2015 23.36 42.1 0.0 10.15
25 4 2015 23.19 42.78 0.0 8.93
26 4 2015 24.08 43.82 0.0 10.71
27 4 2015 24.39 44.43 0.0 11.19
28 4 2015 24.29 43.31 0.0 10.82
29 4 2015 25.34 43.69 0.0 9.34
30 4 2015 24.12 42.8 0.0 11.0
1 5 2015 25.06 42.81 0.0 9.78
2 5 2015 24.72 42.77 0.0 8.64
3 5 2015 23.95 42.92 0.0 9.47
4 5 2015 25.04 43.8 0.0 8.9
5 5 2015 26.05 43.9 0.0 8.46
6 5 2015 26.27 43.94 0.0 10.43
7 5 2015 25.78 43.94 0.0 11.28
8 5 2015 27.55 42.94 0.0 11.23
9 5 2015 27.27 42.94 0.0 10.7
10 5 2015 26.32 42.09 0.0 9.74
11 5 2015 26.93 42.9 0.01 10.32
12 5 2015 27.84 41.87 0.03 9.49
13 5 2015 27.3 42.12 0.19 8.58
14 5 2015 26.91 41.32 0.62 7.35
15 5 2015 28.42 43.54 0.0 9.59
16 5 2015 28.42 45.4 0.0 11.91
17 5 2015 28.73 45.35 0.0 12.58
18 5 2015 27.52 45.83 0.0 13.03
19 5 2015 27.71 45.98 0.0 12.3
20 5 2015 28.08 44.8 0.0 11.24
21 5 2015 28.21 43.33 0.0 10.83
22 5 2015 28.3 43.72 0.0 12.79
23 5 2015 27.66 42.72 0.0 12.12
24 5 2015 26.77 41.74 0.0 12.16
25 5 2015 28.19 41.72 0.0 11.83
26 5 2015 26.99 41.97 0.0 11.47
27 5 2015 28.12 42.65 0.0 11.14
28 5 2015 27.54 42.71 0.02 11.1
29 5 2015 28.21 44.19 0.0 11.42
30 5 2015 28.36 44.48 0.0 11.65
31 5 2015 27.47 44.96 0.0 10.71
1 6 2015 27.63 43.58 0.0 11.68
2 6 2015 27.03 41.24 1.83 10.33
3 6 2015 27.18 35.55 18.38 6.51
4 6 2015 24.89 37.91 0.56 6.53
5 6 2015 25.19 39.95 0.0 7.51
6 6 2015 25.26 41.76 0.0 8.45
7 6 2015 26.5 43.52 0.0 8.21
8 6 2015 28.87 40.69 0.0 8.25
9 6 2015 28.62 37.57 0.01 8.51
10 6 2015 27.83 39.89 0.8 9.51
11 6 2015 28.21 37.54 2.32 7.46
12 6 2015 26.73 35.69 16.6 6.15
13 6 2015 25.83 37.58 5.67 7.07
14 6 2015 25.73 37.12 2.83 7.46
15 6 2015 26.06 37.29 5.28 7.07
16 6 2015 26.07 36.33 4.9 5.89
17 6 2015 25.27 36.75 3.52 5.95
18 6 2015 26.09 35.73 2.47 5.77
19 6 2015 26.03 34.67 1.61 5.58
20 6 2015 26.04 35.04 0.09 4.47
21 6 2015 26.98 36.19 4.77 5.1
22 6 2015 26.05 32.31 8.03 5.1
23 6 2015 25.23 34.9 1.2 6.07
24 6 2015 25.37 32.49 17.36 4.67
25 6 2015 25.15 34.57 5.04 6.0
26 6 2015 24.66 35.54 1.85 6.36
27 6 2015 25.02 36.41 0.0 7.2
28 6 2015 24.75 36.4 0.04 7.12
29 6 2015 24.8 36.73 1.08 6.78
30 6 2015 25.18 36.26 0.58 6.75
1 7 2015 25.08 34.84 0.0 6.86
2 7 2015 24.37 35.15 0.0 6.76
3 7 2015 24.38 37.05 0.0 7.28
4 7 2015 24.51 37.02 0.0 8.08
5 7 2015 24.81 37.12 0.0 8.06
6 7 2015 24.67 37.07 0.0 6.84
7 7 2015 25.02 35.97 0.0 6.42
8 7 2015 25.11 37.53 1.43 6.92
9 7 2015 24.89 36.69 2.32 6.96
10 7 2015 24.97 36.88 3.09 7.32
11 7 2015 25.15 37.36 2.24 6.58
12 7 2015 25.54 34.48 1.08 6.24
13 7 2015 25.25 35.44 0.48 6.13
14 7 2015 25.58 37.55 0.04 7.51
15 7 2015 25.44 38.08 0.01 8.07
16 7 2015 25.87 34.78 0.0 6.74
17 7 2015 26.13 32.72 0.9 5.99
18 7 2015 25.72 34.8 14.07 4.01
19 7 2015 25.19 31.44 29.98 2.67
20 7 2015 24.55 30.15 23.65 2.95
21 7 2015 24.57 32.5 14.11 3.62
22 7 2015 25.23 31.62 5.66 2.53
23 7 2015 25.32 32.73 6.64 2.84
24 7 2015 24.58 31.86 1.72 3.22
25 7 2015 25.27 29.79 19.66 1.95
26 7 2015 24.23 28.26 38.39 2.0
27 7 2015 23.9 29.17 13.09 2.71
28 7 2015 23.54 27.17 56.28 2.02
29 7 2015 23.41 29.55 17.97 2.51
30 7 2015 22.99 31.09 1.65 3.85
31 7 2015 23.01 30.7 0.05 3.53
1 8 2015 23.12 30.76 0.29 3.26
2 8 2015 23.3 30.8 0.35 3.77
3 8 2015 23.05 31.71 0.98 3.77
4 8 2015 23.65 31.03 17.64 4.2
5 8 2015 23.32 30.55 9.36 3.49
6 8 2015 23.44 31.67 0.32 3.63
7 8 2015 24.17 29.03 0.03 4.02
8 8 2015 24.15 31.31 0.03 3.83
9 8 2015 24.03 31.93 8.99 3.52
10 8 2015 23.9 29.19 26.02 3.39
11 8 2015 24.02 31.08 19.16 2.27
12 8 2015 24.3 29.62 47.66 2.96
13 8 2015 23.53 31.17 6.67 2.44
14 8 2015 24.4 30.17 8.49 3.21
15 8 2015 24.02 29.33 33.76 3.63
16 8 2015 24.08 29.59 16.26 2.6
17 8 2015 23.42 30.67 5.87 2.4
18 8 2015 24.07 29.83 2.05 3.49
19 8 2015 23.8 30.85 0.3 3.75
20 8 2015 23.4 30.54 0.0 3.69
21 8 2015 22.78 30.57 0.01 4.37
22 8 2015 22.09 30.94 0.0 4.17
23 8 2015 22.71 31.09 0.0 4.02
24 8 2015 22.87 30.76 0.0 4.67
25 8 2015 22.9 30.85 0.0 4.59
26 8 2015 22.83 31.4 0.0 4.56
27 8 2015 22.23 31.44 0.0 4.44
28 8 2015 22.41 31.7 0.04 4.34
29 8 2015 23.34 31.58 2.16 4.44
30 8 2015 23.34 31.68 0.5 4.16
31 8 2015 23.39 31.15 0.63 3.82
1 9 2015 22.84 30.45 2.2 3.9
2 9 2015 21.98 30.06 2.38 4.11
3 9 2015 20.48 30.3 0.07 4.35
4 9 2015 21.0 31.49 0.0 4.44
5 9 2015 21.05 32.15 0.0 4.26
6 9 2015 21.45 31.34 0.0 4.54
7 9 2015 20.4 30.59 0.0 4.71
8 9 2015 19.92 30.94 0.01 4.69
9 9 2015 21.11 31.1 0.0 4.54
10 9 2015 20.72 33.38 0.0 4.64
11 9 2015 23.26 34.39 0.01 4.42
12 9 2015 22.35 35.18 0.06 5.25
13 9 2015 22.8 35.69 0.01 4.93
14 9 2015 22.66 36.29 0.08 5.07
15 9 2015 23.05 36.6 0.0 5.07
16 9 2015 23.15 36.39 0.0 5.41
17 9 2015 23.12 35.1 0.52 5.41
18 9 2015 24.51 31.51 24.42 3.75
19 9 2015 24.5 32.06 2.31 2.78
20 9 2015 23.19 30.67 2.33 3.36
21 9 2015 22.55 30.58 5.26 3.1
22 9 2015 23.12 31.57 4.02 3.83
23 9 2015 21.47 31.46 0.0 4.15
24 9 2015 19.82 31.27 0.0 4.5
25 9 2015 19.37 31.28 0.0 4.84
26 9 2015 18.41 32.13 0.0 4.68
27 9 2015 18.83 32.7 0.0 4.55
28 9 2015 19.62 34.31 0.01 4.47
29 9 2015 20.83 34.85 0.02 4.81
30 9 2015 21.26 35.33 0.0 5.43
1 10 2015 18.77 35.37 0.0 5.38
2 10 2015 20.04 36.11 0.0 5.07
3 10 2015 20.71 36.63 0.0 5.29
4 10 2015 20.11 36.11 0.0 5.06
5 10 2015 21.05 37.1 0.0 4.85
6 10 2015 20.98 37.55 0.0 4.97
7 10 2015 21.61 37.94 0.0 4.89
8 10 2015 19.67 37.09 0.0 5.5
9 10 2015 19.33 37.4 0.0 5.38
10 10 2015 19.21 36.07 0.0 5.38
11 10 2015 19.33 35.92 0.0 4.8
12 10 2015 21.02 36.72 0.0 4.52
13 10 2015 19.69 37.02 0.0 4.5
14 10 2015 19.02 37.47 0.0 4.95
15 10 2015 19.23 36.85 0.0 5.39
16 10 2015 20.33 36.9 0.0 4.81
17 10 2015 21.14 37.62 0.0 4.15
18 10 2015 22.01 37.84 0.0 4.04
19 10 2015 22.31 38.17 0.0 4.89
20 10 2015 23.05 37.58 0.0 4.82
21 10 2015 23.16 37.05 0.0 4.61
22 10 2015 21.68 37.01 0.0 5.2
23 10 2015 19.82 36.75 0.0 5.28
24 10 2015 19.37 36.57 0.0 4.72
25 10 2015 21.74 36.73 0.17 4.76
26 10 2015 20.35 34.62 0.13 4.0
27 10 2015 19.0 35.26 0.01 3.94
28 10 2015 18.56 34.42 0.21 5.81
29 10 2015 16.03 30.43 0.22 5.09
30 10 2015 15.94 31.24 0.0 5.4
31 10 2015 15.43 31.09 0.0 5.09
1 11 2015 16.78 32.77 0.0 4.87
2 11 2015 18.51 33.73 0.0 4.34
3 11 2015 18.75 34.26 0.0 3.71
4 11 2015 20.71 34.68 0.0 3.74
5 11 2015 19.98 35.13 0.0 4.52
6 11 2015 18.39 34.51 0.0 4.49
7 11 2015 17.64 33.96 0.0 4.46
8 11 2015 18.63 34.12 0.0 4.03
9 11 2015 20.21 34.53 0.0 4.17
10 11 2015 18.58 34.78 0.0 3.78
11 11 2015 18.44 35.02 0.0 3.55
12 11 2015 19.04 35.3 0.0 3.49
13 11 2015 18.94 34.72 0.0 3.81
14 11 2015 17.74 34.98 0.0 4.64
15 11 2015 17.87 34.92 0.0 4.53
16 11 2015 16.82 33.52 0.0 4.6
17 11 2015 15.79 32.68 0.0 5.17
18 11 2015 14.53 32.39 0.0 5.6
19 11 2015 14.36 33.37 0.0 5.35
20 11 2015 13.9 32.98 0.0 5.39
21 11 2015 14.62 33.42 0.0 5.18
22 11 2015 16.81 32.09 0.0 4.28
23 11 2015 17.65 32.62 0.0 3.39
24 11 2015 18.99 31.61 0.0 3.61
25 11 2015 20.26 32.11 0.0 4.07
26 11 2015 19.21 31.32 0.0 4.33
27 11 2015 16.54 28.86 0.0 5.2
28 11 2015 14.68 29.36 0.0 4.47
29 11 2015 15.68 32.36 0.0 4.49
30 11 2015 18.69 33.91 0.0 3.94
1 12 2015 20.58 34.3 0.24 4.3
2 12 2015 16.34 31.98 0.01 5.58
3 12 2015 12.81 30.73 0.0 5.0
4 12 2015 11.61 31.39 0.0 4.06
5 12 2015 12.86 32.66 0.0 3.67
6 12 2015 13.17 32.2 0.0 3.55
7 12 2015 12.94 31.79 0.0 3.55
8 12 2015 12.88 31.71 0.0 3.8
9 12 2015 13.25 31.73 0.0 4.42
10 12 2015 17.36 31.81 0.0 4.22
11 12 2015 13.09 29.15 0.0 3.86
12 12 2015 9.41 27.68 0.0 4.84
13 12 2015 8.87 27.59 0.0 4.81
14 12 2015 8.8 26.46 0.0 4.88
15 12 2015 7.38 28.37 0.0 4.69
16 12 2015 7.74 28.83 0.0 3.45
17 12 2015 9.34 27.52 0.0 4.17
18 12 2015 8.01 27.29 0.0 4.75
19 12 2015 8.2 28.34 0.0 4.01
20 12 2015 9.76 28.55 0.0 3.83
21 12 2015 8.6 26.41 0.0 4.63
22 12 2015 7.79 25.52 0.0 4.03
23 12 2015 7.24 24.2 0.0 3.62
24 12 2015 7.4 24.6 0.0 4.18
25 12 2015 6.79 26.09 0.0 4.23
26 12 2015 8.26 27.21 0.0 3.97
27 12 2015 11.4 29.64 0.0 3.98
28 12 2015 13.75 32.46 0.0 3.97
29 12 2015 14.34 34.03 0.0 3.95
30 12 2015 15.22 33.47 0.0 4.02
31 12 2015 15.26 32.69 0.0 3.96
1 1 2016 12.52 31.84 0.0 4.06
2 1 2016 12.56 30.52 0.0 4.02
3 1 2016 12.43 30.08 0.0 3.98
4 1 2016 12.65 30.52 0.0 3.17
5 1 2016 13.82 31.04 0.0 3.57
6 1 2016 13.68 30.01 0.0 3.93
7 1 2016 14.09 30.75 0.0 3.85
8 1 2016 13.61 29.85 0.0 4.06
9 1 2016 11.85 28.96 0.0 4.05
10 1 2016 11.46 29.67 0.0 3.55
11 1 2016 12.01 29.69 0.0 3.83
12 1 2016 12.34 28.99 0.0 3.94
13 1 2016 12.13 29.07 0.0 3.56
14 1 2016 10.3 28.26 0.0 3.51
15 1 2016 11.11 28.22 0.0 3.91
16 1 2016 11.26 27.8 0.0 3.78
17 1 2016 12.48 28.01 0.0 3.82
18 1 2016 14.4 27.52 0.23 3.34
19 1 2016 13.71 24.92 0.59 3.07
20 1 2016 10.13 24.8 0.0 2.95
21 1 2016 7.32 25.15 0.0 3.25
22 1 2016 7.08 26.39 0.0 3.57
23 1 2016 7.35 27.72 0.0 3.82
24 1 2016 7.69 28.55 0.0 4.08
25 1 2016 8.78 29.51 0.0 4.04
26 1 2016 10.16 30.51 0.0 4.44
27 1 2016 10.94 29.84 0.0 4.33
28 1 2016 12.8 30.95 0.0 3.8
29 1 2016 14.33 33.09 0.0 4.7
30 1 2016 17.12 32.52 0.0 4.72
31 1 2016 14.32 32.13 0.0 4.28
1 2 2016 13.98 30.8 0.0 4.27
2 2 2016 13.08 29.35 0.0 3.98
3 2 2016 12.52 29.1 0.0 5.2
4 2 2016 9.48 29.69 0.0 5.05
5 2 2016 10.37 31.24 0.0 4.79
6 2 2016 11.61 31.05 0.0 5.74
7 2 2016 11.83 29.65 0.0 5.06
8 2 2016 10.31 29.66 0.0 5.49
9 2 2016 10.82 30.31 0.0 4.75
10 2 2016 11.26 30.65 0.0 5.34
11 2 2016 12.73 29.82 0.0 5.39
12 2 2016 11.3 28.91 0.0 5.25
13 2 2016 13.39 29.4 0.0 5.0
14 2 2016 10.19 29.23 0.0 4.97
15 2 2016 12.25 30.8 0.0 5.44
16 2 2016 15.43 31.19 0.0 6.15
17 2 2016 17.19 34.34 0.0 6.28
18 2 2016 19.29 36.33 0.0 6.51
19 2 2016 18.08 35.57 0.0 5.79
20 2 2016 21.07 30.78 0.0 3.87
21 2 2016 17.14 32.8 0.0 5.66
22 2 2016 15.26 33.8 0.0 5.44
23 2 2016 13.56 34.92 0.0 5.48
24 2 2016 14.12 35.33 0.0 6.08
25 2 2016 15.14 35.31 0.0 6.53
26 2 2016 16.88 34.77 0.0 7.34
27 2 2016 14.54 35.28 0.0 7.36
28 2 2016 15.08 35.94 0.0 6.88
29 2 2016 16.58 36.5 0.0 7.2
1 3 2016 17.74 36.8 0.0 6.7
2 3 2016 20.13 36.9 0.0 6.6
3 3 2016 20.0 36.93 0.06 6.17
4 3 2016 20.58 36.02 0.0 5.82
5 3 2016 20.3 35.74 0.01 6.59
6 3 2016 18.35 34.55 0.01 5.76
7 3 2016 18.15 33.81 0.0 6.64
8 3 2016 17.0 34.33 0.0 5.94
9 3 2016 18.41 35.3 0.0 5.52
10 3 2016 20.65 36.79 0.0 6.22
11 3 2016 20.7 37.62 0.0 6.92
12 3 2016 19.58 34.44 0.04 6.6
13 3 2016 19.04 31.83 0.23 5.67
14 3 2016 17.92 33.45 0.0 5.55
15 3 2016 18.72 34.67 0.0 5.1
16 3 2016 19.11 35.39 0.0 6.67
17 3 2016 19.23 36.1 0.0 7.33
18 3 2016 22.1 36.19 0.0 7.73
19 3 2016 19.9 37.4 0.0 7.74
20 3 2016 20.17 37.52 0.0 7.86
21 3 2016 20.71 38.34 0.0 7.48
22 3 2016 19.19 38.24 0.0 9.04
23 3 2016 18.0 39.55 0.0 6.24
24 3 2016 21.32 41.05 0.0 5.91
25 3 2016 23.71 41.4 0.0 7.02
26 3 2016 22.73 39.62 0.0 6.5
27 3 2016 22.69 38.99 0.0 7.58
28 3 2016 19.23 38.75 0.0 7.43
29 3 2016 19.46 39.19 0.0 6.59
30 3 2016 22.8 40.78 0.0 7.72
31 3 2016 22.94 40.2 0.0 7.91
1 4 2016 22.55 40.66 0.0 8.03
2 4 2016 24.25 42.08 0.0 7.77
3 4 2016 24.58 41.39 0.0 8.46
4 4 2016 24.46 39.58 0.0 7.94
5 4 2016 22.82 39.66 0.0 8.97
6 4 2016 23.53 38.45 0.0 8.71
7 4 2016 24.15 37.61 0.0 8.3
8 4 2016 20.4 38.38 0.0 8.57
9 4 2016 21.33 38.62 0.0 8.08
10 4 2016 22.44 38.51 0.0 8.66
11 4 2016 23.52 38.72 0.0 9.12
12 4 2016 22.03 40.05 0.0 8.48
13 4 2016 22.61 40.8 0.0 9.42
14 4 2016 23.02 41.5 0.0 9.0
15 4 2016 23.05 42.26 0.0 9.2
16 4 2016 24.66 40.9 0.0 9.88
17 4 2016 22.76 37.56 0.0 8.75
18 4 2016 23.21 38.65 0.0 8.25
19 4 2016 25.31 41.01 0.0 8.71
20 4 2016 24.89 42.15 0.0 9.12
21 4 2016 24.23 41.34 0.0 10.09
22 4 2016 21.83 38.94 0.0 10.53
23 4 2016 23.36 39.9 0.0 9.97
24 4 2016 22.79 38.47 0.0 8.59
25 4 2016 23.12 38.92 0.0 9.04
26 4 2016 26.01 38.19 0.0 7.31
27 4 2016 23.9 40.8 0.0 9.25
28 4 2016 24.24 43.24 0.0 8.7
29 4 2016 24.95 44.42 0.0 8.55
30 4 2016 25.26 44.42 0.0 10.19
1 5 2016 25.58 43.53 0.0 10.94
2 5 2016 27.64 39.5 0.0 9.75
3 5 2016 26.36 42.57 0.0 11.19
4 5 2016 26.32 40.98 0.0 10.95
5 5 2016 25.05 40.3 0.03 8.56
6 5 2016 25.35 40.02 0.5 7.77
7 5 2016 26.8 40.76 0.02 7.63
8 5 2016 27.97 43.25 1.99 9.81
9 5 2016 27.91 43.31 0.66 10.07
10 5 2016 27.8 42.55 1.78 9.29
11 5 2016 27.44 43.53 0.03 9.04
12 5 2016 27.08 43.57 4.12 10.8
13 5 2016 26.23 43.86 0.0 10.57
14 5 2016 25.86 43.58 0.0 10.53
15 5 2016 27.59 44.3 0.0 10.58
16 5 2016 27.5 44.84 0.13 8.87
17 5 2016 30.02 45.96 0.05 8.7
18 5 2016 29.52 48.23 0.0 11.1
19 5 2016 30.23 48.15 0.0 9.96
20 5 2016 31.13 47.44 0.0 14.45
21 5 2016 28.04 43.73 0.0 13.26
22 5 2016 26.89 41.73 0.0 12.18
23 5 2016 26.69 41.81 0.0 12.03
24 5 2016 26.97 41.15 0.0 11.26
25 5 2016 27.34 41.58 0.0 11.6
26 5 2016 28.03 41.74 0.0 11.51
27 5 2016 28.42 41.12 0.03 11.09
28 5 2016 28.33 40.58 0.03 10.99
29 5 2016 27.75 40.36 0.0 10.76
30 5 2016 27.26 40.69 0.0 10.65
31 5 2016 28.18 40.81 0.0 10.2
1 6 2016 27.51 41.48 0.0 9.59
2 6 2016 28.3 42.51 0.0 10.34
3 6 2016 27.83 43.73 0.0 9.87
4 6 2016 30.12 45.81 0.0 11.65
5 6 2016 30.4 46.55 0.0 11.81
6 6 2016 29.52 46.61 0.0 11.38
7 6 2016 28.36 44.9 0.0 11.32
8 6 2016 28.76 45.13 0.0 12.29
9 6 2016 29.26 42.12 0.0 11.76
10 6 2016 28.33 42.31 0.0 11.65
11 6 2016 28.95 40.65 0.0 11.03
12 6 2016 28.52 41.92 0.0 11.07
13 6 2016 28.36 40.95 0.0 11.19
14 6 2016 28.37 39.64 0.0 10.66
15 6 2016 28.07 40.59 0.0 11.1
16 6 2016 27.73 40.1 0.0 10.19
17 6 2016 27.9 41.14 0.1 9.89
18 6 2016 27.99 42.02 0.68 9.19
19 6 2016 30.2 42.62 3.95 7.36
20 6 2016 27.15 40.62 19.11 7.35
21 6 2016 25.98 33.55 3.28 4.02
22 6 2016 26.38 34.5 2.97 4.16
23 6 2016 26.53 31.76 3.12 4.93
24 6 2016 25.3 32.43 3.04 5.03
25 6 2016 25.72 31.6 1.45 4.4
26 6 2016 24.94 36.39 6.68 5.79
27 6 2016 25.96 34.51 10.54 5.23
28 6 2016 25.54 33.11 3.06 4.04
29 6 2016 26.19 35.79 5.82 5.56
30 6 2016 24.85 37.41 0.26 6.02
1 7 2016 25.82 36.83 0.09 6.5
2 7 2016 25.9 35.71 0.21 5.88
3 7 2016 25.94 31.42 60.99 3.7
4 7 2016 25.5 32.03 14.29 3.42
5 7 2016 25.03 35.03 0.89 6.17
6 7 2016 25.65 36.44 0.0 6.44
7 7 2016 25.33 33.44 0.0 5.23
8 7 2016 25.26 34.12 2.3 5.6
9 7 2016 25.61 32.94 9.82 3.96
10 7 2016 25.15 32.1 15.12 3.18
11 7 2016 24.55 33.11 6.3 2.93
12 7 2016 24.7 28.44 35.7 2.11
13 7 2016 24.38 28.28 15.21 2.14
14 7 2016 24.14 31.83 6.57 4.06
15 7 2016 24.47 30.96 1.73 3.39
16 7 2016 24.69 30.78 3.16 2.83
17 7 2016 24.48 31.1 0.62 3.59
18 7 2016 24.05 31.23 2.54 4.49
19 7 2016 23.64 32.3 1.37 4.94
20 7 2016 23.6 31.81 0.23 4.45
21 7 2016 23.94 32.58 0.0 5.01
22 7 2016 24.05 33.51 0.0 5.5
23 7 2016 24.05 32.19 8.19 4.13
24 7 2016 24.12 32.16 19.96 3.94
25 7 2016 24.65 31.51 6.81 4.07
26 7 2016 25.03 30.98 14.56 2.81
27 7 2016 24.55 30.49 17.5 2.54
28 7 2016 23.98 31.09 7.31 2.79
29 7 2016 23.8 31.02 4.71 2.68
30 7 2016 23.64 30.84 9.78 3.35
31 7 2016 24.15 30.85 17.73 2.3
1 8 2016 24.17 29.73 40.55 2.9
2 8 2016 24.16 29.41 25.93 2.39
3 8 2016 23.84 26.83 51.61 2.4
4 8 2016 23.47 29.69 12.98 2.12
5 8 2016 24.31 29.32 9.63 3.4
6 8 2016 24.42 29.9 10.01 1.96
7 8 2016 23.36 27.68 38.13 1.46
8 8 2016 24.1 26.87 65.71 1.33
9 8 2016 24.19 27.58 33.41 1.53
10 8 2016 23.98 30.4 21.39 2.58
11 8 2016 23.89 27.98 24.01 1.96
12 8 2016 23.76 28.98 3.66 3.53
13 8 2016 23.26 30.26 0.65 3.49
14 8 2016 23.49 29.98 0.12 3.81
15 8 2016 23.18 29.58 0.03 3.94
16 8 2016 22.83 30.06 0.0 3.94
17 8 2016 22.71 30.33 0.0 4.16
18 8 2016 23.01 30.15 2.45 3.74
19 8 2016 22.01 28.12 24.83 2.19
20 8 2016 22.94 26.85 35.04 1.5
21 8 2016 22.88 28.15 33.66 1.89
22 8 2016 23.01 30.3 15.76 2.19
23 8 2016 23.91 26.94 18.88 1.89
24 8 2016 23.89 28.67 6.56 2.9
25 8 2016 23.43 28.62 1.02 2.59
26 8 2016 23.17 30.85 0.27 3.9
27 8 2016 23.51 30.38 12.07 3.02
28 8 2016 24.49 30.44 5.98 3.5
29 8 2016 24.06 30.57 3.03 4.02
30 8 2016 24.0 29.83 11.72 3.65
31 8 2016 24.43 28.75 32.31 3.15
1 9 2016 23.75 29.44 12.06 2.5
2 9 2016 22.76 29.01 2.11 3.5
3 9 2016 21.77 28.56 0.1 3.86
4 9 2016 21.38 28.8 0.0 3.83
5 9 2016 21.96 28.78 0.0 3.96
6 9 2016 21.57 28.62 0.0 4.03
7 9 2016 21.55 28.79 0.0 3.64
8 9 2016 21.31 28.83 0.41 3.01
9 9 2016 20.73 29.22 0.04 3.78
10 9 2016 20.59 28.9 0.0 3.96
11 9 2016 20.8 29.49 0.0 3.99
12 9 2016 20.8 30.15 0.0 4.15
13 9 2016 21.07 30.64 0.03 4.25
14 9 2016 22.32 31.15 0.21 3.9
15 9 2016 22.44 31.7 0.4 4.18
16 9 2016 23.7 31.46 1.1 3.45
17 9 2016 23.32 32.01 1.24 4.23
18 9 2016 23.72 31.12 7.35 4.02
19 9 2016 23.52 31.14 9.26 4.37
20 9 2016 22.57 31.74 0.83 4.25
21 9 2016 22.66 31.87 2.32 4.22
22 9 2016 23.1 31.12 0.14 3.02
23 9 2016 22.28 31.86 0.02 4.25
24 9 2016 22.33 32.17 0.0 4.33
25 9 2016 22.18 31.85 1.12 4.39
26 9 2016 20.97 31.93 0.05 4.48
27 9 2016 21.23 31.94 0.32 4.48
28 9 2016 21.78 32.06 0.14 4.57
29 9 2016 20.11 31.27 0.0 4.4
30 9 2016 20.06 31.01 0.0 4.14
1 10 2016 22.49 29.87 6.1 2.9
2 10 2016 23.51 30.4 6.91 3.68
3 10 2016 24.14 30.76 3.36 3.65
4 10 2016 23.85 30.27 1.84 3.09
5 10 2016 23.75 27.83 17.01 2.33
6 10 2016 22.97 29.72 18.14 2.62
7 10 2016 22.76 29.92 5.54 3.48
8 10 2016 21.67 31.9 0.18 3.83
9 10 2016 21.42 31.31 0.02 4.0
10 10 2016 20.58 29.9 0.0 3.78
11 10 2016 19.64 30.19 0.0 3.98
12 10 2016 16.64 28.56 0.0 3.86
13 10 2016 17.67 30.25 0.0 3.74
14 10 2016 18.26 30.63 0.0 3.75
15 10 2016 20.05 31.07 0.0 3.29
16 10 2016 21.87 31.65 0.0 3.94
17 10 2016 20.15 31.15 0.0 3.84
18 10 2016 20.61 31.26 0.0 3.93
19 10 2016 18.26 31.09 0.0 4.13
20 10 2016 18.87 30.45 0.0 4.19
21 10 2016 17.44 29.67 0.0 3.9
22 10 2016 18.76 29.05 0.0 3.64
23 10 2016 18.24 29.75 0.0 3.76
24 10 2016 16.97 29.21 0.0 3.65
25 10 2016 16.68 29.41 0.0 3.4
26 10 2016 17.17 30.9 0.0 3.75
27 10 2016 16.56 31.89 0.0 4.31
28 10 2016 14.29 31.59 0.0 3.66
29 10 2016 16.31 30.87 0.0 3.44
30 10 2016 15.38 29.76 0.0 3.58
31 10 2016 16.52 30.16 0.0 3.53
1 11 2016 14.12 30.98 0.0 3.82
2 11 2016 13.23 29.29 0.0 3.57
3 11 2016 13.25 29.31 0.0 3.64
4 11 2016 13.24 28.75 0.0 3.37
5 11 2016 14.49 31.04 0.0 3.3
6 11 2016 16.73 30.84 0.0 3.29
7 11 2016 15.15 31.48 0.0 3.87
8 11 2016 12.03 31.81 0.0 3.57
9 11 2016 13.93 30.8 0.0 2.98
10 11 2016 14.05 30.92 0.0 3.43
11 11 2016 15.37 31.06 0.0 3.4
12 11 2016 13.89 30.72 0.0 3.27
13 11 2016 12.85 30.3 0.0 3.33
14 11 2016 11.78 30.08 0.0 3.46
15 11 2016 11.23 29.12 0.0 3.33
16 11 2016 12.09 29.91 0.0 3.47
17 11 2016 12.16 29.58 0.0 3.62
18 11 2016 13.22 30.35 0.0 3.22
19 11 2016 13.76 30.65 0.0 3.03
20 11 2016 14.31 30.97 0.0 3.32
21 11 2016 15.14 30.9 0.0 3.01
22 11 2016 14.1 30.91 0.0 3.1
23 11 2016 14.1 31.23 0.0 3.2
24 11 2016 12.51 30.8 0.0 4.0
25 11 2016 12.5 30.98 0.0 3.79
26 11 2016 11.88 31.18 0.0 3.86
27 11 2016 12.22 32.07 0.0 3.73
28 11 2016 12.64 31.76 0.0 3.53
29 11 2016 13.64 32.0 0.0 3.37
30 11 2016 12.92 31.06 0.0 3.38
1 12 2016 13.2 31.01 0.0 3.28
2 12 2016 13.24 29.71 0.0 3.84
3 12 2016 12.66 28.98 0.0 3.8
4 12 2016 11.37 29.41 0.0 3.71
5 12 2016 10.12 28.61 0.0 3.31
6 12 2016 10.65 29.81 0.0 3.83
7 12 2016 11.17 30.48 0.0 3.8
8 12 2016 11.66 30.1 0.0 3.27
9 12 2016 12.83 29.65 0.0 2.98
10 12 2016 14.36 30.34 0.0 2.94
11 12 2016 14.08 29.99 0.0 2.8
12 12 2016 14.09 29.33 0.0 3.15
13 12 2016 11.62 29.66 0.0 3.25
14 12 2016 11.46 30.44 0.0 3.81
15 12 2016 11.41 30.15 0.0 3.48
16 12 2016 11.1 29.82 0.0 3.44
17 12 2016 11.19 29.0 0.0 3.15
18 12 2016 11.06 28.83 0.0 2.95
19 12 2016 10.9 28.83 0.0 3.28
20 12 2016 11.33 29.73 0.0 3.84
21 12 2016 10.65 29.89 0.0 3.54
22 12 2016 11.26 31.33 0.0 3.93
23 12 2016 13.54 31.94 0.0 3.55
24 12 2016 13.51 31.05 0.0 3.31
25 12 2016 12.31 29.65 0.0 5.11
26 12 2016 9.14 27.15 0.0 4.53
27 12 2016 9.15 28.4 0.0 4.04
28 12 2016 9.87 30.07 0.0 3.68
29 12 2016 12.15 31.4 0.0 3.39
30 12 2016 12.51 31.6 0.0 3.23
31 12 2016 12.85 30.53 0.0 4.05
1 1 2017 12.04 30.13 0.0 4.02
2 1 2017 10.07 26.99 0.0 4.21
3 1 2017 9.76 27.34 0.0 3.49
4 1 2017 10.59 29.12 0.0 3.47
5 1 2017 11.04 28.94 0.0 3.64
6 1 2017 11.76 28.18 0.0 3.69
7 1 2017 12.8 25.66 0.0 2.84
8 1 2017 12.24 25.98 0.0 2.84
9 1 2017 10.65 25.5 0.0 2.89
10 1 2017 10.1 25.37 0.0 3.28
11 1 2017 7.2 24.64 0.0 3.47
12 1 2017 5.11 23.93 0.0 3.92
13 1 2017 5.03 24.29 0.0 4.49
14 1 2017 6.89 27.06 0.0 4.81
15 1 2017 9.9 28.67 0.0 4.06
16 1 2017 11.31 28.11 0.0 3.74
17 1 2017 8.95 26.51 0.0 4.03
18 1 2017 9.73 27.69 0.0 4.61
19 1 2017 11.05 26.15 0.0 5.07
20 1 2017 10.73 28.28 0.0 4.87
21 1 2017 12.93 29.61 0.0 4.28
22 1 2017 13.44 31.09 0.0 3.65
23 1 2017 13.67 31.83 0.0 4.14
24 1 2017 14.74 32.82 0.0 4.0
25 1 2017 15.9 32.34 0.0 4.81
26 1 2017 15.36 30.43 1.39 4.66
27 1 2017 10.69 26.26 0.04 4.21
28 1 2017 8.94 27.65 0.0 4.4
29 1 2017 9.79 30.65 0.0 3.94
30 1 2017 11.15 32.31 0.0 4.76
31 1 2017 11.17 31.91 0.0 4.78
1 2 2017 11.8 31.65 0.0 5.0
2 2 2017 12.33 32.33 0.0 5.12
3 2 2017 12.26 32.8 0.0 5.03
4 2 2017 16.5 31.73 0.0 5.48
5 2 2017 12.55 28.04 0.0 4.43
6 2 2017 8.6 26.95 0.0 4.54
7 2 2017 8.66 29.26 0.0 4.6
8 2 2017 10.91 30.73 0.0 5.65
9 2 2017 10.77 28.7 0.0 6.06
10 2 2017 9.98 28.57 0.0 5.9
11 2 2017 11.84 31.16 0.0 5.96
12 2 2017 13.8 30.45 0.0 5.56
13 2 2017 14.75 30.37 0.0 5.88
14 2 2017 14.6 32.64 0.0 5.28
15 2 2017 15.64 33.52 0.0 4.73
16 2 2017 17.1 34.7 0.0 4.92
17 2 2017 17.61 35.62 0.0 4.98
18 2 2017 16.7 36.02 0.0 4.65
19 2 2017 17.38 35.73 0.0 5.04
20 2 2017 18.18 34.6 0.0 7.47
21 2 2017 15.83 33.33 0.0 6.12
22 2 2017 15.67 32.48 0.0 5.31
23 2 2017 12.9 33.2 0.0 5.72
24 2 2017 11.89 33.3 0.0 5.64
25 2 2017 13.75 34.82 0.0 5.51
26 2 2017 15.49 35.01 0.0 6.12
27 2 2017 15.4 36.01 0.0 5.98
28 2 2017 17.02 36.55 0.0 6.06
1 3 2017 16.98 35.46 0.0 6.62
2 3 2017 17.22 34.87 0.0 6.64
3 3 2017 15.52 33.19 0.0 5.8
4 3 2017 15.19 32.44 0.0 6.06
5 3 2017 15.76 33.39 0.0 5.98
6 3 2017 14.62 33.62 0.0 5.57
7 3 2017 16.37 34.7 0.0 6.84
8 3 2017 18.6 33.17 0.0 6.61
9 3 2017 17.08 33.25 0.0 6.38
10 3 2017 18.98 31.89 0.29 5.75
11 3 2017 13.62 30.09 0.0 7.17
12 3 2017 10.32 29.67 0.0 5.32
13 3 2017 10.85 32.38 0.0 5.14
14 3 2017 11.93 32.9 0.0 6.47
15 3 2017 16.9 35.01 0.0 6.58
16 3 2017 16.55 35.99 0.0 7.06
17 3 2017 17.24 35.41 0.0 6.78
18 3 2017 19.37 35.67 0.2 6.92
19 3 2017 20.82 34.82 1.49 6.72
20 3 2017 18.58 35.64 0.0 5.87
21 3 2017 19.87 37.15 0.0 5.11
22 3 2017 20.18 38.86 0.0 6.76
23 3 2017 20.01 39.37 0.0 7.75
24 3 2017 20.08 39.19 0.0 6.93
25 3 2017 20.68 40.1 0.0 7.51
26 3 2017 20.99 41.36 0.0 7.09
27 3 2017 22.37 42.12 0.0 6.58
28 3 2017 23.59 42.8 0.0 7.09
29 3 2017 24.12 42.3 0.0 9.26
30 3 2017 22.59 41.85 0.0 9.15
31 3 2017 22.44 41.23 0.0 9.31
1 4 2017 23.64 40.48 0.0 9.37
2 4 2017 21.29 40.63 0.0 8.76
3 4 2017 20.38 40.08 0.0 8.38
4 4 2017 22.24 39.45 0.0 8.46
5 4 2017 22.09 39.26 0.0 8.97
6 4 2017 23.03 37.85 0.0 9.66
7 4 2017 19.84 36.24 0.0 8.41
8 4 2017 17.55 37.94 0.0 7.0
9 4 2017 18.19 39.19 0.0 9.13
10 4 2017 19.05 39.57 0.0 8.97
11 4 2017 20.33 41.61 0.0 7.91
12 4 2017 21.51 43.51 0.0 8.28
13 4 2017 22.85 44.15 0.0 8.81
14 4 2017 24.28 44.7 0.0 9.11
15 4 2017 25.37 44.41 0.0 10.86
16 4 2017 24.17 44.58 0.0 8.79
17 4 2017 26.22 44.9 0.0 10.13
18 4 2017 25.04 42.96 0.0 10.4
19 4 2017 23.51 42.05 0.0 10.44
20 4 2017 23.24 42.7 0.0 11.2
21 4 2017 22.81 41.48 0.0 10.63
22 4 2017 22.85 38.49 0.0 9.27
23 4 2017 23.48 37.69 0.0 9.14
24 4 2017 22.73 37.6 0.0 8.91
25 4 2017 23.37 38.44 0.0 8.93
26 4 2017 22.11 38.46 0.0 8.71
27 4 2017 20.96 40.51 0.0 8.7
28 4 2017 22.45 40.36 0.0 9.06
29 4 2017 24.13 39.78 0.36 8.62
30 4 2017 23.85 39.4 0.57 8.71
1 5 2017 24.19 41.1 0.0 7.64
2 5 2017 25.23 42.12 0.0 7.7
3 5 2017 25.62 42.21 0.0 9.77
4 5 2017 25.43 41.62 0.0 7.26
5 5 2017 29.53 43.34 0.0 8.51
6 5 2017 26.82 43.75 0.0 9.56
7 5 2017 27.6 43.83 0.0 10.47
8 5 2017 26.23 43.85 0.36 10.03
9 5 2017 26.31 43.64 0.01 10.45
10 5 2017 25.3 42.75 0.0 10.03
11 5 2017 27.43 43.63 0.0 9.06
12 5 2017 28.28 44.54 0.0 9.9
13 5 2017 29.77 45.54 0.0 11.15
14 5 2017 30.48 44.56 0.0 12.1
15 5 2017 27.95 43.5 0.0 11.81
16 5 2017 26.83 41.7 0.0 10.82
17 5 2017 27.54 42.19 0.0 10.7
18 5 2017 26.51 42.39 0.04 10.98
19 5 2017 26.86 42.76 0.0 11.19
20 5 2017 26.81 42.44 0.0 11.89
21 5 2017 26.76 39.95 2.29 10.48
22 5 2017 26.9 40.69 0.97 9.2
23 5 2017 27.01 42.67 0.0 8.72
24 5 2017 28.58 44.02 0.0 10.38
25 5 2017 28.53 44.16 2.96 9.34
26 5 2017 28.07 44.08 0.45 10.12
27 5 2017 28.05 44.13 0.0 11.95
28 5 2017 27.76 42.44 0.0 11.05
29 5 2017 26.87 40.89 1.56 9.76
30 5 2017 27.65 39.57 4.08 8.55
31 5 2017 28.6 41.62 0.02 9.76
1 6 2017 28.33 41.67 0.32 6.91
2 6 2017 29.41 43.73 0.24 6.99
3 6 2017 31.08 44.66 2.43 10.17
4 6 2017 30.22 41.35 2.81 10.53
5 6 2017 29.2 39.92 0.12 10.11
6 6 2017 27.8 40.91 0.0 10.36
7 6 2017 28.8 39.56 1.6 9.13
8 6 2017 28.85 36.25 9.18 6.89
9 6 2017 26.94 36.52 6.18 6.85
10 6 2017 26.56 38.55 2.65 6.64
11 6 2017 27.45 39.6 1.04 7.49
12 6 2017 26.34 39.01 0.84 7.72
13 6 2017 26.51 40.51 2.82 8.62
14 6 2017 27.24 40.8 1.75 8.97
15 6 2017 27.58 41.39 0.01 9.71
16 6 2017 26.92 41.29 0.0 10.17
17 6 2017 27.83 40.01 0.1 10.36
18 6 2017 28.14 40.52 0.06 10.2
19 6 2017 28.47 40.3 0.0 10.9
20 6 2017 28.4 39.23 1.65 9.53
21 6 2017 27.71 38.03 4.82 9.03
22 6 2017 26.65 35.09 15.45 6.46
23 6 2017 26.4 36.35 6.16 6.18
24 6 2017 26.07 35.75 3.12 5.94
25 6 2017 25.83 37.03 3.72 5.07
26 6 2017 26.02 36.7 19.89 5.59
27 6 2017 25.26 32.15 9.62 4.5
28 6 2017 25.24 36.25 1.62 5.56
29 6 2017 25.67 33.87 3.74 5.09
30 6 2017 25.58 34.45 6.4 5.61
1 7 2017 25.08 32.45 7.91 4.55
2 7 2017 25.2 31.56 10.41 3.62
3 7 2017 24.9 32.91 4.62 4.08
4 7 2017 24.73 31.8 2.86 5.56
5 7 2017 23.82 34.1 0.0 5.59
6 7 2017 24.04 35.24 0.09 6.17
7 7 2017 24.58 35.08 0.63 6.35
8 7 2017 24.78 36.0 0.19 6.36
9 7 2017 24.54 35.44 0.0 6.4
10 7 2017 25.04 34.01 0.48 6.02
11 7 2017 24.46 35.3 1.95 5.56
12 7 2017 24.3 35.16 1.95 5.28
13 7 2017 24.64 30.81 36.11 2.53
14 7 2017 24.62 30.12 52.47 2.12
15 7 2017 24.88 30.9 6.76 3.46
16 7 2017 24.01 29.97 0.84 3.94
17 7 2017 24.57 30.01 0.38 4.15
18 7 2017 24.84 32.13 4.1 4.41
19 7 2017 24.8 31.98 3.7 4.41
20 7 2017 24.75 30.8 27.63 3.36
21 7 2017 24.89 30.19 28.54 2.39
22 7 2017 25.24 29.73 30.68 2.25
23 7 2017 24.38 27.82 34.77 1.7
24 7 2017 23.04 27.15 31.14 2.24
25 7 2017 23.73 27.82 29.19 1.94
26 7 2017 23.9 28.93 19.38 2.43
27 7 2017 23.66 32.19 12.24 2.84
28 7 2017 24.33 28.55 35.42 1.41
29 7 2017 23.38 28.83 15.56 3.1
30 7 2017 23.44 29.66 0.49 3.2
31 7 2017 23.6 29.65 0.76 3.42
1 8 2017 24.22 29.62 1.06 3.94
2 8 2017 23.64 30.08 2.76 3.55
3 8 2017 23.08 30.02 0.72 3.21
4 8 2017 22.88 30.47 0.06 3.84
5 8 2017 23.76 30.0 0.0 4.09
6 8 2017 23.1 31.0 0.0 3.78
7 8 2017 23.62 30.45 2.1 3.2
8 8 2017 24.12 28.19 9.88 1.97
9 8 2017 23.42 28.63 7.75 2.2
10 8 2017 23.75 29.19 2.11 3.56
11 8 2017 23.94 29.64 1.13 3.6
12 8 2017 23.25 30.45 1.82 3.16
13 8 2017 22.81 30.33 1.23 3.23
14 8 2017 22.86 30.05 0.97 3.72
15 8 2017 23.1 30.15 0.27 4.31
16 8 2017 22.87 30.04 0.0 4.52
17 8 2017 22.72 30.33 0.0 4.53
18 8 2017 22.63 30.13 0.07 4.18
19 8 2017 22.62 29.83 16.09 4.09
20 8 2017 24.1 31.79 8.33 4.03
21 8 2017 24.52 31.83 5.65 4.61
22 8 2017 23.58 31.19 3.66 4.68
23 8 2017 22.55 30.86 8.34 3.96
24 8 2017 23.81 30.2 19.06 2.97
25 8 2017 23.86 30.55 11.48 3.44
26 8 2017 23.48 30.81 6.99 3.59
27 8 2017 23.95 31.24 15.49 3.24
28 8 2017 23.51 30.52 8.72 2.65
29 8 2017 24.62 30.39 12.32 3.25
30 8 2017 23.58 29.39 12.74 2.76
31 8 2017 22.51 29.48 2.69 3.05
1 9 2017 22.97 29.17 1.03 3.67
2 9 2017 22.62 26.77 2.74 2.84
3 9 2017 22.9 29.07 4.96 2.62
4 9 2017 21.54 30.24 0.6 3.23
5 9 2017 21.55 30.33 0.04 3.86
6 9 2017 20.89 29.44 0.04 3.87
7 9 2017 20.8 30.01 0.0 4.38
8 9 2017 21.26 31.22 0.34 4.26
9 9 2017 22.44 32.21 0.71 4.11
10 9 2017 23.62 32.12 4.66 3.89
11 9 2017 24.32 30.21 2.3 3.73
12 9 2017 24.23 31.15 7.14 3.42
13 9 2017 24.14 31.23 21.4 3.28
14 9 2017 23.94 30.73 0.78 3.82
15 9 2017 23.33 30.32 2.61 3.03
16 9 2017 23.08 28.59 5.42 2.03
17 9 2017 21.72 31.41 10.91 3.1
18 9 2017 23.37 32.65 0.05 4.06
19 9 2017 21.17 32.75 0.01 4.74
20 9 2017 21.8 32.42 0.01 4.57
21 9 2017 21.13 31.33 1.17 3.31
22 9 2017 22.34 30.09 0.31 3.04
23 9 2017 21.94 30.28 0.07 4.28
24 9 2017 20.24 30.51 0.0 4.27
25 9 2017 20.65 30.13 0.0 4.27
26 9 2017 19.66 30.74 0.0 4.34
27 9 2017 20.75 32.09 0.0 4.41
28 9 2017 21.89 33.07 0.0 4.75
29 9 2017 20.93 33.47 0.0 4.71
30 9 2017 21.08 33.37 0.0 4.63
1 10 2017 20.99 33.94 0.0 4.63
2 10 2017 21.3 34.27 0.0 4.58
3 10 2017 21.55 34.08 0.0 4.69
4 10 2017 19.77 34.17 0.0 4.75
5 10 2017 19.43 33.63 0.0 5.01
6 10 2017 18.84 33.76 0.0 4.79
7 10 2017 19.37 34.15 0.0 5.07
8 10 2017 18.64 34.49 0.0 5.07
9 10 2017 18.12 34.83 0.0 5.29
10 10 2017 19.21 33.66 0.21 4.61
11 10 2017 21.66 31.94 0.62 3.15
12 10 2017 22.74 34.04 0.0 2.47
13 10 2017 22.91 34.27 0.0 3.74
14 10 2017 21.69 36.24 0.0 4.42
15 10 2017 21.83 35.73 0.0 4.83
16 10 2017 20.44 36.27 0.0 4.52
17 10 2017 18.47 36.64 0.0 4.76
18 10 2017 17.91 36.4 0.0 5.3
19 10 2017 16.15 34.68 0.0 4.52
20 10 2017 17.77 34.83 0.0 4.43
21 10 2017 19.86 35.82 0.0 4.31
22 10 2017 18.19 34.64 0.0 5.35
23 10 2017 15.65 34.18 0.0 5.05
24 10 2017 16.97 34.05 0.0 4.36
25 10 2017 15.12 34.38 0.0 4.31
26 10 2017 17.66 34.65 0.0 4.24
27 10 2017 17.62 33.71 0.0 3.98
28 10 2017 17.75 33.77 0.0 3.99
29 10 2017 17.6 34.2 0.0 3.93
30 10 2017 15.43 33.78 0.0 4.43
31 10 2017 15.96 33.62 0.0 4.02
1 11 2017 15.18 33.11 0.0 4.06
2 11 2017 18.3 34.03 0.0 3.29
3 11 2017 15.33 34.05 0.0 4.63
4 11 2017 14.9 33.05 0.0 4.47
5 11 2017 15.05 32.3 0.0 4.32
6 11 2017 16.14 32.64 0.0 3.63
7 11 2017 15.88 32.41 0.0 3.85
8 11 2017 17.38 32.51 0.0 3.45
9 11 2017 18.09 31.5 0.0 2.94
10 11 2017 17.58 32.18 0.0 3.58
11 11 2017 15.05 31.8 0.0 3.73
12 11 2017 14.01 31.26 0.0 3.66
13 11 2017 15.24 30.43 0.0 3.38
14 11 2017 14.79 29.91 0.0 3.57
15 11 2017 14.15 29.73 0.0 3.32
16 11 2017 14.45 30.76 0.0 3.29
17 11 2017 14.78 30.82 0.0 3.61
18 11 2017 14.93 31.09 0.0 3.38
19 11 2017 15.43 29.67 0.0 3.59
20 11 2017 14.7 29.55 0.0 4.08
21 11 2017 14.87 29.96 0.0 3.81
22 11 2017 14.76 30.36 0.0 4.06
23 11 2017 12.48 30.61 0.0 3.87
24 11 2017 12.26 30.58 0.0 3.7
25 11 2017 11.97 31.45 0.0 3.66
26 11 2017 13.06 31.73 0.0 3.63
27 11 2017 12.94 31.56 0.0 3.39
28 11 2017 13.38 31.24 0.0 3.65
29 11 2017 12.82 30.62 0.0 3.27
30 11 2017 14.1 30.41 0.0 3.03
1 12 2017 13.44 30.76 0.0 3.84
2 12 2017 12.87 30.4 0.0 3.97
3 12 2017 15.2 26.08 0.0 3.35
4 12 2017 16.23 26.24 0.07 3.23
5 12 2017 14.72 21.1 2.23 2.78
6 12 2017 14.16 19.65 3.78 2.04
7 12 2017 13.55 24.62 0.07 2.78
8 12 2017 14.8 29.07 0.0 3.23
9 12 2017 15.76 30.55 0.0 3.1
10 12 2017 14.83 30.28 0.02 3.33
11 12 2017 15.38 27.92 0.26 3.47
12 12 2017 12.55 25.95 0.0 3.28
13 12 2017 9.81 26.59 0.0 3.27
14 12 2017 10.53 27.54 0.0 3.36
15 12 2017 12.16 29.21 0.0 3.61
16 12 2017 12.93 27.98 0.0 4.39
17 12 2017 12.65 28.76 0.0 4.8
18 12 2017 11.4 29.29 0.0 4.27
19 12 2017 13.76 26.26 0.0 4.15
20 12 2017 13.43 25.33 0.0 4.31
21 12 2017 13.45 29.17 0.0 4.61
22 12 2017 14.26 29.8 0.0 4.65
23 12 2017 14.77 29.7 0.0 3.78
24 12 2017 10.77 29.73 0.0 4.05
25 12 2017 11.0 29.1 0.0 5.13
26 12 2017 9.56 28.83 0.0 4.5
27 12 2017 10.3 29.26 0.0 3.63
28 12 2017 10.73 30.14 0.0 3.57
29 12 2017 11.14 29.71 0.0 3.96
30 12 2017 10.92 29.08 0.0 3.83
31 12 2017 11.22 28.13 0.0 4.07
1 1 2018 10.69 27.83 0.0 3.5
2 1 2018 9.73 26.87 0.0 4.56
3 1 2018 8.52 27.01 0.0 3.69
4 1 2018 9.23 28.24 0.0 4.13
5 1 2018 9.23 27.71 0.0 3.58
6 1 2018 8.92 26.46 0.0 3.01
7 1 2018 8.96 26.56 0.0 3.53
8 1 2018 8.78 27.23 0.0 3.99
9 1 2018 9.83 27.65 0.0 4.4
10 1 2018 10.75 29.19 0.0 4.24
11 1 2018 11.66 29.23 0.0 3.97
12 1 2018 12.83 30.02 0.0 4.11
13 1 2018 16.15 28.44 0.0 3.16
14 1 2018 17.9 32.13 0.0 3.65
15 1 2018 14.08 31.17 0.0 4.31
16 1 2018 13.79 30.8 0.0 3.79
17 1 2018 16.27 31.08 0.0 4.52
18 1 2018 12.74 30.54 0.0 3.41
19 1 2018 13.18 30.0 0.0 3.53
20 1 2018 11.93 30.34 0.0 4.72
21 1 2018 12.09 30.43 0.0 4.07
22 1 2018 12.75 30.52 0.0 4.24
23 1 2018 13.38 27.65 0.0 5.03
24 1 2018 9.56 27.08 0.0 4.61
25 1 2018 7.84 26.7 0.0 3.51
26 1 2018 8.7 28.17 0.0 3.39
27 1 2018 9.37 29.08 0.0 3.81
28 1 2018 9.87 29.86 0.0 4.42
29 1 2018 13.21 30.71 0.0 3.59
30 1 2018 12.91 32.27 0.0 3.91
31 1 2018 13.16 32.69 0.0 4.19
1 2 2018 14.21 32.66 0.0 4.38
2 2 2018 12.84 32.05 0.0 4.85
3 2 2018 13.14 30.91 0.0 4.49
4 2 2018 13.15 30.89 0.0 5.31
5 2 2018 14.65 32.47 0.0 4.95
6 2 2018 17.27 31.12 0.0 3.94
7 2 2018 18.29 31.62 0.0 4.08
8 2 2018 14.16 30.6 0.0 4.47
9 2 2018 12.06 30.08 0.0 4.77
10 2 2018 12.94 28.85 0.0 5.21
11 2 2018 13.96 29.83 0.0 4.67
12 2 2018 15.62 29.29 0.0 3.97
13 2 2018 12.6 27.77 0.0 5.41
14 2 2018 12.25 29.4 0.0 5.2
15 2 2018 12.31 31.23 0.0 4.74
16 2 2018 14.09 32.63 0.0 4.5
17 2 2018 14.95 33.35 0.0 5.01
18 2 2018 15.33 33.57 0.0 4.68
19 2 2018 16.87 33.88 0.0 4.39
20 2 2018 16.23 34.41 0.0 4.38
21 2 2018 16.9 34.6 0.0 4.71
22 2 2018 16.98 34.8 0.0 5.38
23 2 2018 18.0 33.92 0.0 5.18
24 2 2018 20.26 34.44 0.0 5.96
25 2 2018 17.65 34.92 0.0 6.23
26 2 2018 16.73 34.9 0.0 6.28
27 2 2018 17.36 36.44 0.0 5.39
28 2 2018 19.7 36.49 0.0 6.0
1 3 2018 19.87 36.29 0.0 5.6
2 3 2018 20.52 36.77 0.0 6.9
3 3 2018 18.81 36.01 0.0 7.39
4 3 2018 19.63 34.47 0.0 6.21
5 3 2018 18.21 35.17 0.0 5.72
6 3 2018 16.77 35.69 0.0 6.98
7 3 2018 17.11 35.51 0.0 6.21
8 3 2018 19.3 36.98 0.0 6.72
9 3 2018 19.08 36.76 0.0 6.26
10 3 2018 19.34 37.17 0.0 6.58
11 3 2018 17.74 37.08 0.0 7.18
12 3 2018 16.91 37.33 0.0 6.3
13 3 2018 17.66 37.48 0.0 7.63
14 3 2018 18.48 35.57 0.0 7.42
15 3 2018 17.5 36.1 0.0 6.43
16 3 2018 18.59 35.81 0.0 6.19
17 3 2018 18.92 36.15 0.0 5.9
18 3 2018 18.13 37.74 0.0 6.32
19 3 2018 20.79 35.88 0.06 5.73
20 3 2018 19.94 36.51 0.0 6.28
21 3 2018 18.92 34.63 0.0 8.0
22 3 2018 17.79 34.38 0.0 6.6
23 3 2018 16.94 35.11 0.0 6.82
24 3 2018 19.18 36.26 0.0 6.79
25 3 2018 19.4 37.48 0.0 6.84
26 3 2018 20.14 39.24 0.0 6.94
27 3 2018 21.13 40.37 0.0 7.42
28 3 2018 21.9 40.54 0.0 6.6
29 3 2018 20.48 41.38 0.0 7.42
30 3 2018 21.34 42.04 0.0 7.62
31 3 2018 20.51 41.3 0.0 8.29
1 4 2018 20.17 40.62 0.0 6.2
2 4 2018 21.64 41.35 0.0 7.39
3 4 2018 23.38 41.52 0.0 8.76
4 4 2018 23.31 41.07 0.0 8.96
5 4 2018 24.07 40.73 0.0 8.8
6 4 2018 22.66 40.94 0.0 8.73
7 4 2018 23.53 40.65 0.02 6.51
8 4 2018 26.9 39.75 0.06 6.64
9 4 2018 22.53 40.66 0.11 6.73
10 4 2018 25.4 40.46 0.22 7.36
11 4 2018 24.16 39.87 0.16 8.66
12 4 2018 24.45 39.44 0.3 7.01
13 4 2018 24.6 40.51 0.0 5.77
14 4 2018 24.9 40.53 0.0 7.37
15 4 2018 25.41 41.23 0.01 7.84
16 4 2018 26.4 41.35 0.0 8.84
17 4 2018 25.89 41.63 0.0 8.95
18 4 2018 23.33 41.98 0.0 8.49
19 4 2018 24.96 42.28 0.0 9.39
20 4 2018 24.73 40.79 0.0 10.52
21 4 2018 23.48 39.12 0.0 8.38
22 4 2018 20.9 39.51 0.0 7.59
23 4 2018 20.72 40.43 0.0 8.11
24 4 2018 20.9 41.8 0.0 7.71
25 4 2018 22.59 42.2 0.0 9.75
26 4 2018 22.63 42.59 0.0 9.38
27 4 2018 24.72 43.9 0.0 9.63
28 4 2018 26.39 44.69 0.0 11.3
29 4 2018 26.25 43.62 0.0 11.67
30 4 2018 26.38 43.79 0.0 11.43
1 5 2018 26.7 44.28 0.0 12.22
2 5 2018 25.33 43.76 0.0 11.0
3 5 2018 24.45 42.46 0.0 10.1
4 5 2018 23.62 41.76 0.0 8.75
5 5 2018 27.02 42.69 0.11 9.43
6 5 2018 27.06 42.98 0.0 10.93
7 5 2018 24.76 40.84 0.0 10.45
8 5 2018 23.55 39.05 0.0 9.19
9 5 2018 26.83 41.49 0.09 8.35
10 5 2018 28.72 43.12 0.0 8.47
11 5 2018 28.05 43.94 0.0 9.9
12 5 2018 27.94 43.13 0.0 11.56
13 5 2018 26.29 42.31 0.0 10.31
14 5 2018 26.56 42.14 0.0 9.04
15 5 2018 28.39 43.28 0.0 9.77
16 5 2018 27.54 43.18 0.02 10.4
17 5 2018 27.25 43.99 0.07 10.65
18 5 2018 29.26 43.52 0.0 10.98
19 5 2018 26.94 42.8 0.0 10.23
20 5 2018 26.26 43.33 0.0 9.29
21 5 2018 26.8 43.2 0.0 10.05
22 5 2018 26.07 43.59 0.0 10.4
23 5 2018 26.82 45.68 0.0 10.87
24 5 2018 26.86 45.08 0.0 10.86
25 5 2018 27.02 44.43 0.0 10.43
26 5 2018 27.21 44.61 0.0 9.59
27 5 2018 27.86 46.69 0.0 8.62
28 5 2018 28.45 45.86 0.0 10.59
29 5 2018 28.91 43.85 0.0 11.92
30 5 2018 28.26 41.79 0.0 10.54
31 5 2018 28.01 43.48 0.23 9.42
1 6 2018 29.51 44.03 0.2 10.3
2 6 2018 29.31 43.83 1.63 10.38
3 6 2018 29.23 44.67 0.02 12.38
4 6 2018 28.72 43.44 0.0 10.47
5 6 2018 29.2 45.35 0.01 10.49
6 6 2018 30.59 45.77 0.0 11.03
7 6 2018 30.59 45.05 0.15 12.13
8 6 2018 28.69 42.92 0.0 11.55
9 6 2018 29.08 41.26 0.08 10.6
10 6 2018 29.91 39.66 0.47 8.76
11 6 2018 30.13 41.39 0.87 10.28
12 6 2018 28.5 41.88 0.02 12.18
13 6 2018 28.53 41.3 0.0 12.02
14 6 2018 27.47 39.79 0.0 11.91
15 6 2018 27.31 39.72 0.0 11.52
16 6 2018 27.05 40.02 0.0 10.92
17 6 2018 27.43 39.8 0.0 9.88
18 6 2018 28.43 39.98 0.03 9.4
19 6 2018 28.24 40.57 1.2 9.08
20 6 2018 28.25 42.27 0.22 8.83
21 6 2018 29.05 43.08 1.81 8.56
22 6 2018 29.37 40.84 2.13 8.08
23 6 2018 28.44 40.9 6.69 7.0
24 6 2018 27.52 36.11 3.04 5.42
25 6 2018 26.94 37.6 1.74 5.87
26 6 2018 25.64 33.3 11.5 4.34
27 6 2018 25.69 33.69 17.43 4.23
28 6 2018 25.52 31.75 14.77 3.31
29 6 2018 24.78 32.29 22.72 4.23
30 6 2018 24.51 34.63 0.44 5.02
1 7 2018 24.87 35.89 0.01 6.75
2 7 2018 25.2 33.9 1.24 5.62
3 7 2018 25.6 33.97 6.44 5.28
4 7 2018 24.95 33.31 8.48 4.27
5 7 2018 24.93 33.96 2.51 5.4
6 7 2018 24.96 35.17 2.14 5.07
7 7 2018 25.07 34.47 11.95 4.27
8 7 2018 24.91 36.36 3.36 5.93
9 7 2018 25.45 36.27 3.53 5.68
10 7 2018 24.75 33.26 35.51 4.64
11 7 2018 24.94 32.25 9.98 3.82
12 7 2018 24.85 28.98 6.97 2.31
13 7 2018 24.51 29.76 7.29 2.54
14 7 2018 24.75 31.82 19.01 2.27
15 7 2018 24.5 31.47 18.6 2.54
16 7 2018 25.53 31.98 5.82 3.43
17 7 2018 25.1 32.12 1.46 3.08
18 7 2018 25.23 31.4 12.26 3.5
19 7 2018 25.65 31.76 13.53 1.93
20 7 2018 24.73 29.29 25.72 2.51
21 7 2018 24.38 30.73 14.49 3.3
22 7 2018 24.31 30.03 38.29 3.03
23 7 2018 24.37 29.98 12.47 2.41
24 7 2018 24.42 30.04 7.58 2.64
25 7 2018 24.42 29.61 2.97 2.57
26 7 2018 23.73 28.73 1.12 2.89
27 7 2018 23.28 30.97 0.52 2.8
28 7 2018 23.44 30.66 0.05 3.64
29 7 2018 24.14 30.96 0.0 4.09
30 7 2018 24.28 31.44 0.0 4.03
31 7 2018 24.02 31.14 0.0 4.54
1 8 2018 23.86 31.75 0.0 4.63
2 8 2018 23.72 31.66 0.0 4.23
3 8 2018 23.77 30.42 0.0 4.14
4 8 2018 23.49 31.22 0.0 4.3
5 8 2018 22.9 30.72 0.0 3.98
6 8 2018 23.42 30.89 0.0 3.29
7 8 2018 23.26 31.41 2.09 3.44
8 8 2018 23.98 30.59 9.95 2.59
9 8 2018 23.56 30.2 12.82 2.71
10 8 2018 23.96 31.2 7.31 3.59
11 8 2018 23.81 31.15 0.55 4.55
12 8 2018 23.32 30.61 0.13 3.61
13 8 2018 23.68 32.27 0.18 4.35
14 8 2018 24.05 32.01 0.15 4.38
15 8 2018 24.26 32.37 0.51 4.06
16 8 2018 24.37 31.38 3.03 4.0
17 8 2018 24.68 30.31 19.13 2.34
18 8 2018 24.55 28.88 12.99 2.32
19 8 2018 24.08 29.73 2.5 2.95
20 8 2018 23.91 29.73 9.73 2.23
21 8 2018 23.97 28.15 45.19 2.15
22 8 2018 23.49 27.36 20.62 1.63
23 8 2018 23.38 27.65 1.39 2.46
24 8 2018 23.19 28.5 0.65 3.06
25 8 2018 22.86 29.79 1.51 3.51
26 8 2018 22.59 29.23 0.95 3.42
27 8 2018 22.29 29.9 0.3 3.74
28 8 2018 22.35 28.55 4.83 2.46
29 8 2018 22.26 27.55 5.91 2.04
30 8 2018 22.41 30.26 1.79 3.28
31 8 2018 23.05 27.98 0.59 2.66
1 9 2018 22.81 29.62 0.06 3.19
2 9 2018 22.88 28.82 0.05 3.19
3 9 2018 22.44 28.47 5.82 3.59
4 9 2018 22.01 29.02 9.16 2.91
5 9 2018 21.59 27.34 0.33 3.76
6 9 2018 20.52 28.7 0.08 4.04
7 9 2018 20.47 27.69 3.16 1.97
8 9 2018 21.34 27.28 17.06 1.68
9 9 2018 21.76 26.73 3.86 1.61
10 9 2018 21.65 28.44 3.03 2.0
11 9 2018 21.74 29.24 0.96 2.92
12 9 2018 21.69 29.63 0.11 3.86
13 9 2018 21.61 29.62 0.06 3.68
14 9 2018 21.3 30.3 0.04 4.16
15 9 2018 21.05 29.83 0.0 4.09
16 9 2018 20.31 30.28 0.16 4.22
17 9 2018 19.85 31.35 0.0 4.36
18 9 2018 20.09 32.06 0.34 4.47
19 9 2018 20.19 32.72 3.07 4.64
20 9 2018 20.05 33.69 0.2 4.84
21 9 2018 20.17 33.09 1.74 5.12
22 9 2018 23.48 28.78 10.82 1.96
23 9 2018 23.24 27.7 37.39 1.48
24 9 2018 22.58 30.33 0.42 3.3
25 9 2018 21.49 30.8 0.52 3.8
26 9 2018 19.88 31.4 0.0 4.49
27 9 2018 20.28 31.19 0.0 4.58
28 9 2018 20.02 32.54 0.0 4.55
29 9 2018 19.93 32.69 0.0 4.66
30 9 2018 19.45 33.29 0.0 4.73
1 10 2018 20.63 33.78 0.0 4.64
2 10 2018 21.71 33.37 0.0 4.55
3 10 2018 20.99 33.67 0.0 4.58
4 10 2018 20.28 33.84 0.0 4.45
5 10 2018 21.36 34.32 0.04 4.46
6 10 2018 21.65 34.29 0.1 4.46
7 10 2018 22.3 34.96 0.0 4.48
8 10 2018 20.92 34.74 0.0 4.69
9 10 2018 20.09 34.4 0.0 4.66
10 10 2018 20.86 34.96 0.0 4.39
11 10 2018 21.63 34.7 0.0 4.61
12 10 2018 20.29 34.05 0.0 4.34
13 10 2018 19.69 33.55 0.0 4.41
14 10 2018 18.92 34.08 0.0 4.61
15 10 2018 19.65 34.33 0.0 4.78
16 10 2018 21.07 34.34 0.0 4.53
17 10 2018 20.37 33.94 0.0 4.46
18 10 2018 19.26 34.24 0.0 4.45
19 10 2018 20.62 35.14 0.0 4.47
20 10 2018 20.73 34.79 0.0 4.46
21 10 2018 17.01 34.2 0.0 4.77
22 10 2018 14.9 33.73 0.0 4.32
23 10 2018 16.97 33.93 0.0 4.62
24 10 2018 17.61 34.37 0.0 4.62
25 10 2018 20.08 35.0 0.36 4.17
26 10 2018 20.24 35.3 0.88 4.01
27 10 2018 20.26 35.28 0.0 4.03
28 10 2018 18.97 34.64 0.17 4.53
29 10 2018 16.92 33.25 0.0 4.76
30 10 2018 15.68 32.94 0.0 4.66
31 10 2018 15.77 33.36 0.0 4.91
1 11 2018 16.81 34.07 0.0 4.55
2 11 2018 17.68 34.05 0.0 4.15
3 11 2018 20.28 33.88 0.0 4.14
4 11 2018 18.62 33.85 0.0 4.34
5 11 2018 15.71 32.77 0.0 4.63
6 11 2018 13.87 31.93 0.0 4.8
7 11 2018 12.34 31.93 0.0 4.38
8 11 2018 12.62 32.8 0.0 4.42
9 11 2018 13.44 33.38 0.0 3.86
10 11 2018 14.45 33.08 0.0 3.73
11 11 2018 14.33 33.76 0.0 3.83
12 11 2018 15.44 33.9 0.0 3.84
13 11 2018 18.07 33.49 0.0 4.16
14 11 2018 17.55 32.85 0.0 3.89
15 11 2018 16.2 32.75 0.0 4.44
16 11 2018 14.32 31.82 0.0 4.51
17 11 2018 14.65 33.06 0.0 3.64
18 11 2018 15.7 33.19 0.0 3.74
19 11 2018 16.26 34.16 0.0 4.09
20 11 2018 16.18 33.71 0.0 3.7
21 11 2018 17.49 33.11 0.0 4.33
22 11 2018 17.15 32.42 0.0 4.09
23 11 2018 16.98 33.33 0.0 4.95
24 11 2018 14.19 31.84 0.0 4.09
25 11 2018 13.58 32.01 0.0 3.62
26 11 2018 15.26 31.19 0.0 3.85
27 11 2018 15.01 31.23 0.0 4.18
28 11 2018 14.96 31.22 0.0 4.17
29 11 2018 13.23 30.61 0.0 4.0
30 11 2018 13.37 30.01 0.0 3.65
1 12 2018 13.81 29.64 0.0 3.66
2 12 2018 13.33 29.48 0.0 3.42
3 12 2018 14.58 28.43 0.0 3.62
4 12 2018 13.84 29.21 0.0 3.32
5 12 2018 14.58 29.42 0.0 3.34
6 12 2018 13.51 28.96 0.0 3.11
7 12 2018 12.31 29.01 0.0 4.01
8 12 2018 12.36 29.48 0.0 4.07
9 12 2018 12.01 29.45 0.0 3.81
10 12 2018 11.56 28.38 0.0 3.11
11 12 2018 14.13 28.22 0.0 2.88
12 12 2018 14.77 27.53 0.0 3.33
13 12 2018 9.9 25.02 0.0 4.06
14 12 2018 8.1 24.56 0.0 4.09
15 12 2018 8.46 25.46 0.0 4.33
16 12 2018 8.44 25.33 0.0 4.47
17 12 2018 8.35 26.34 0.0 4.24
18 12 2018 8.51 26.14 0.0 4.21
19 12 2018 8.19 28.14 0.0 3.82
20 12 2018 8.48 28.83 0.0 3.75
21 12 2018 8.94 28.65 0.0 3.36
22 12 2018 8.98 28.65 0.0 3.51
23 12 2018 9.73 28.86 0.0 3.82
24 12 2018 9.96 28.72 0.0 3.83
25 12 2018 9.9 27.62 0.0 3.99
26 12 2018 8.56 25.93 0.0 3.94
27 12 2018 7.3 25.63 0.0 4.39
28 12 2018 5.9 24.77 0.0 4.0
29 12 2018 6.08 25.57 0.0 4.11
30 12 2018 7.4 27.49 0.0 4.17
31 12 2018 8.59 28.3 0.0 3.23
1 1 2019 9.62 29.3 0.0 4.14
2 1 2019 10.08 29.5 0.0 4.0
3 1 2019 9.38 28.27 0.0 3.98
4 1 2019 9.78 28.47 0.0 3.73
5 1 2019 13.8 29.32 0.0 3.71
6 1 2019 11.04 26.46 0.0 4.89
7 1 2019 6.42 24.58 0.0 3.98
8 1 2019 7.28 26.12 0.0 3.2
9 1 2019 7.94 26.27 0.0 4.0
10 1 2019 8.2 26.39 0.0 3.73
11 1 2019 9.58 27.4 0.0 4.05
12 1 2019 9.99 27.98 0.0 3.79
13 1 2019 10.18 27.14 0.0 4.04
14 1 2019 10.93 25.77 0.0 4.51
15 1 2019 8.54 27.15 0.0 4.33
16 1 2019 9.71 30.14 0.0 4.19
17 1 2019 10.55 29.9 0.0 4.44
18 1 2019 10.61 30.03 0.0 5.17
19 1 2019 11.18 31.44 0.0 4.32
20 1 2019 11.84 31.55 0.0 4.9
21 1 2019 13.43 29.59 0.0 5.57
22 1 2019 11.98 25.33 1.89 3.47
23 1 2019 9.87 25.9 0.0 3.52
24 1 2019 9.18 25.28 0.16 3.28
25 1 2019 8.8 23.33 0.35 3.71
26 1 2019 7.26 22.06 0.0 4.22
27 1 2019 6.04 22.62 0.0 4.52
28 1 2019 5.3 22.76 0.0 4.17
29 1 2019 5.1 24.76 0.0 4.44
30 1 2019 7.79 26.98 0.0 3.73
31 1 2019 9.3 27.01 0.0 4.44
1 2 2019 9.73 27.06 0.0 4.69
2 2 2019 8.23 27.03 0.0 4.77
3 2 2019 8.93 28.65 0.0 4.7
4 2 2019 13.12 31.15 0.0 4.92
5 2 2019 17.76 31.08 0.0 4.5
6 2 2019 15.08 30.73 0.0 5.07
7 2 2019 9.81 24.2 0.0 5.51
8 2 2019 6.61 22.62 0.0 4.42
9 2 2019 5.5 23.87 0.0 4.45
10 2 2019 6.6 26.38 0.0 4.53
11 2 2019 9.47 29.52 0.0 5.55
12 2 2019 10.17 32.49 0.0 5.9
13 2 2019 15.16 32.37 0.5 4.95
14 2 2019 15.65 31.05 0.15 5.38
15 2 2019 12.34 29.38 0.0 5.14
16 2 2019 10.51 27.44 0.0 5.22
17 2 2019 9.46 29.76 0.0 4.46
18 2 2019 14.2 30.44 0.0 5.03
19 2 2019 15.3 31.99 0.0 5.26
20 2 2019 17.48 35.26 0.0 5.91
21 2 2019 17.63 34.4 0.0 6.05
22 2 2019 16.54 32.12 0.0 5.15
23 2 2019 14.08 31.98 0.0 5.92
24 2 2019 14.44 32.33 0.0 5.45
25 2 2019 12.87 31.18 0.0 5.79
26 2 2019 15.2 28.81 0.03 5.36
27 2 2019 13.7 28.4 0.02 5.61
28 2 2019 10.8 27.39 0.0 5.68
1 3 2019 11.75 29.67 0.0 6.29
2 3 2019 14.99 33.72 0.0 7.15
3 3 2019 17.8 32.05 0.0 5.59
4 3 2019 16.76 30.83 0.0 6.59
5 3 2019 13.27 30.62 0.0 5.44
6 3 2019 12.89 30.26 0.0 5.35
7 3 2019 15.23 31.78 0.0 4.93
8 3 2019 18.3 33.27 0.0 6.26
9 3 2019 16.04 32.82 0.0 6.27
10 3 2019 15.05 32.7 0.0 6.06
11 3 2019 16.32 31.68 0.0 6.69
12 3 2019 14.8 32.35 0.0 5.77
13 3 2019 13.92 31.49 0.0 5.38
14 3 2019 15.25 32.51 0.0 6.5
15 3 2019 14.62 32.26 0.0 7.04
16 3 2019 14.84 32.58 0.0 6.81
17 3 2019 16.44 34.56 0.0 7.11
18 3 2019 15.08 33.96 0.0 6.78
19 3 2019 17.12 36.75 0.0 6.5
20 3 2019 17.97 35.62 0.0 7.74
21 3 2019 16.93 35.01 0.0 6.32
22 3 2019 17.98 36.4 0.0 6.73
23 3 2019 18.58 36.83 0.0 6.46
24 3 2019 20.05 37.74 0.0 6.44
25 3 2019 19.75 38.1 0.0 7.47
26 3 2019 20.08 37.86 0.0 7.9
27 3 2019 18.54 38.78 0.0 6.66
28 3 2019 20.9 41.38 0.0 5.53
29 3 2019 23.44 42.49 0.0 7.66
30 3 2019 24.26 41.58 0.0 8.33
31 3 2019 22.0 40.85 0.0 7.76
1 4 2019 21.11 40.45 0.0 7.08
2 4 2019 21.24 41.35 0.0 7.0
3 4 2019 23.06 41.71 0.0 6.72
4 4 2019 23.38 43.32 0.0 7.61
5 4 2019 23.9 42.76 0.0 9.52
6 4 2019 22.4 41.19 0.0 8.83
7 4 2019 23.24 42.07 0.0 8.54
8 4 2019 22.98 41.34 0.0 8.97
9 4 2019 24.81 41.48 0.0 9.82
10 4 2019 23.81 41.33 0.0 8.97
11 4 2019 25.76 43.3 0.0 9.03
12 4 2019 24.98 42.53 0.0 8.93
13 4 2019 24.85 42.57 0.0 8.55
14 4 2019 24.84 42.72 0.0 8.7
15 4 2019 26.22 37.0 4.48 6.53
16 4 2019 23.05 36.97 18.81 5.26
17 4 2019 20.12 31.68 0.73 5.71
18 4 2019 20.47 34.01 0.0 5.88
19 4 2019 17.9 34.76 0.0 6.69
20 4 2019 18.97 36.2 0.0 6.36
21 4 2019 24.15 38.29 0.0 5.94
22 4 2019 20.95 40.41 0.0 6.34
23 4 2019 23.57 42.36 0.0 7.91
24 4 2019 24.3 43.54 0.0 9.26
25 4 2019 26.31 43.92 0.0 10.73
26 4 2019 26.64 44.19 0.0 9.98
27 4 2019 26.12 44.63 0.0 9.48
28 4 2019 24.88 44.88 0.0 10.28
29 4 2019 25.41 44.13 0.0 10.87
30 4 2019 24.7 42.62 0.0 11.65
1 5 2019 22.97 41.31 0.0 9.59
2 5 2019 23.8 41.63 0.0 10.01
3 5 2019 23.41 41.89 0.0 8.38
4 5 2019 23.84 40.4 0.17 8.1
5 5 2019 24.63 40.8 0.26 9.39
6 5 2019 24.33 42.62 0.0 10.57
7 5 2019 25.08 41.81 0.0 11.34
8 5 2019 23.26 40.79 0.0 10.74
9 5 2019 24.05 37.93 0.0 9.81
10 5 2019 23.83 38.63 0.18 9.67
11 5 2019 25.31 39.97 1.75 9.33
12 5 2019 26.43 41.15 1.86 9.08
13 5 2019 26.3 40.48 1.32 9.52
14 5 2019 24.33 40.96 0.12 9.58
15 5 2019 25.41 41.26 0.0 9.78
16 5 2019 25.9 39.31 0.03 9.59
17 5 2019 26.45 37.59 0.31 9.67
18 5 2019 25.22 39.33 0.17 8.65
19 5 2019 26.08 40.2 0.0 8.15
20 5 2019 27.98 41.62 0.0 8.9
21 5 2019 27.0 42.33 0.0 9.81
22 5 2019 27.12 42.44 0.0 10.67
23 5 2019 28.2 42.38 0.0 10.71
24 5 2019 27.15 41.53 0.0 10.83
25 5 2019 28.12 42.0 0.0 9.12
26 5 2019 27.35 43.12 0.0 9.77
27 5 2019 27.92 43.1 0.0 10.14
28 5 2019 27.12 44.11 0.0 9.84
29 5 2019 29.89 45.06 0.0 10.49
30 5 2019 29.68 45.26 0.0 11.51
31 5 2019 28.45 43.65 0.0 10.3
1 6 2019 28.25 44.65 0.69 10.24
2 6 2019 29.48 46.4 0.06 11.26
3 6 2019 30.44 47.42 0.0 11.91
4 6 2019 28.95 45.21 0.0 11.93
5 6 2019 29.51 45.17 0.0 12.07
6 6 2019 29.79 44.8 0.16 11.44
7 6 2019 30.42 45.05 0.2 9.71
8 6 2019 30.26 45.97 0.0 11.01
9 6 2019 29.93 46.63 0.0 11.9
10 6 2019 30.09 45.76 0.36 11.82
11 6 2019 30.19 44.57 2.5 10.51
12 6 2019 31.23 40.87 3.63 7.46
13 6 2019 28.01 36.04 3.47 6.15
14 6 2019 26.95 39.32 3.67 8.6
15 6 2019 25.62 38.49 2.34 8.41
16 6 2019 26.81 38.12 0.21 8.48
17 6 2019 26.62 38.58 0.15 9.38
18 6 2019 24.98 36.98 34.36 5.98
19 6 2019 24.83 33.62 11.39 5.69
20 6 2019 24.9 36.15 0.46 5.98
21 6 2019 25.65 35.54 10.64 5.27
22 6 2019 25.41 39.18 1.92 6.26
23 6 2019 26.27 40.31 2.15 7.02
24 6 2019 27.02 36.54 24.49 5.41
25 6 2019 27.17 37.27 6.43 4.33
26 6 2019 26.66 35.66 14.18 4.61
27 6 2019 25.99 35.8 6.18 5.53
28 6 2019 26.09 36.2 0.29 5.96
29 6 2019 25.8 35.57 2.41 6.2
30 6 2019 25.69 33.96 4.66 5.2
1 7 2019 25.73 32.49 2.67 4.52
2 7 2019 25.52 35.02 11.96 4.91
3 7 2019 25.17 35.05 24.5 4.02
4 7 2019 25.33 31.06 38.48 2.45
5 7 2019 24.98 28.44 24.14 1.87
6 7 2019 24.73 32.12 12.27 2.48
7 7 2019 24.76 32.08 7.18 4.0
8 7 2019 25.16 33.67 0.1 5.03
9 7 2019 25.35 33.04 0.03 4.76
10 7 2019 25.33 34.16 0.0 5.38
11 7 2019 24.71 34.12 0.0 5.4
12 7 2019 24.66 34.48 0.0 5.49
13 7 2019 24.86 34.24 0.0 5.64
14 7 2019 24.73 35.15 0.0 5.78
15 7 2019 24.49 34.93 0.0 5.62
16 7 2019 24.34 34.67 0.0 5.52
17 7 2019 24.56 34.8 0.0 5.62
18 7 2019 24.87 34.64 0.09 5.57
19 7 2019 24.2 35.4 0.12 5.23
20 7 2019 25.15 35.87 1.61 4.76
21 7 2019 26.75 36.29 4.52 5.44
22 7 2019 26.44 33.23 4.71 5.35
23 7 2019 27.07 34.51 0.23 5.65
24 7 2019 26.5 32.51 0.52 5.32
25 7 2019 25.75 32.18 0.97 4.49
26 7 2019 24.89 32.65 7.22 3.96
27 7 2019 24.82 32.06 19.36 2.93
28 7 2019 24.57 29.84 23.52 2.5
29 7 2019 24.71 30.65 8.44 3.58
30 7 2019 24.0 32.3 6.37 3.93
31 7 2019 23.98 31.73 14.35 3.33
1 8 2019 25.09 31.72 14.97 2.31
2 8 2019 24.27 31.15 5.36 3.34
3 8 2019 25.27 30.37 15.98 3.24
4 8 2019 24.72 31.81 3.59 3.51
5 8 2019 24.36 28.83 23.15 2.27
6 8 2019 24.33 31.04 12.77 3.25
7 8 2019 24.78 31.01 5.8 1.99
8 8 2019 24.66 28.52 62.82 2.44
9 8 2019 24.99 31.05 28.92 2.25
10 8 2019 23.68 29.81 14.7 2.88
11 8 2019 23.26 29.25 4.59 2.71
12 8 2019 23.55 30.58 0.34 3.64
13 8 2019 23.93 31.12 8.52 3.96
14 8 2019 24.53 30.35 13.62 2.02
15 8 2019 23.68 26.39 49.68 1.3
16 8 2019 23.68 26.77 38.42 2.0
17 8 2019 23.88 29.48 5.11 2.21
18 8 2019 23.91 29.92 3.58 2.87
19 8 2019 23.48 31.01 1.02 3.98
20 8 2019 23.74 31.08 2.99 4.33
21 8 2019 23.58 31.01 2.09 4.5
22 8 2019 23.3 30.4 0.19 4.61
23 8 2019 22.09 30.75 0.61 3.62
24 8 2019 23.0 29.12 5.71 3.34
25 8 2019 23.32 27.56 16.65 2.3
26 8 2019 23.3 28.33 22.89 2.42
27 8 2019 23.4 30.0 13.48 2.99
28 8 2019 24.12 29.62 33.31 2.72
29 8 2019 23.48 30.9 2.85 3.27
30 8 2019 24.33 27.37 14.4 2.83
31 8 2019 23.68 30.36 7.09 3.6
1 9 2019 24.3 28.7 13.84 2.77
2 9 2019 24.33 30.09 0.75 3.14
3 9 2019 24.16 30.93 0.16 3.3
4 9 2019 24.33 30.8 11.23 2.83
5 9 2019 25.04 31.08 9.44 3.24
6 9 2019 24.95 32.37 2.58 3.22
7 9 2019 25.33 29.25 5.7 2.9
8 9 2019 25.01 28.33 8.13 2.64
9 9 2019 24.24 29.68 24.69 1.91
10 9 2019 24.74 29.26 19.05 2.74
11 9 2019 25.15 30.86 3.56 3.2
12 9 2019 24.48 28.84 11.51 2.11
13 9 2019 24.51 26.74 34.2 1.34
14 9 2019 23.75 28.65 9.01 1.02
15 9 2019 23.9 29.7 4.25 2.41
16 9 2019 23.98 29.85 1.67 3.63
17 9 2019 23.47 31.54 0.87 4.05
18 9 2019 24.37 31.9 3.88 3.94
19 9 2019 22.98 30.42 3.79 4.21
20 9 2019 23.38 27.74 6.59 2.71
21 9 2019 23.7 29.76 14.02 3.18
22 9 2019 22.64 29.76 1.68 3.17
23 9 2019 23.01 29.19 0.5 3.04
24 9 2019 23.2 30.24 0.27 3.57
25 9 2019 23.06 29.15 5.97 2.96
26 9 2019 23.42 28.43 5.97 2.82
27 9 2019 23.03 26.96 13.23 2.69
28 9 2019 23.05 27.0 6.35 2.03
29 9 2019 21.97 24.63 3.48 2.23
30 9 2019 21.94 27.51 14.29 2.43
1 10 2019 22.51 28.62 14.05 2.68
2 10 2019 22.34 29.24 4.54 3.49
3 10 2019 21.61 29.88 4.8 3.81
4 10 2019 21.32 29.34 1.89 3.88
5 10 2019 20.39 29.32 1.46 3.73
6 10 2019 21.11 29.31 0.18 3.69
7 10 2019 21.68 29.83 0.3 3.69
8 10 2019 21.55 29.73 0.02 3.69
9 10 2019 21.11 30.0 1.98 3.62
10 10 2019 19.49 30.33 0.43 3.99
11 10 2019 19.67 29.97 0.0 4.19
12 10 2019 18.77 30.0 0.0 4.13
13 10 2019 20.52 30.92 0.0 3.83
14 10 2019 21.43 31.4 0.0 3.77
15 10 2019 21.26 31.24 0.0 3.94
16 10 2019 19.98 30.58 0.0 3.73
17 10 2019 18.94 30.51 0.0 3.68
18 10 2019 19.71 30.16 0.0 3.61
19 10 2019 20.12 28.63 0.0 3.01
20 10 2019 20.05 28.58 0.0 2.69
21 10 2019 19.42 27.97 0.0 2.45
22 10 2019 19.15 28.38 0.13 3.06
23 10 2019 18.48 27.9 0.56 3.41
24 10 2019 16.66 28.73 0.0 3.46
25 10 2019 15.54 28.31 0.0 3.56
26 10 2019 15.41 27.53 0.0 2.91
27 10 2019 17.05 27.34 0.29 2.41
28 10 2019 20.11 28.3 1.56 2.14
29 10 2019 19.88 29.43 2.71 2.25
30 10 2019 20.78 29.89 0.23 2.93
31 10 2019 20.59 30.51 0.1 3.29
1 11 2019 19.44 30.08 0.0 3.18
2 11 2019 19.76 28.87 1.84 2.85
3 11 2019 19.93 28.38 0.1 2.49
4 11 2019 19.51 29.35 0.0 3.1
5 11 2019 18.97 29.44 0.0 3.16
6 11 2019 20.03 28.14 0.02 2.81
7 11 2019 20.53 28.05 0.55 2.36
8 11 2019 19.09 28.19 3.97 2.6
9 11 2019 19.33 28.22 3.57 2.89
10 11 2019 19.02 28.71 0.0 3.0
11 11 2019 18.21 28.96 0.31 2.97
12 11 2019 18.37 28.6 0.08 2.89
13 11 2019 19.15 27.41 0.0 2.47
14 11 2019 18.54 26.92 0.01 2.77
15 11 2019 16.12 27.48 0.0 2.85
16 11 2019 15.62 27.23 0.0 2.68
17 11 2019 15.41 27.22 0.0 2.95
18 11 2019 14.15 27.19 0.0 2.69
19 11 2019 15.47 26.83 0.0 2.09
20 11 2019 14.7 26.57 0.0 2.72
21 11 2019 15.11 27.57 0.0 2.71
22 11 2019 15.98 26.35 0.0 2.48
23 11 2019 15.83 25.35 0.0 2.18
24 11 2019 15.84 27.56 0.0 2.48
25 11 2019 16.81 27.26 0.0 2.55
26 11 2019 15.74 27.49 0.0 2.48
27 11 2019 17.23 27.4 0.17 2.4
28 11 2019 16.98 27.89 0.17 2.42
29 11 2019 16.39 27.19 0.0 2.33
30 11 2019 16.14 26.92 0.17 2.23
1 12 2019 15.07 26.81 0.39 2.11
2 12 2019 15.11 26.53 0.06 2.53
3 12 2019 12.97 26.35 0.0 3.15
4 12 2019 12.65 26.31 0.0 3.07
5 12 2019 14.49 27.35 0.0 3.09
6 12 2019 13.62 23.26 0.0 2.67
7 12 2019 12.17 24.59 0.0 2.73
8 12 2019 10.76 24.69 0.0 2.45
9 12 2019 11.89 25.16 0.0 2.34
10 12 2019 11.97 25.74 0.0 2.3
11 12 2019 12.44 26.3 0.0 2.34
12 12 2019 13.46 25.15 0.03 2.27
13 12 2019 13.3 25.11 0.01 2.48
14 12 2019 10.37 23.42 0.0 2.39
15 12 2019 9.37 22.26 0.0 2.69
16 12 2019 7.63 21.59 0.0 2.66
17 12 2019 6.43 21.4 0.0 2.55
18 12 2019 6.8 23.82 0.0 2.42
19 12 2019 8.75 25.15 0.0 2.54
20 12 2019 11.29 25.62 0.0 2.27
21 12 2019 12.05 26.67 0.0 2.44
22 12 2019 11.53 25.16 0.0 2.94
23 12 2019 11.44 25.81 0.01 2.73
24 12 2019 14.83 23.62 0.0 2.03
25 12 2019 12.71 24.39 0.0 2.26
26 12 2019 8.91 23.24 0.0 3.11
27 12 2019 5.11 22.57 0.0 3.2
28 12 2019 4.51 22.44 0.0 3.28
29 12 2019 4.53 22.87 0.0 2.86
30 12 2019 6.09 23.9 0.0 2.64
31 12 2019 7.88 22.99 0.0 2.64
1 1 2020 8.98 22.21 0.0 2.18
2 1 2020 10.3 22.99 0.0 1.81
3 1 2020 9.14 22.43 0.0 2.01
4 1 2020 9.42 23.12 0.0 2.49
5 1 2020 8.44 23.87 0.0 2.68
6 1 2020 8.91 26.09 0.0 3.1
7 1 2020 10.15 26.48 0.0 2.66
8 1 2020 11.09 24.59 0.0 2.94
9 1 2020 5.66 20.98 0.0 3.21
10 1 2020 4.23 21.37 0.0 3.12
11 1 2020 5.36 23.87 0.0 2.89
12 1 2020 8.68 26.96 0.0 2.97
13 1 2020 12.11 26.01 0.0 2.72
14 1 2020 12.1 23.79 0.0 2.67
15 1 2020 9.67 24.23 0.77 2.42
16 1 2020 8.83 22.4 0.12 2.15
17 1 2020 8.55 22.41 0.0 2.3
18 1 2020 7.53 23.33 0.0 2.57
19 1 2020 7.33 22.58 0.0 2.99
20 1 2020 7.33 24.45 0.0 2.97
21 1 2020 10.16 26.5 0.0 3.01
22 1 2020 9.58 26.47 0.0 3.42
23 1 2020 7.78 24.71 0.0 3.92
24 1 2020 7.79 26.11 0.0 3.41
25 1 2020 8.29 27.43 0.0 3.59
26 1 2020 10.58 29.44 0.0 3.38
27 1 2020 11.72 28.55 0.0 3.94
28 1 2020 11.9 23.87 0.0 3.43
29 1 2020 9.53 24.3 0.0 3.01
30 1 2020 7.9 24.19 0.0 3.2
31 1 2020 7.82 25.16 0.0 3.28
1 2 2020 8.21 25.19 0.0 4.04
2 2 2020 7.85 25.28 0.0 4.25
3 2 2020 8.46 26.18 0.0 3.65
4 2 2020 9.55 27.27 0.0 3.82
5 2 2020 9.18 27.11 0.0 3.8
6 2 2020 9.44 26.78 0.0 3.9
7 2 2020 9.65 26.05 0.0 4.55
8 2 2020 7.69 25.35 0.0 4.82
9 2 2020 6.58 26.08 0.0 4.91
10 2 2020 7.15 27.38 0.0 4.12
11 2 2020 9.85 29.39 0.0 4.4
12 2 2020 11.61 30.98 0.0 4.16
13 2 2020 14.4 32.21 0.0 4.41
14 2 2020 12.67 31.64 0.0 4.76
15 2 2020 14.85 30.52 0.0 3.96
16 2 2020 13.19 33.15 0.0 5.91
17 2 2020 12.98 33.2 0.0 5.81
18 2 2020 13.23 34.08 0.0 4.63
19 2 2020 14.51 33.43 0.0 5.38
20 2 2020 15.7 33.17 0.0 6.0
21 2 2020 13.84 31.34 0.0 5.4
22 2 2020 12.83 31.99 0.0 6.14
23 2 2020 13.51 30.86 0.0 5.27
24 2 2020 13.52 29.68 0.0 4.8
25 2 2020 14.44 31.35 0.0 4.55
26 2 2020 15.44 33.37 0.0 4.77
27 2 2020 16.62 34.54 0.0 4.76
28 2 2020 17.58 33.28 0.0 4.63
29 2 2020 17.65 33.84 0.0 6.23
1 3 2020 16.36 34.27 0.01 5.68
2 3 2020 15.78 33.88 0.0 5.36
3 3 2020 17.3 33.69 0.0 5.48
4 3 2020 17.12 32.65 0.0 6.56
5 3 2020 14.61 30.4 0.55 5.53
6 3 2020 15.62 28.5 0.76 5.89
7 3 2020 12.55 29.4 0.0 4.79
8 3 2020 12.87 31.92 0.0 5.88
9 3 2020 14.83 33.08 0.0 6.36
10 3 2020 19.44 31.87 0.0 6.59
11 3 2020 16.14 29.35 0.0 5.78
12 3 2020 12.58 28.21 0.0 6.25
13 3 2020 11.62 29.49 0.0 5.58
14 3 2020 12.04 30.51 0.0 6.62
15 3 2020 12.63 29.05 0.0 5.86
16 3 2020 15.29 32.99 0.0 5.98
17 3 2020 15.93 35.51 0.0 6.91
18 3 2020 17.09 36.45 0.0 6.08
19 3 2020 17.89 36.89 0.0 6.19
20 3 2020 18.23 35.12 0.0 7.31
21 3 2020 16.5 34.87 0.0 6.22
22 3 2020 20.98 36.51 0.0 4.91
23 3 2020 22.9 37.56 0.5 5.17
24 3 2020 23.73 36.9 0.02 5.79
25 3 2020 22.64 37.19 1.16 6.61
26 3 2020 20.8 34.43 4.18 5.98
27 3 2020 19.2 31.91 11.23 4.74
28 3 2020 15.93 33.38 0.0 5.42
29 3 2020 16.37 34.01 0.0 5.79
30 3 2020 17.24 36.44 0.0 6.95
31 3 2020 17.23 37.26 0.0 7.33
1 4 2020 19.23 37.4 0.0 7.46
2 4 2020 18.11 35.94 0.0 7.62
3 4 2020 19.05 37.45 0.0 8.12
4 4 2020 19.23 38.03 0.0 7.6
5 4 2020 20.08 39.19 0.0 7.23
6 4 2020 20.97 39.3 0.0 7.18
7 4 2020 20.68 39.58 0.0 8.29
8 4 2020 20.3 39.03 0.0 7.93
9 4 2020 20.06 38.82 0.0 6.87
10 4 2020 22.19 39.76 0.0 6.64
11 4 2020 23.48 41.28 0.0 6.76
12 4 2020 24.2 41.84 0.0 8.45
13 4 2020 24.69 42.56 0.0 8.4
14 4 2020 26.37 42.78 0.0 9.26
15 4 2020 26.61 42.66 0.0 8.97
16 4 2020 25.8 42.43 0.0 10.13
17 4 2020 25.32 40.0 0.0 9.35
18 4 2020 25.25 40.82 0.0 9.31
19 4 2020 25.84 39.97 0.0 9.26
20 4 2020 25.23 39.22 0.0 8.84
21 4 2020 24.37 39.94 0.0 8.07
22 4 2020 25.21 41.53 0.0 7.15
23 4 2020 26.8 42.2 0.0 10.44
24 4 2020 26.44 41.1 0.0 10.06
25 4 2020 24.37 38.46 0.01 8.7
26 4 2020 24.93 40.9 1.16 8.27
27 4 2020 24.92 40.83 2.12 8.5
28 4 2020 24.29 41.94 0.14 7.94
29 4 2020 25.29 42.97 0.0 8.57
30 4 2020 27.43 43.43 0.0 8.08
1 5 2020 27.4 43.92 0.23 9.89
2 5 2020 27.15 43.08 0.0 11.04
3 5 2020 26.11 42.66 0.0 10.9
4 5 2020 26.76 42.42 1.86 8.03
5 5 2020 27.59 42.18 0.04 8.59
6 5 2020 28.44 42.24 0.34 9.3
7 5 2020 26.08 42.43 0.11 10.27
8 5 2020 26.69 43.73 0.0 10.5
9 5 2020 26.16 43.82 0.0 10.18
10 5 2020 26.33 43.61 0.0 10.53
11 5 2020 25.79 42.06 0.02 10.25
12 5 2020 26.25 42.07 0.0 9.35
13 5 2020 26.51 43.13 0.04 8.67
14 5 2020 27.3 43.16 0.49 9.63
15 5 2020 27.77 43.51 0.0 9.5
16 5 2020 28.87 43.5 0.0 10.53
17 5 2020 27.18 43.04 0.0 10.88
18 5 2020 27.24 42.39 0.0 10.3
19 5 2020 27.08 43.24 0.0 10.91
20 5 2020 27.49 44.65 0.0 11.64
21 5 2020 27.23 44.53 0.0 10.94
22 5 2020 27.44 43.78 0.0 13.46
23 5 2020 27.65 44.26 0.0 12.13
24 5 2020 28.48 44.76 0.0 11.19
25 5 2020 28.56 44.39 0.0 11.32
26 5 2020 28.33 44.09 0.0 11.93
27 5 2020 28.24 44.55 0.0 13.05
28 5 2020 28.02 43.07 0.0 12.08
29 5 2020 27.73 41.13 0.0 11.17
30 5 2020 28.47 38.08 1.4 8.88
31 5 2020 27.94 39.28 3.01 7.91
1 6 2020 29.48 38.86 1.32 7.59
2 6 2020 27.98 37.95 0.51 7.65
3 6 2020 28.5 38.85 0.54 7.42
4 6 2020 26.78 37.56 0.87 5.42
5 6 2020 27.26 36.76 1.1 7.89
6 6 2020 26.01 35.23 1.87 7.02
7 6 2020 25.86 36.19 1.97 6.87
8 6 2020 26.01 37.3 1.34 7.88
9 6 2020 24.44 37.9 4.93 8.03
10 6 2020 25.4 38.11 8.78 6.53
11 6 2020 26.2 38.15 11.02 5.35
12 6 2020 27.19 38.01 3.06 6.37
13 6 2020 26.47 38.3 4.32 6.26
14 6 2020 26.11 34.72 6.45 5.44
15 6 2020 26.3 40.78 0.3 6.94
16 6 2020 26.36 40.96 1.68 7.92
17 6 2020 26.66 39.13 2.57 8.05
18 6 2020 25.93 37.89 0.0 7.91
19 6 2020 25.91 38.48 0.08 7.82
20 6 2020 26.43 38.06 0.04 7.9
21 6 2020 26.48 38.4 0.01 8.3
22 6 2020 26.14 37.61 6.88 7.06
23 6 2020 25.86 36.25 7.21 5.33
24 6 2020 25.56 34.63 10.23 4.15
25 6 2020 26.22 32.85 2.85 4.0
26 6 2020 25.87 34.02 4.57 5.55
27 6 2020 25.16 36.54 0.85 6.26
28 6 2020 26.2 35.18 0.24 6.52
29 6 2020 26.59 36.58 0.78 6.76
30 6 2020 25.97 38.4 3.1 5.56
1 7 2020 26.84 35.33 0.28 5.94
2 7 2020 25.95 32.84 7.44 5.28
3 7 2020 25.95 36.29 7.62 5.72
4 7 2020 26.37 33.48 4.68 4.5
5 7 2020 25.63 34.86 3.01 4.01
6 7 2020 24.7 35.88 5.44 5.17
7 7 2020 25.44 35.47 1.34 5.53
8 7 2020 24.72 36.12 0.72 5.61
9 7 2020 24.93 36.91 0.59 6.84
10 7 2020 25.2 34.48 2.55 6.07
11 7 2020 25.48 33.68 3.87 4.88
12 7 2020 25.62 34.01 7.15 4.9
13 7 2020 25.25 33.88 12.7 5.2
14 7 2020 25.28 32.19 4.86 3.95
15 7 2020 25.51 34.48 4.41 4.07
16 7 2020 25.43 34.94 6.52 4.82
17 7 2020 24.25 35.65 1.55 4.91
18 7 2020 25.69 35.73 10.17 5.89
19 7 2020 25.64 35.38 3.11 6.15
20 7 2020 25.8 34.21 0.14 5.55
21 7 2020 25.62 34.77 0.07 6.14
22 7 2020 24.9 35.56 0.01 6.31
23 7 2020 25.58 34.76 10.67 5.62
24 7 2020 25.26 34.23 3.51 4.19
25 7 2020 25.22 33.48 14.12 4.54
26 7 2020 24.66 33.27 5.2 5.11
27 7 2020 24.13 35.07 0.38 5.96
28 7 2020 25.69 33.12 0.12 5.45
29 7 2020 25.64 32.15 2.27 4.09
30 7 2020 24.91 33.42 9.17 3.97
31 7 2020 25.31 34.31 4.43 4.7
1 8 2020 25.4 31.62 1.62 4.93
2 8 2020 25.67 30.65 0.35 4.01
3 8 2020 24.4 34.87 0.07 5.13
4 8 2020 25.08 34.33 5.24 5.32
5 8 2020 26.05 35.55 14.85 3.37
6 8 2020 25.92 33.73 6.21 4.18
7 8 2020 24.99 33.35 4.52 4.73
8 8 2020 24.68 33.33 3.83 4.12
9 8 2020 24.77 33.78 6.15 4.19
10 8 2020 25.51 30.98 15.44 3.3
11 8 2020 25.42 30.39 3.41 2.84
12 8 2020 24.82 31.37 5.94 3.34
13 8 2020 25.23 31.48 24.79 2.71
14 8 2020 25.01 32.4 16.19 3.33
15 8 2020 24.52 30.47 19.27 3.0
16 8 2020 24.92 28.33 6.76 2.73
17 8 2020 25.09 28.42 7.68 2.76
18 8 2020 25.19 29.41 2.65 2.77
19 8 2020 24.48 30.15 9.33 2.75
20 8 2020 24.58 30.65 8.64 3.11
21 8 2020 24.89 31.65 9.9 4.04
22 8 2020 24.73 30.13 54.58 3.04
23 8 2020 24.39 27.86 49.39 1.96
24 8 2020 24.21 28.15 20.92 2.55
25 8 2020 23.86 29.32 9.69 3.13
26 8 2020 23.32 29.96 1.65 3.82
27 8 2020 23.15 30.19 0.51 3.93
28 8 2020 23.9 29.34 3.84 3.92
29 8 2020 24.32 27.87 20.1 2.83
30 8 2020 23.14 27.07 49.07 2.21
31 8 2020 22.65 28.55 5.84 2.86
1 9 2020 22.71 29.59 0.64 3.39
2 9 2020 22.51 30.8 4.98 3.25
3 9 2020 23.39 29.73 19.4 2.29
4 9 2020 23.16 30.26 4.09 4.2
5 9 2020 22.82 30.33 1.31 4.36
6 9 2020 22.51 30.57 12.29 3.04
7 9 2020 24.05 30.51 11.27 3.53
8 9 2020 24.41 31.32 3.49 3.54
9 9 2020 24.08 30.47 3.43 4.04
10 9 2020 23.67 31.86 1.14 4.2
11 9 2020 24.41 31.64 12.57 3.74
12 9 2020 24.87 31.85 15.25 4.24
13 9 2020 24.51 32.27 1.29 4.25
14 9 2020 24.3 31.6 8.67 4.0
15 9 2020 24.32 31.56 1.78 3.88
16 9 2020 24.9 30.09 9.75 3.78
17 9 2020 24.51 31.08 4.04 3.73
18 9 2020 24.43 29.83 12.44 3.31
19 9 2020 24.15 31.54 8.13 3.75
20 9 2020 24.19 31.02 2.52 3.72
21 9 2020 24.46 32.07 3.39 4.37
22 9 2020 23.31 31.87 3.83 3.86
23 9 2020 22.8 29.81 4.68 3.3
24 9 2020 22.07 30.98 2.69 3.98
25 9 2020 24.02 31.22 0.0 4.12
26 9 2020 22.73 29.28 6.34 3.19
27 9 2020 20.08 28.81 0.25 3.83
28 9 2020 19.85 29.82 0.63 3.91
29 9 2020 20.54 30.75 3.55 3.5
30 9 2020 21.42 31.36 3.76 3.6
1 10 2020 21.45 31.52 0.54 4.51
2 10 2020 21.14 32.23 0.11 4.5
3 10 2020 20.56 32.21 0.0 4.4
4 10 2020 20.22 31.58 0.0 4.09
5 10 2020 20.4 32.26 0.0 4.58
6 10 2020 18.49 31.79 0.0 4.51
7 10 2020 18.81 32.31 0.0 4.53
8 10 2020 18.73 31.69 0.0 4.55
9 10 2020 18.88 31.86 0.0 4.5
10 10 2020 18.98 32.01 0.0 4.37
11 10 2020 19.67 32.15 0.0 4.33
12 10 2020 18.9 32.06 0.0 4.4
13 10 2020 18.49 32.61 0.2 4.13
14 10 2020 20.23 29.42 0.63 3.25
15 10 2020 22.95 29.68 0.02 3.62
16 10 2020 22.88 30.61 0.0 3.13
17 10 2020 23.56 30.52 0.42 3.37
18 10 2020 23.7 31.87 6.78 3.37
19 10 2020 23.48 30.9 4.22 2.91
20 10 2020 23.4 31.43 2.18 3.0
21 10 2020 23.12 31.8 1.66 3.42
22 10 2020 19.78 31.69 0.12 3.78
23 10 2020 16.59 30.51 0.0 3.7
24 10 2020 17.9 30.31 0.0 3.88
25 10 2020 17.62 29.99 0.0 3.79
26 10 2020 16.55 30.66 0.0 3.68
27 10 2020 14.27 30.28 0.0 3.85
28 10 2020 13.56 29.66 0.0 3.52
29 10 2020 16.55 29.4 0.0 3.45
30 10 2020 16.72 30.03 0.0 3.19
31 10 2020 14.26 29.68 0.0 3.77
1 11 2020 13.2 29.51 0.0 3.52
2 11 2020 13.6 30.01 0.0 3.4
3 11 2020 15.24 29.92 0.0 3.57
4 11 2020 15.33 29.67 0.0 3.54
5 11 2020 13.48 29.37 0.0 3.53
6 11 2020 14.67 29.4 0.0 3.33
7 11 2020 14.51 30.44 0.0 3.31
8 11 2020 14.45 30.23 0.0 3.13
9 11 2020 14.92 29.47 0.0 2.79
10 11 2020 13.66 29.38 0.0 3.32
11 11 2020 12.03 28.05 0.0 3.29
12 11 2020 12.17 27.93 0.0 3.44
13 11 2020 14.02 30.21 0.0 3.49
14 11 2020 16.6 31.0 0.0 3.35
15 11 2020 19.39 29.65 0.12 3.09
16 11 2020 17.66 31.33 0.0 3.19
17 11 2020 16.45 29.64 0.0 2.81
18 11 2020 16.74 29.69 0.02 3.02
19 11 2020 13.44 28.72 0.0 3.05
20 11 2020 14.15 27.66 0.0 3.12
21 11 2020 11.64 26.99 0.0 3.31
22 11 2020 10.19 27.61 0.0 3.44
23 11 2020 9.87 29.21 0.0 3.37
24 11 2020 12.98 29.69 0.0 3.44
25 11 2020 13.32 29.21 1.59 2.79
26 11 2020 16.1 27.45 2.28 2.7
27 11 2020 12.62 27.04 0.0 3.88
28 11 2020 11.26 27.93 0.0 3.75
29 11 2020 11.49 29.4 0.0 3.46
30 11 2020 13.04 30.29 0.0 3.43
1 12 2020 12.26 30.93 0.0 3.63
2 12 2020 12.48 30.58 0.0 3.56
3 12 2020 13.15 31.35 0.0 3.11
4 12 2020 13.35 31.67 0.0 2.84
5 12 2020 14.69 30.93 0.0 3.21
6 12 2020 13.87 31.08 0.0 2.74
7 12 2020 15.09 31.28 0.0 2.91
8 12 2020 13.2 30.92 0.0 3.21
9 12 2020 14.01 30.61 0.0 2.94
10 12 2020 14.74 30.73 0.0 2.93
11 12 2020 16.14 23.33 3.25 1.45
12 12 2020 14.68 26.45 0.41 2.06
13 12 2020 16.33 24.4 0.04 2.07
14 12 2020 15.0 23.08 0.0 1.94
15 12 2020 14.55 25.68 0.0 1.93
16 12 2020 12.23 25.96 0.0 2.67
17 12 2020 10.76 24.76 0.0 3.18
18 12 2020 8.62 25.77 0.0 3.18
19 12 2020 8.3 26.69 0.0 3.74
20 12 2020 9.18 27.37 0.0 3.67
21 12 2020 9.88 27.87 0.0 3.33
22 12 2020 10.26 27.67 0.0 2.95
23 12 2020 10.05 28.01 0.0 3.07
24 12 2020 9.86 28.11 0.0 3.01
25 12 2020 11.0 28.7 0.0 3.75
26 12 2020 10.33 29.42 0.0 3.36
27 12 2020 11.9 28.23 0.0 3.6
28 12 2020 5.81 23.46 0.0 3.93
29 12 2020 5.87 24.69 0.0 4.42
30 12 2020 7.08 24.94 0.0 4.54
31 12 2020 9.26 26.64 0.0 3.5
1 1 2021 12.44 28.55 0.0 2.97
2 1 2021 17.14 26.4 0.13 2.85
3 1 2021 15.25 28.73 0.23 3.38
4 1 2021 15.7 27.89 0.98 2.44
5 1 2021 15.41 27.77 0.01 3.14
6 1 2021 12.44 28.3 0.0 3.2
7 1 2021 11.32 28.76 0.0 3.04
8 1 2021 17.42 27.33 1.28 1.9
9 1 2021 15.94 28.55 0.61 2.07
10 1 2021 14.93 29.94 0.01 2.38
11 1 2021 14.09 30.22 0.0 3.2
12 1 2021 12.33 29.6 0.0 4.04
13 1 2021 10.91 29.67 0.0 4.23
14 1 2021 11.36 31.22 0.0 4.9
15 1 2021 10.48 31.51 0.0 4.21
16 1 2021 13.06 32.0 0.0 3.74
17 1 2021 15.29 32.37 0.0 4.05
18 1 2021 15.12 31.49 0.0 4.04
19 1 2021 11.98 29.71 0.0 3.67
20 1 2021 12.15 29.79 0.0 3.58
21 1 2021 12.15 31.12 0.0 3.62
22 1 2021 11.96 31.59 0.0 4.51
23 1 2021 13.82 30.91 0.0 4.48
24 1 2021 10.33 27.67 0.0 5.05
25 1 2021 7.13 26.7 0.0 4.94
26 1 2021 7.89 26.97 0.0 4.83
27 1 2021 7.78 27.29 0.0 4.36
28 1 2021 8.24 28.1 0.0 4.44
29 1 2021 8.34 27.55 0.0 4.97
30 1 2021 8.12 28.9 0.0 4.49
31 1 2021 8.56 30.05 0.0 4.18
1 2 2021 10.64 31.48 0.0 4.0
2 2 2021 12.82 32.04 0.0 5.09
3 2 2021 14.37 31.49 0.0 4.51
4 2 2021 15.58 30.43 0.0 4.87
5 2 2021 11.35 28.35 0.0 5.26
6 2 2021 9.57 28.31 0.0 5.42
7 2 2021 10.09 29.61 0.0 4.83
8 2 2021 10.55 31.19 0.0 4.66
9 2 2021 13.02 32.59 0.0 4.58
10 2 2021 14.3 31.7 0.0 4.69
11 2 2021 13.18 32.69 0.0 4.59
12 2 2021 14.44 33.67 0.0 5.33
13 2 2021 13.77 33.3 0.0 5.52
14 2 2021 15.64 33.23 0.0 5.39
15 2 2021 16.51 31.51 0.0 5.28
16 2 2021 15.5 32.05 0.0 4.8
17 2 2021 14.52 32.46 0.0 4.89
18 2 2021 15.06 32.4 0.0 5.48
19 2 2021 14.51 31.89 0.0 5.81
20 2 2021 14.08 32.39 0.0 5.98
21 2 2021 14.26 33.69 0.0 4.79
22 2 2021 15.81 34.29 0.0 4.81
23 2 2021 15.58 35.44 0.0 5.53
24 2 2021 16.58 35.34 0.0 6.18
25 2 2021 16.92 35.57 0.0 6.67
26 2 2021 17.21 36.42 0.0 6.78
27 2 2021 18.37 36.66 0.0 7.4
28 2 2021 18.82 36.23 0.0 6.84
1 3 2021 19.44 35.91 0.0 6.53
2 3 2021 14.92 35.55 0.0 5.85
3 3 2021 16.85 36.94 0.0 5.94
4 3 2021 17.99 37.2 0.0 6.47
5 3 2021 18.68 37.19 0.0 6.82
6 3 2021 19.89 37.88 0.0 6.89
7 3 2021 18.5 37.19 0.0 7.8
8 3 2021 18.08 37.05 0.0 7.32
9 3 2021 19.85 37.42 0.0 7.18
10 3 2021 20.09 37.12 0.0 6.98
11 3 2021 19.2 37.36 0.0 6.21
12 3 2021 21.15 36.23 0.03 6.48
13 3 2021 18.56 36.35 0.11 5.59
14 3 2021 18.15 37.33 0.0 5.96
15 3 2021 19.72 37.83 0.0 6.71
16 3 2021 20.26 37.94 0.0 6.37
17 3 2021 23.3 38.12 0.0 5.66
18 3 2021 21.54 37.87 0.07 6.93
19 3 2021 21.38 37.12 0.03 6.72
20 3 2021 21.16 36.85 0.13 6.63
21 3 2021 21.29 37.71 0.0 6.99
22 3 2021 20.32 38.37 0.48 6.56
23 3 2021 22.04 38.45 1.07 6.87
24 3 2021 20.26 37.1 0.0 7.66
25 3 2021 18.92 37.03 0.0 8.23
26 3 2021 19.36 38.0 0.0 6.74
27 3 2021 20.78 40.49 0.0 7.17
28 3 2021 22.23 42.35 0.0 8.91
29 3 2021 21.89 42.51 0.0 9.95
30 3 2021 21.04 41.38 0.0 10.72
31 3 2021 21.25 41.33 0.0 10.0
1 4 2021 19.14 40.23 0.0 6.56
2 4 2021 17.36 40.26 0.0 8.68
3 4 2021 18.99 40.1 0.0 6.39
4 4 2021 18.69 40.78 0.0 6.91
5 4 2021 21.69 41.65 0.0 9.52
6 4 2021 22.33 41.9 0.0 9.75
7 4 2021 21.85 40.76 0.0 9.0
8 4 2021 21.96 40.26 0.0 8.19
9 4 2021 21.37 39.69 0.0 6.93
10 4 2021 21.32 40.81 0.0 8.11
11 4 2021 21.53 41.45 0.0 7.85
12 4 2021 21.6 41.25 0.0 8.45
13 4 2021 23.05 41.65 0.0 8.74
14 4 2021 23.42 38.15 0.0 7.34
15 4 2021 22.04 40.1 0.0 7.95
16 4 2021 22.74 39.9 0.0 10.14
17 4 2021 23.55 39.62 0.0 8.53
18 4 2021 25.28 40.6 0.0 6.81
19 4 2021 25.35 41.4 0.0 7.52
20 4 2021 25.68 36.98 0.0 8.88
21 4 2021 23.1 39.08 0.0 9.26
22 4 2021 23.26 39.67 0.0 7.98
23 4 2021 22.8 39.9 0.0 10.59
24 4 2021 25.17 39.08 0.0 5.88
25 4 2021 23.48 41.33 0.0 8.91
26 4 2021 24.62 42.38 0.0 7.3
27 4 2021 23.91 43.58 0.0 9.36
28 4 2021 24.87 43.68 0.0 8.8
29 4 2021 26.27 43.57 0.0 8.83
30 4 2021 25.73 43.01 0.0 9.2
1 5 2021 26.83 39.5 0.0 6.08
2 5 2021 27.69 40.08 0.0 7.21
3 5 2021 26.17 41.24 0.0 9.15
4 5 2021 25.36 39.29 0.0 9.28
5 5 2021 24.23 41.19 0.0 9.47
6 5 2021 24.92 42.3 0.0 10.32
7 5 2021 26.04 42.29 0.02 8.63
8 5 2021 27.58 42.92 0.03 6.61
9 5 2021 29.82 42.93 0.0 7.81
10 5 2021 27.89 42.19 0.02 10.46
11 5 2021 26.88 40.96 0.02 10.67
12 5 2021 27.12 40.06 0.31 10.61
13 5 2021 26.54 40.62 0.03 11.03
14 5 2021 26.24 40.64 0.0 9.78
15 5 2021 27.22 42.21 0.01 5.94
16 5 2021 30.58 41.54 3.54 7.8
17 5 2021 26.64 38.28 17.53 6.86
18 5 2021 25.55 30.94 36.31 3.51
19 5 2021 24.4 31.37 3.8 3.45
20 5 2021 21.72 37.87 0.0 7.03
21 5 2021 22.85 37.91 0.0 8.17
22 5 2021 23.22 38.03 0.27 8.11
23 5 2021 22.64 36.62 0.23 6.86
24 5 2021 24.13 38.73 0.0 7.23
25 5 2021 24.87 40.99 0.0 8.98
26 5 2021 24.85 40.47 0.0 9.02
27 5 2021 25.44 38.06 1.46 7.61
28 5 2021 25.67 40.54 2.51 8.51
29 5 2021 26.03 40.81 1.23 8.19
30 5 2021 25.87 41.18 0.03 9.53
31 5 2021 25.37 40.19 0.0 9.39
1 6 2021 24.98 39.3 0.0 8.84
2 6 2021 25.29 39.22 0.76 7.99
3 6 2021 25.28 39.1 2.38 7.61
4 6 2021 26.55 37.55 7.0 6.35
5 6 2021 25.33 34.08 2.06 5.69
6 6 2021 25.23 35.52 0.18 6.53
7 6 2021 25.44 36.85 3.57 7.34
8 6 2021 25.48 38.92 0.02 8.59
9 6 2021 26.74 40.16 0.0 9.35
10 6 2021 27.48 40.92 0.0 10.42
11 6 2021 27.63 40.87 0.0 10.5
12 6 2021 28.35 40.88 0.0 10.44
13 6 2021 29.2 39.13 0.01 9.81
14 6 2021 28.54 40.62 2.37 10.05
15 6 2021 28.26 39.71 0.94 10.26
16 6 2021 28.2 39.13 0.74 9.57
17 6 2021 27.2 34.64 4.69 6.12
18 6 2021 25.52 33.19 29.29 4.91
19 6 2021 25.27 30.18 11.18 3.48
20 6 2021 24.51 30.92 3.6 3.67
21 6 2021 24.07 33.42 0.95 5.06
22 6 2021 24.76 34.6 6.4 5.54
23 6 2021 25.0 32.56 1.99 3.92
24 6 2021 24.53 33.76 0.56 4.96
25 6 2021 24.63 35.05 0.35 5.89
26 6 2021 25.19 35.1 4.8 5.8
27 6 2021 24.98 35.43 4.6 5.58
28 6 2021 25.17 37.15 2.19 6.17
29 6 2021 25.23 37.12 2.06 6.22
30 6 2021 25.55 36.15 0.37 7.07
1 7 2021 25.44 36.5 0.01 7.3
2 7 2021 25.1 36.36 0.0 7.45
3 7 2021 24.78 36.0 0.02 7.13
4 7 2021 25.3 36.06 0.51 6.88
5 7 2021 24.87 36.19 6.29 6.01
6 7 2021 24.99 29.9 2.93 4.67
7 7 2021 24.83 37.45 0.03 7.33
8 7 2021 25.25 37.02 0.0 7.79
9 7 2021 25.66 36.98 0.03 6.91
10 7 2021 25.85 36.18 4.19 5.45
11 7 2021 26.44 33.27 3.13 3.79
12 7 2021 26.62 36.48 8.18 5.72
13 7 2021 26.37 38.0 4.69 6.37
14 7 2021 25.55 37.22 2.69 5.1
15 7 2021 26.07 37.08 9.54 5.62
16 7 2021 26.37 38.5 1.92 6.9
17 7 2021 25.79 34.74 0.75 6.2
18 7 2021 26.42 32.37 1.48 3.11
19 7 2021 25.44 34.32 4.73 4.54
20 7 2021 25.05 33.41 5.27 4.72
21 7 2021 24.4 35.94 1.25 5.16
22 7 2021 24.94 37.24 3.06 5.61
23 7 2021 25.58 31.23 10.84 2.54
24 7 2021 24.73 31.3 18.89 3.8
25 7 2021 25.12 28.44 55.99 1.62
26 7 2021 23.92 28.71 20.86 2.52
27 7 2021 23.44 29.37 5.16 2.07
28 7 2021 23.66 31.69 4.15 3.43
29 7 2021 23.75 31.02 7.82 3.1
30 7 2021 22.94 31.58 4.24 3.46
31 7 2021 23.51 31.52 4.34 3.1
1 8 2021 23.31 29.95 11.83 2.64
2 8 2021 23.73 29.19 12.7 2.32
3 8 2021 23.25 27.86 11.75 2.05
4 8 2021 23.98 31.06 11.87 3.77
5 8 2021 23.77 30.63 3.2 3.77
6 8 2021 23.95 28.43 17.58 2.07
7 8 2021 23.73 31.25 6.88 3.19
8 8 2021 23.64 31.58 2.05 3.71
9 8 2021 24.14 31.12 0.84 3.85
10 8 2021 23.63 30.56 0.04 4.59
11 8 2021 23.16 31.7 0.01 4.66
12 8 2021 22.9 31.12 0.0 4.52
13 8 2021 23.37 31.6 0.0 4.73
14 8 2021 23.52 32.28 0.0 4.89
15 8 2021 22.99 32.65 0.0 5.05
16 8 2021 23.11 33.76 0.02 5.04
17 8 2021 23.57 34.08 1.0 5.22
18 8 2021 24.56 34.18 1.9 4.03
19 8 2021 23.69 31.34 18.53 2.78
20 8 2021 23.32 27.76 8.05 1.75
21 8 2021 22.43 31.97 6.23 2.78
22 8 2021 23.36 33.15 0.91 3.91
23 8 2021 23.9 32.65 0.04 4.22
24 8 2021 23.84 32.48 0.13 4.91
25 8 2021 23.97 31.48 0.14 4.94
26 8 2021 22.88 32.95 0.09 4.79
27 8 2021 23.15 33.18 0.0 4.48
28 8 2021 23.55 33.16 0.13 4.36
29 8 2021 23.24 33.13 5.59 3.34
30 8 2021 24.2 32.27 7.15 3.68
31 8 2021 24.78 32.12 8.57 2.99
1 9 2021 24.68 31.77 17.61 3.83
2 9 2021 23.68 29.48 6.32 3.66
3 9 2021 23.57 31.9 0.17 4.19
4 9 2021 23.51 31.67 0.02 4.42
5 9 2021 24.19 31.65 2.31 4.28
6 9 2021 23.76 32.76 1.95 3.66
7 9 2021 25.55 30.85 4.45 3.81
8 9 2021 24.58 32.49 10.37 3.66
9 9 2021 25.25 30.54 19.25 1.94
10 9 2021 24.53 27.89 35.31 1.3
11 9 2021 24.4 27.4 18.61 2.81
12 9 2021 23.51 29.9 9.67 3.04
13 9 2021 25.01 29.64 7.66 3.43
14 9 2021 24.95 31.22 6.07 3.93
15 9 2021 24.84 31.53 11.23 3.28
16 9 2021 24.33 31.22 10.67 4.25
17 9 2021 24.24 31.53 3.29 3.61
18 9 2021 24.03 29.27 18.67 2.52
19 9 2021 24.04 29.8 44.15 2.02
20 9 2021 24.11 30.05 8.66 2.06
21 9 2021 24.51 27.59 7.51 2.68
22 9 2021 23.95 29.28 3.82 2.91
23 9 2021 23.47 30.45 0.75 3.61
24 9 2021 23.31 30.99 4.7 3.37
25 9 2021 24.27 28.57 12.63 3.22
26 9 2021 23.45 29.15 7.47 2.83
27 9 2021 23.98 29.26 10.74 2.93
28 9 2021 24.41 30.79 2.56 3.84
29 9 2021 23.6 29.91 1.04 2.88
30 9 2021 22.7 28.38 2.61 3.67
1 10 2021 22.14 30.01 5.98 3.09
2 10 2021 22.69 30.63 16.05 3.48
3 10 2021 23.25 30.95 3.98 3.98
4 10 2021 22.48 30.12 0.02 3.85
5 10 2021 22.5 32.31 0.0 4.07
6 10 2021 23.49 31.39 0.1 3.79
7 10 2021 25.15 31.89 0.66 4.01
8 10 2021 23.6 31.91 0.21 4.1
9 10 2021 22.66 31.51 0.09 3.67
10 10 2021 23.4 30.94 0.19 3.58
11 10 2021 23.14 31.38 0.65 3.74
12 10 2021 22.05 32.4 0.2 4.29
13 10 2021 20.69 32.28 0.01 4.32
14 10 2021 18.68 31.56 0.0 4.42
15 10 2021 17.83 31.69 0.0 4.33
16 10 2021 18.4 30.61 0.6 3.98
17 10 2021 21.6 28.47 11.45 2.11
18 10 2021 19.85 30.64 0.94 3.33
19 10 2021 16.48 29.71 0.0 3.45
20 10 2021 17.45 30.4 0.0 3.73
21 10 2021 16.99 30.04 0.0 3.88
22 10 2021 16.83 28.26 0.0 3.64
23 10 2021 15.94 27.64 0.0 3.47
24 10 2021 16.86 27.92 0.12 3.15
25 10 2021 18.91 28.37 0.02 3.09
26 10 2021 19.82 27.08 0.0 2.89
27 10 2021 17.91 28.93 0.0 3.43
28 10 2021 15.4 28.73 0.0 3.68
29 10 2021 15.18 28.93 0.0 3.75
30 10 2021 13.58 28.77 0.0 3.7
31 10 2021 14.23 29.48 0.0 3.49
1 11 2021 15.3 29.72 0.0 3.34
2 11 2021 14.07 29.19 0.0 3.48
3 11 2021 13.0 28.78 0.0 3.59
4 11 2021 13.19 28.89 0.0 3.39
5 11 2021 13.3 28.83 0.0 3.34
6 11 2021 13.9 27.87 0.0 3.01
7 11 2021 14.29 29.03 0.0 3.27
8 11 2021 14.4 29.77 0.0 3.45
9 11 2021 14.88 30.37 0.0 3.38
10 11 2021 14.26 30.14 0.0 3.41
11 11 2021 14.27 29.66 0.0 3.35
12 11 2021 12.7 28.05 0.0 3.18
13 11 2021 12.19 27.45 0.0 3.16
14 11 2021 11.8 26.83 0.0 3.13
15 11 2021 11.72 26.94 0.0 3.19
16 11 2021 10.66 26.98 0.0 3.64
17 11 2021 12.33 26.8 0.05 3.28
18 11 2021 16.45 24.78 14.66 1.51
19 11 2021 17.73 24.76 35.61 0.95
20 11 2021 19.34 28.11 8.09 1.93
21 11 2021 17.88 28.3 0.27 2.63
22 11 2021 18.79 29.13 0.0 2.72
23 11 2021 18.26 29.33 0.0 2.89
24 11 2021 16.06 29.21 0.0 2.71
25 11 2021 15.56 28.94 0.0 2.9
26 11 2021 14.05 28.94 0.0 2.85
27 11 2021 14.99 28.85 0.0 2.93
28 11 2021 14.27 28.33 0.0 2.84
29 11 2021 13.7 27.83 0.0 2.97
30 11 2021 13.02 26.8 0.0 2.66
1 12 2021 14.81 22.7 2.62 1.52
2 12 2021 13.38 21.73 1.5 1.31
3 12 2021 11.76 24.41 0.51 2.22
4 12 2021 12.14 25.98 0.14 2.49
5 12 2021 15.65 25.48 0.0 2.3
6 12 2021 14.41 26.7 0.0 2.37
7 12 2021 14.51 26.22 0.0 2.6
8 12 2021 12.49 25.8 0.0 2.46
9 12 2021 12.85 25.69 0.0 2.46
10 12 2021 11.8 25.3 0.0 2.63
11 12 2021 9.9 25.48 0.0 2.47
12 12 2021 9.61 25.3 0.0 2.51
13 12 2021 12.58 25.73 0.0 1.95
14 12 2021 14.19 26.16 0.0 2.28
15 12 2021 11.73 25.89 0.0 2.25
16 12 2021 10.51 25.58 0.0 2.58
17 12 2021 7.66 22.08 0.0 2.92
18 12 2021 6.37 22.71 0.0 3.27
19 12 2021 5.5 23.1 0.0 3.16
20 12 2021 6.11 24.39 0.0 2.76
21 12 2021 9.69 26.56 0.0 2.76
22 12 2021 11.99 26.26 0.0 2.6
23 12 2021 12.33 26.5 0.0 2.85
24 12 2021 13.77 27.09 0.0 2.51
25 12 2021 11.58 26.69 0.0 2.6
26 12 2021 12.35 26.89 0.0 2.68
27 12 2021 13.01 24.51 0.09 2.43
28 12 2021 14.0 21.15 9.36 1.51
29 12 2021 10.57 22.34 0.01 2.44
30 12 2021 8.13 21.53 0.0 2.71
31 12 2021 7.91 21.58 0.0 2.29
1 1 2022 9.88 23.61 0.0 2.22
2 1 2022 12.3 25.59 0.0 2.36
3 1 2022 13.23 26.62 0.0 2.71
4 1 2022 13.52 27.22 0.0 2.49
5 1 2022 15.37 26.49 0.26 2.03
6 1 2022 15.06 25.01 2.23 1.58
7 1 2022 13.58 25.29 2.6 2.29
8 1 2022 10.38 24.08 0.26 2.44
9 1 2022 6.81 21.63 0.0 2.76
10 1 2022 6.25 21.14 0.0 2.78
11 1 2022 5.83 21.08 0.0 2.66
12 1 2022 5.15 19.88 0.0 2.5
13 1 2022 5.73 21.55 0.0 2.69
14 1 2022 6.48 22.91 0.0 2.82
15 1 2022 6.13 22.83 0.0 2.87
16 1 2022 6.89 24.12 0.0 2.66
17 1 2022 8.12 26.27 0.0 2.63
18 1 2022 9.94 26.69 0.0 3.02
19 1 2022 9.55 27.8 0.0 3.32
20 1 2022 11.15 29.37 0.0 3.65
21 1 2022 11.23 27.35 0.0 3.32
22 1 2022 10.51 24.59 0.76 3.87
23 1 2022 5.51 21.09 0.0 2.83
24 1 2022 5.69 20.83 0.0 2.7
25 1 2022 5.77 21.6 0.0 2.78
26 1 2022 5.48 22.86 0.0 2.99
27 1 2022 5.93 23.24 0.0 3.21
28 1 2022 5.69 25.16 0.0 3.39
29 1 2022 7.12 26.95 0.0 3.23
30 1 2022 10.62 28.58 0.0 3.89
31 1 2022 12.25 29.38 0.0 3.62
1 2 2022 13.94 30.33 0.0 3.8
2 2 2022 12.97 30.44 0.0 4.44
3 2 2022 11.15 27.31 0.0 4.71
4 2 2022 8.34 26.38 0.0 3.8
5 2 2022 10.26 27.39 0.0 3.43
6 2 2022 8.26 29.25 0.0 4.64
7 2 2022 11.1 29.4 0.0 3.82
8 2 2022 13.04 29.14 0.0 4.26
9 2 2022 12.65 28.73 0.0 3.98
10 2 2022 11.84 26.95 0.0 4.32
11 2 2022 10.3 27.75 0.0 4.28
12 2 2022 9.61 28.82 0.0 3.95
13 2 2022 9.9 29.9 0.0 4.31
14 2 2022 10.97 30.68 0.0 4.47
15 2 2022 12.83 30.85 0.0 4.06
16 2 2022 12.9 30.63 0.0 4.14
17 2 2022 12.77 30.92 0.0 4.02
18 2 2022 13.99 31.52 0.0 4.32
19 2 2022 15.62 32.32 0.0 4.72
20 2 2022 12.73 33.08 0.0 6.3
21 2 2022 14.33 34.08 0.0 5.22
22 2 2022 14.4 34.03 0.0 6.8
23 2 2022 15.48 33.48 0.0 6.13
24 2 2022 15.06 33.8 0.0 4.92
25 2 2022 14.81 34.51 0.0 6.05
26 2 2022 16.51 33.72 0.0 6.02
27 2 2022 14.51 33.19 0.0 5.78
28 2 2022 15.19 32.07 0.0 5.81
1 3 2022 15.51 34.5 0.0 4.4
2 3 2022 15.97 34.76 0.0 5.97
3 3 2022 16.37 34.22 0.0 6.38
4 3 2022 15.37 32.96 0.0 6.67
5 3 2022 14.39 34.56 0.0 6.44
6 3 2022 15.64 36.01 0.0 6.65
7 3 2022 19.3 36.29 0.0 5.65
8 3 2022 18.58 35.55 2.15 5.82
9 3 2022 20.44 35.79 1.35 5.76
10 3 2022 18.39 34.9 1.53 4.39
11 3 2022 18.21 35.37 0.0 5.42
12 3 2022 18.37 36.42 0.0 5.0
13 3 2022 20.76 38.52 0.0 4.92
14 3 2022 20.73 39.97 0.0 5.4
15 3 2022 21.23 41.25 0.0 6.69
16 3 2022 21.41 42.05 0.0 8.21
17 3 2022 22.21 42.83 0.0 8.63
18 3 2022 20.98 41.98 0.0 6.63
19 3 2022 21.53 41.16 0.0 8.6
20 3 2022 23.37 39.23 0.0 10.0
21 3 2022 20.27 39.62 0.0 8.87
22 3 2022 21.99 40.19 0.0 7.92
23 3 2022 21.54 39.94 0.0 7.8
24 3 2022 23.51 39.58 0.0 9.16
25 3 2022 21.36 40.63 0.0 8.51
26 3 2022 22.01 41.2 0.0 7.03
27 3 2022 22.59 41.53 0.0 8.07
28 3 2022 22.19 41.69 0.0 8.63
29 3 2022 21.46 41.64 0.0 9.47
30 3 2022 21.14 41.58 0.0 8.57
31 3 2022 20.69 42.08 0.0 8.0
1 4 2022 21.64 42.01 0.0 7.2
2 4 2022 22.06 42.4 0.0 8.61
3 4 2022 21.98 42.26 0.0 7.76
4 4 2022 22.9 42.6 0.0 8.87
5 4 2022 24.25 43.12 0.0 8.9
6 4 2022 25.44 42.94 0.0 9.11
7 4 2022 24.01 43.88 0.0 6.95
8 4 2022 25.5 44.5 0.0 8.74
9 4 2022 25.26 43.52 0.0 9.91
10 4 2022 25.04 43.07 0.0 10.48
11 4 2022 23.12 42.83 0.0 9.52
12 4 2022 24.98 40.97 0.0 9.92
13 4 2022 22.95 41.63 0.0 9.76
14 4 2022 23.6 42.16 0.0 9.91
15 4 2022 23.74 41.4 0.0 10.61
16 4 2022 22.9 41.29 0.0 10.07
17 4 2022 23.91 42.18 0.0 10.49
18 4 2022 24.24 42.66 0.0 10.45
19 4 2022 24.08 42.44 0.0 10.36
20 4 2022 26.24 40.56 0.0 9.49
21 4 2022 27.4 35.65 2.1 7.3
22 4 2022 24.24 41.71 0.0 8.26
23 4 2022 25.47 41.89 0.0 9.4
24 4 2022 25.26 42.46 0.0 10.33
25 4 2022 24.62 42.8 0.0 11.01
26 4 2022 23.66 42.44 0.0 9.18
27 4 2022 25.38 44.23 0.0 9.44
28 4 2022 26.63 44.68 0.0 10.6
29 4 2022 26.75 43.44 0.0 11.77
30 4 2022 27.83 42.71 0.0 10.13
1 5 2022 26.99 43.01 0.0 11.0
2 5 2022 26.9 43.33 0.0 11.68
3 5 2022 26.19 41.47 0.0 10.54
4 5 2022 26.12 41.65 0.0 9.69
5 5 2022 25.39 42.01 0.0 8.89
6 5 2022 27.66 42.91 0.0 8.43
7 5 2022 28.71 43.34 0.0 7.53
8 5 2022 28.92 45.17 0.0 9.77
9 5 2022 29.2 45.6 0.0 10.26
10 5 2022 28.37 46.67 0.0 9.99
11 5 2022 28.51 46.9 0.0 10.3
12 5 2022 28.68 47.14 0.0 11.24
13 5 2022 29.17 46.69 0.0 13.31
14 5 2022 27.32 44.53 0.0 11.96
15 5 2022 27.0 43.69 0.0 11.83
16 5 2022 25.98 41.55 0.0 11.5
17 5 2022 25.39 40.62 0.0 10.23
18 5 2022 26.83 41.69 0.0 9.98
19 5 2022 27.28 44.58 0.0 10.09
20 5 2022 29.22 44.6 0.0 13.04
21 5 2022 25.44 40.12 0.0 12.07
22 5 2022 25.8 40.31 0.07 11.13
23 5 2022 26.72 39.15 0.08 10.56
24 5 2022 26.95 40.35 0.03 9.65
25 5 2022 27.57 41.69 0.11 10.38
26 5 2022 27.31 41.42 0.0 11.1
27 5 2022 27.36 40.0 0.0 11.02
28 5 2022 26.71 40.38 0.0 10.86
29 5 2022 27.3 40.84 0.02 10.61
30 5 2022 28.04 41.8 0.03 10.95
31 5 2022 27.36 42.48 0.0 11.03
1 6 2022 27.26 44.13 0.0 11.45
2 6 2022 27.12 43.73 0.0 11.89
3 6 2022 27.94 42.9 0.0 11.6
4 6 2022 27.44 42.2 0.0 12.1
5 6 2022 27.05 42.57 0.0 11.51
6 6 2022 27.32 42.69 0.0 12.12
7 6 2022 27.25 42.08 0.0 11.58
8 6 2022 29.09 41.37 0.0 11.59
9 6 2022 27.8 40.79 0.0 10.8
10 6 2022 28.15 42.07 0.0 11.03
11 6 2022 28.56 41.6 2.63 10.11
12 6 2022 28.01 37.37 5.63 5.93
13 6 2022 26.49 33.62 4.32 4.53
14 6 2022 25.78 34.07 4.26 6.2
15 6 2022 25.23 37.09 2.23 7.53
16 6 2022 26.04 35.09 12.71 6.65
17 6 2022 25.74 33.04 15.31 5.7
18 6 2022 25.28 31.51 7.36 5.63
19 6 2022 25.25 32.86 39.71 5.23
20 6 2022 25.18 35.09 4.42 6.05
21 6 2022 24.99 34.96 1.38 6.59
22 6 2022 25.32 35.11 1.75 5.54
23 6 2022 27.31 34.26 2.82 4.5
24 6 2022 25.79 38.64 1.12 6.05
25 6 2022 25.41 38.84 0.21 7.18
26 6 2022 26.46 36.39 0.88 6.28
27 6 2022 25.7 34.94 4.89 5.12
28 6 2022 25.9 31.03 18.63 3.99
29 6 2022 25.18 31.37 25.03 3.95
30 6 2022 25.12 32.47 12.86 4.02
1 7 2022 25.26 30.99 8.36 3.46
2 7 2022 25.24 30.69 9.09 3.8
3 7 2022 24.9 31.18 15.93 4.1
4 7 2022 24.7 32.48 7.44 4.52
5 7 2022 25.65 33.4 28.85 4.13
6 7 2022 25.88 32.87 7.51 4.8
7 7 2022 25.41 32.6 31.68 3.28
8 7 2022 25.81 30.56 16.76 3.55
9 7 2022 24.9 30.59 7.37 2.92
10 7 2022 24.6 31.44 8.09 2.54
11 7 2022 24.92 31.04 17.83 3.99
12 7 2022 24.83 30.53 16.12 3.01
13 7 2022 25.45 31.04 18.59 1.88
14 7 2022 24.76 30.98 29.73 3.21
15 7 2022 24.65 30.84 14.0 3.78
16 7 2022 24.88 29.03 35.96 2.98
17 7 2022 24.12 31.2 7.06 4.02
18 7 2022 24.87 30.73 31.2 1.95
19 7 2022 25.18 32.7 20.02 3.31
20 7 2022 24.35 28.56 28.01 2.86
21 7 2022 24.14 28.68 32.38 3.24
22 7 2022 24.13 28.05 15.68 3.26
23 7 2022 23.69 27.62 15.83 2.02
24 7 2022 24.18 29.69 14.04 2.97
25 7 2022 23.56 27.3 30.03 1.54
26 7 2022 23.9 27.71 16.13 2.09
27 7 2022 23.86 29.09 4.79 3.35
28 7 2022 23.92 28.79 4.24 3.62
29 7 2022 22.78 28.58 4.66 3.47
30 7 2022 22.3 28.83 3.61 3.86
31 7 2022 23.73 28.19 3.06 3.69
1 8 2022 23.44 30.02 1.99 3.21
2 8 2022 23.98 31.19 8.05 3.12
3 8 2022 25.12 28.76 67.28 2.11
4 8 2022 24.4 29.74 43.55 3.73
5 8 2022 24.42 29.19 96.92 3.92
6 8 2022 23.78 30.51 1.17 4.08
7 8 2022 24.28 29.61 20.27 2.92
8 8 2022 25.02 30.37 9.06 4.05
9 8 2022 24.98 31.48 3.34 4.3
10 8 2022 24.45 30.96 8.84 3.04
11 8 2022 24.59 28.83 24.99 0.96
12 8 2022 23.87 29.25 14.15 2.4
13 8 2022 23.52 29.44 5.2 2.97
14 8 2022 23.17 28.6 6.36 3.5
15 8 2022 23.48 27.76 14.53 1.99
16 8 2022 24.28 27.42 154.83 1.27
17 8 2022 23.35 28.41 10.61 2.7
18 8 2022 22.98 28.57 4.89 2.98
19 8 2022 23.26 29.73 4.69 2.99
20 8 2022 23.08 25.83 45.29 3.06
21 8 2022 22.75 28.61 1.93 3.52
22 8 2022 23.57 27.67 53.49 1.89
23 8 2022 23.69 26.88 61.62 1.6
24 8 2022 23.25 28.26 3.65 1.8
25 8 2022 22.76 28.34 1.66 3.55
26 8 2022 21.59 28.88 1.1 3.24
27 8 2022 19.64 28.93 0.22 4.01
28 8 2022 20.51 28.76 0.37 3.59
29 8 2022 21.31 28.99 0.44 3.94
30 8 2022 22.17 30.57 0.45 4.22
31 8 2022 22.67 31.55 0.19 4.34
1 9 2022 23.62 31.23 1.8 3.24
2 9 2022 24.3 30.81 3.24 3.08
3 9 2022 24.15 31.86 1.53 4.56
4 9 2022 24.41 30.51 4.01 4.25
5 9 2022 23.82 29.88 3.8 4.19
6 9 2022 22.84 31.04 0.59 4.17
7 9 2022 22.48 31.83 0.32 4.44
8 9 2022 23.78 31.71 0.33 4.45
9 9 2022 24.29 30.13 1.11 3.98
10 9 2022 24.73 30.11 19.6 4.16
11 9 2022 24.66 30.44 5.62 3.55
12 9 2022 24.77 29.04 9.49 3.8
13 9 2022 24.77 30.72 8.29 3.26
14 9 2022 23.75 29.82 11.92 2.5
15 9 2022 23.76 27.37 84.01 1.9
16 9 2022 24.0 29.38 12.13 3.76
17 9 2022 23.22 29.4 1.69 3.74
18 9 2022 21.85 30.48 0.56 4.12
19 9 2022 21.66 31.43 0.95 4.27
20 9 2022 22.63 31.03 1.52 3.87
21 9 2022 22.65 30.1 1.25 3.72
22 9 2022 22.57 28.5 8.06 2.89
23 9 2022 22.58 24.37 43.96 1.81
24 9 2022 21.75 28.21 1.15 3.68
25 9 2022 21.55 27.7 0.29 3.7
26 9 2022 20.39 29.8 0.93 3.62
27 9 2022 22.16 30.69 1.19 3.61
28 9 2022 23.1 31.5 1.56 3.66
29 9 2022 23.06 31.62 0.48 3.84
30 9 2022 21.83 31.8 0.49 4.14
1 10 2022 21.37 31.2 0.18 3.88
2 10 2022 20.52 30.1 0.16 4.02
3 10 2022 19.9 30.54 0.07 4.07
4 10 2022 21.08 30.44 1.48 3.95
5 10 2022 21.47 29.12 3.66 3.59
6 10 2022 22.49 28.53 30.39 3.13
7 10 2022 22.51 27.28 103.94 2.17
8 10 2022 22.49 28.73 25.94 1.93
9 10 2022 22.94 28.83 18.91 2.6
10 10 2022 22.14 29.98 1.02 3.46
11 10 2022 21.39 30.69 0.15 3.93
12 10 2022 19.0 29.37 0.0 4.06
13 10 2022 16.9 29.54 0.0 3.87
14 10 2022 17.18 28.92 0.0 3.8
15 10 2022 17.58 29.63 0.0 3.82
16 10 2022 15.76 28.77 0.0 3.78
17 10 2022 15.54 28.07 0.0 3.62
18 10 2022 17.03 28.73 0.0 3.73
19 10 2022 16.08 28.31 0.0 3.62
20 10 2022 15.21 28.65 0.0 3.54
21 10 2022 16.48 29.1 0.0 3.7
22 10 2022 15.04 29.7 0.0 
23 10 2022 17.74 28.5 0.0 3.55
24 10 2022 14.56 29.1 0.0 3.75
25 10 2022 15.4 29.05 0.0 3.69
26 10 2022 17.34 28.68 0.0 3.41
27 10 2022 16.51 28.89 0.0 3.38
28 10 2022 18.04 29.5 0.0 3.22
29 10 2022 17.82 29.69 0.0 3.24
30 10 2022 15.86 28.9 0.0 3.37
31 10 2022 15.9 29.02 0.0 3.44
1 11 2022 15.09 28.48 0.0 3.12
2 11 2022 16.06 29.38 0.0 3.24
3 11 2022 15.69 30.16 0.0 3.32
4 11 2022 18.04 31.02 0.0 3.25
5 11 2022 18.76 30.73 0.0 3.4
6 11 2022 18.28 31.0 0.0 3.29
7 11 2022 20.15 29.05 0.0 3.0
8 11 2022 20.68 29.73 0.01 3.18
9 11 2022 17.89 28.81 0.0 3.05
10 11 2022 16.61 28.51 0.0 3.0
11 11 2022 15.5 28.12 0.0 3.04
12 11 2022 14.4 27.32 0.0 2.95
13 11 2022 13.82 26.49 0.0 2.79
14 11 2022 13.1 26.68 0.0 2.75
15 11 2022 14.44 27.0 0.0 2.72
16 11 2022 14.95 27.97 0.0 2.96
17 11 2022 12.37 27.15 0.0 3.15
18 11 2022 -999.0 -999.0 0.0 
19 11 2022 -999.0 -999.0 0.0 
20 11 2022 -999.0 -999.0 0.0 
21 11 2022 10.62 26.31 0.0 2.79
22 11 2022 11.59 26.74 0.0 2.8
23 11 2022 12.51 26.96 0.0 2.77
24 11 2022 10.96 26.97 0.0 2.88
25 11 2022 9.84 26.53 0.0 3.01
26 11 2022 10.48 27.08 0.0 2.92
27 11 2022 11.82 26.94 0.0 2.63
28 11 2022 11.29 27.17 0.0 2.71
29 11 2022 11.32 27.07 0.0 2.9
30 11 2022 11.48 26.39 0.0 2.92
1 12 2022 10.9 26.32 0.0 2.83
2 12 2022 10.89 26.14 0.0 2.61
3 12 2022 12.09 26.29 0.0 2.49
4 12 2022 11.87 26.89 0.0 2.46
5 12 2022 13.34 27.38 0.0 2.48
6 12 2022 13.7 27.4 0.03 2.48
7 12 2022 12.26 26.61 0.0 2.92
8 12 2022 9.54 27.24 0.0 3.03
9 12 2022 9.55 27.19 0.0 3.11
10 12 2022 9.54 27.28 0.0 3.16
11 12 2022 10.78 28.51 0.0 3.13
12 12 2022 13.3 29.63 0.0 3.16
13 12 2022 16.35 26.63 0.14 3.12
14 12 2022 15.98 23.15 21.1 2.36
15 12 2022 14.46 27.2 0.37 2.53
16 12 2022 14.51 28.8 0.0 2.57
17 12 2022 13.45 29.05 0.0 2.67
18 12 2022 12.76 28.73 0.0 2.95
19 12 2022 13.91 28.08 0.0 2.66
20 12 2022 13.98 28.14 0.0 2.48
21 12 2022 14.76 28.5 0.0 2.71
22 12 2022 12.45 28.37 0.0 3.16
23 12 2022 11.62 27.03 0.0 3.17
24 12 2022 7.78 24.06 0.0 3.09
25 12 2022 7.4 23.61 0.0 3.24
26 12 2022 9.01 25.94 0.0 3.38
27 12 2022 9.11 25.39 0.0 3.16
28 12 2022 8.26 26.77 0.0 3.06
29 12 2022 9.38 27.3 0.0 2.81
30 12 2022 14.15 28.01 0.0 2.97
31 12 2022 9.98 24.28 0.0 3.14
